lni_name,lni_current_status,lni_process,lni_priority,lni_region,lni_sales,lni_location,lni_description,lni_job_notes,lni_ready_for_install,lni_order_date,lni_mfg_target_modified,lni_scheduled_install,lni_date_installed,lni_date_to_admin,lni_vendor,lni_po_number,lni_vendor_status,lni_mfg_region,lni_install_region,lni_value,lni_ul_sign,lni_graphics,lni_routing_type,lni_metal,lni_assembly,lni_plex_application,lni_vinyl_prod
J26606 / EQUITY BANK,Complete to Admin,Completed,,WK,DW,"Pea Ridge, AR","Fabricate and install 1 set of 3/8"" acrylic thick flat cut out letter flush mounted to interior sheetrock wall. SHIP TO: Sign Designs - Chris Meeks 1720 W. 7TH ST. JOPLIN MO 64801 417-624-8688  chris@sign-designs.com",Shipped to install subcontractor,Survey needed,2024-12-31,2025-02-18,,,2025-04-24,"GEMINI,GREGORY",16939 / 16930,RECEIVED,WK,Sub-Installer,2807.06,No,"Outsourced,Hutch",,,,X,X
J29422 / Salon Aspire,Complete to Admin,Completed,,WK,DW,Wichita,"We did not produce these tenant panels. Appears to be made out of ACM. Survey both tenant panels. Please get VO, cut size, retainer size, and info needed to replace graphics. Is acrylic glued to back or stud mounted? Will we need all new panels and acrylic or can panels be reused? Are panels aluminum or prepainted ACM?",gave survey info to Adam/scan to Ray for survey info.,Survey needed,2025-02-12,2025-04-02,,2025-06-04,2025-09-25,,,,WK,WK,,No,,,,,,
J26556 / EQUITY BANK,Complete to Admin,Completed,,WK,DW,"Pea Ridge, AR",Fabricate and install 1 banner grip system and 1 digitally printed banner to brick wall.  SHIP TO: SIGN DESIGNS Attn Chris Meeks V19160 1720 W. 7TH ST. JOPLIN MO 64801 417-624-8688  chris@sign-designs.com,banner frame here 3/4/25,Survey needed,2025-02-25,2025-04-15,,,2025-04-24,"Alpina Mfg.,INDEPENDENT'S",17263  17264,RECEIVED,WK,Sub-Installer,2834.53,No,,,,,,
J30070 / Idaho First Bank,Complete to Admin,Completed,,WK,DW,"Boise, ID",Survey Site,,Survey needed,2025-03-13,2025-05-01,,2026-01-29,2026-01-30,,,,Sub,Sub-Installer,,No,,,,,,
J30595 / BUSEY BANK (CROSSFIRST BANK),Complete to Admin,Completed,,WK,CC,"Tulsa, OK",Additonal labor rate to install Tulsa Busey Signage Additional labor costs to perform installs over the weekend at the Tulsa branch.,Cancel per CC,Survey needed,2025-04-28,2025-06-16,,,,,,,WK,WK,9938.63,No,,,,,,
J30594 / BUSEY BANK (CROSSFIRST BANK),Complete to Admin,Completed,,WK,CC,OKC,Overtime rates to install OK city Busey signage Additional labor costs to perform installs over the weekend at the Oklahoma City branch.,Cancel per CC,Survey needed,2025-04-28,2025-06-16,,,,,,,WK,WK,5682.75,No,,,,,,
J30593 / BUSEY BANK (CROSSFIRST BANK),Complete to Admin,Completed,,WK,CC,Wichita,"Adjust labor on jobs to weekend rates Additional labor costs for installing new signage over the weekend at the Wichita, KS branch.",Cancel per CC,Survey needed,2025-04-28,2025-06-16,,,,,,,WK,WK,4026,No,,,,,,
J29256 / MCP GROUP - Salina Fire Station #4,Complete to Admin,In Process,,WK,"TN,DP",Salina,"Salina Fire Station #4 - Dimensional Letters SCOPE OF WORK: Produce and Install New Halo/Reverse Lighted Channel letters - Qty: 1 Set – “4” - Sign Type: Halo/Reverse Lighted Channel letters - Size: 7’-0” x 4’-10 5/16”  - Mounting Type: 1-1/2” Stand Offs  ROUTING - Backer Material: .177” Clear Plex - Face Material: .125” Mil Aluminum 5052  FABRICATION - Return Size: 3” - Return Material: .080 Aluminum PAINT - Return Color: Satin Aluminum VINYL & GRAPHICS - Artwork: If needed (Most are only painted) - Vinyl Color:  - Paper Install Pattern ASSEMBLY - Lighting: 24V White LED  SCOPE OF WORK: Produce and Install New I/I Channel letters w/ trim cap faces - Qty: 2 Set – “Fire Station 4”              2 Set – “Salina Fire Station No. 4”              2 Set – “2600” - Sign Type: Standard front lighted channel letters - Size: Fire Station 4 – 1’-0” tall; Salina Fire Station No. 4 – 2’-6” tall; 2600 – 8” tall - Mounting Type: 1 ½” Stand Offs   ROUTING - Backer Material: 3mm ACM (Outsource Standard) or .090 Mil Aluminum (Lumineo Built Standard) - Face Material: .177 White Plex  FABRICATION - Return Size: 1 ½” (Standard) - Return Material: .040 Aluminum (Outsource Standard) or .090-.080 Aluminum (Lumineo Built Standard)  PAINT - Return Color: Satin Aluminum  VINYL & GRAPHICS - Artwork: NA - Vinyl Color: NA - Paper Install Pattern  ASSEMBLY - Lighting: 24V White LED - Trim Cap Size: NA - Trim Cap Color: NA  2' 4"" Back-lit Prefinished Aluminum Signage - ""4""",End of March Install,Survey needed,2025-08-25,2026-04-10,,2026-06-05,2026-06-08,GEMINI,18477 / 18481,RECEIVED,WK,WK,29168.55,No,,Routing Complete,X,X,,X
J30590 / EQUITY BANK,Complete to Admin,Completed,,WK,DW,Neodesha,"Neodesha Banner Grip Fabricate and install (1 )3'6""x10' banner grip frame and digitally printed vinyl banner.",,Survey needed,2025-05-20,2025-07-08,,2025-06-12,2025-06-24,INDEPENDENT'S,17857,RECEIVED,WK,WK,2797.03,No,,,,,,
J32549 / Idaho First Bank,Complete to Admin,Completed,,WK,DW,"Nampa, ID","Nampa Survey Survey site for new signage.  Lytle Signs Inc - See Notes for scope 2070 E Commercial St, Meridian, ID 83642 Tom Mikesell - tom.mikesell@lytlesigns.com - 1-208-733-1739 - http://lytlesigns.com/  Location: IDAHO FIRST BANK 343 Caldwell Blvd, Nampa, ID 83651 (208) 854-8180",,Survey needed,2025-07-25,2025-09-12,,2026-01-29,2026-01-30,,,,Sub,Sub-Installer,,No,,,,,,
J32271 / EQUITY BANK,Complete to Admin,Completed,,WK,DW,Great Bend,Great Bend Inwall Surround Fabricate and install 1 painted aluminum pan sign surround to existing inwall ITM unit.,,Survey needed,2025-09-26,2026-04-10,,2026-04-14,2026-04-16,,,,WK,WK,2752.46,No,"Hutch,Outsourced",Routing Complete,X,,X,X
J33515 / MERITRUST CREDIT UNION,Complete to Admin,Completed,RED DATE,WK,CC,Wichita,"Populate the ""eritrust"" letters on the west and south elevations of Meritrust corporate building Furnish labor and materials to add additional LEDs to the ""eritrust"" channel letters for the south and west elevation of the corporate building while staging is set up. New LEDs to be grouped to a new secondary whip into the building for future use when/if required.",April 15,Survey needed,2025-09-29,2025-11-17,,2026-04-24,2026-04-28,,,,WK,WK,7662.87,No,,,,,,
J33783 / SOUTHWEST LIVESTOCK AUCTION LLC,Complete to Admin,Completed,,WK,NH,Dodge City,"interior ACM panels INTERIOR SIGN PANELS: Furnish and install (5) aluminum composite sign panels of various sizes (pre-painted black, applied white/red/orange vinyl graphics). Remove and dispose of the existing sign panels. Mount the new panels as shown. **Two main signs include decorative stainless steel caps/2"" spacers, one secondary sign includes 2"" spacers with standard painted black fasteners, and the other two mount flush, with standard painted black fasteners. *CUSTOMER TO PAINT THE WALLS PRIOR TO OUR INSTALLATIONS.",,Survey needed,2025-10-20,2025-11-04,,2026-05-18,2026-05-26,MBS Stand-offs,cc,SHIPPING,WK,WK,2670.58,No,Hutch,,,,X,X
J34723 / HUTCHINSON REGIONAL MED.CENTER,Complete to Admin,Service Complete,,WK,AS,Hutchinson,"T/M: H not lighting well T/M: Customer reports H is still having issues, please diagnose and fix so it matches the remaining of the letters.",Close out order,Survey needed,2025-11-13,2026-01-01,,,2026-05-27,,,,WK,WK,,No,,,,,,
J34145 / MERITRUST CREDIT UNION,Complete to Admin,Complete Need Paperwork,,WK,CC,"Longmont, CO",Remove wall signs for Longmont Main St Branch Remove and dispose of the wall sign over entrance and the one on the south elevation. Seal holes and cap electrical service. The ATM cabinet over the entrance will remain in place.,Order in Adam's office,Survey needed,2025-12-03,2026-01-21,,,2026-06-04,,,,Sub,Sub-Installer,1899.72,No,,,,,,
J35200 / EQUITY BANK,Complete to Admin,Completed,,WK,DW,Pittsburg,Pittsburg Sign Overlay No Charge Fabricate and install (1) 39 1/8” x 39 1/8” aluminum overlay painted black and installed on existing pan sign face currently in Hutchinson shop. Reinstall face at Equity Pittsburg location.,,Survey needed,2025-12-18,2026-02-05,,2026-03-18,2026-03-23,GREGORY,19259,RECEIVED,WK,WK,,No,Hutch,,X,,X,
J34835 / Iron Insurance Partners,Complete to Admin,Completed,,WK,DP,Scott City,"Furnish and install (1) 3' x 2'  x 2"" non illuminated pan sign. Sign to have white face and returns  Furnish and install (1) 3' x 2'  x 2"" non illuminated pan sign. Sign to have white face and returns with applied customer graphic. Sign will install area to the left of the door at front entrance.  Furnish and install (1) set of white window vinyl of customer logo, address and hours.",,Survey needed,2025-12-19,2026-02-06,,2026-03-12,2026-03-23,GREGORY,19266,RECEIVED,WK,WK,2103.45,No,"Hutch,Outsourced",,X,,X,X
J34897 / Iron Insurance Partners,Complete to Admin,Completed,,WK,DP,Scott City,N/I pan wall sign - Side elevation Furnish and install (1) 4' x 10' non-illuminated aluminum pan wall sign. Sign to be painted white with applied graphics. Sign will install area in upper NE corner/side elevation.,,Survey needed,2025-12-19,2026-02-06,,2026-03-12,2026-04-24,GREGORY,19266,RECEIVED,WK,WK,3044.54,No,Hutch,,X,,X,X
J28373 / AMERICAN AG CREDIT,Complete to Admin,Completed,,WK,DP,Wichita,"Refurb mini directional_East entrance Remove mini pylon directional sign from East entrance landscaping near front door.  Bring to shop.  Sand, prime and repaint to new brand standards (PMS 370 Green, PMS Cool Gray 11, white).  Apply corporate logo and directional information as vinyl graphic .  Re-install in same location.  Any needed sign permit cost to be added onto final invoice.",,Survey needed,2026-01-19,2026-04-03,,2026-04-10,2026-04-16,GREGORY,19424,RECEIVED,WK,WK,2402.11,No,"Hutch,Outsourced",,,X,X,X
J35246 / Hutton Salina - ONEOK,Complete to Admin,Completed,,WK,DP,Bushton,"ONEOK, INC. - BUSHTON NEW OFFICE FACILITY - HUTTON CONSTRUCTION - ADDITIONAL SIGN EXTERIOR: (INTERNALLY ILLUMINATED WITH PERFORATED DIGITAL PRINT) - 4'-10 5/8"" X 4'-11.25"" BRAND DIAMOND - 2'-8"" X 10'-3 1/4"" ""ONEOK""  - MATCH BRAND STANDARDS ON COLORS - RETURNS AND TRIM CAP TO BE WHITE Installs on Side Elevation",replacement faces ordered from SH,Survey needed,2026-01-26,2026-03-16,,2026-05-19,2026-06-04,SIGN HOUSE,19468 / 20058,ORDERED,WK,WK,6636.4,No,,,,,,
J34285 / Hutton Salina - ONEOK,Complete to Admin,Completed,,WK,DP,Bushton,"ONEOK, INC. - BUSHTON NEW OFFICE FACILITY - HUTTON CONSTRUCTION EXTERIOR: (INTERNALLY ILLUMINATED WITH PERFORATED DIGITAL PRINT) - 6'-0"" X 6'-0"" BRAND DIAMOND - 4'-0"" X 12'-6"" ""ONEOK""  - MATCH BRAND STANDARDS ON COLORS - RETURNS AND TRIM CAP TO BE WHITE *Will mount on Front Elevation",,Survey needed,2026-01-26,2026-03-16,,2026-04-20,2026-06-04,SIGN HOUSE,19467,RECEIVED,WK,WK,8474.9,No,,,,,,
J36085 / FIDELITY BANK,Complete to Admin,Service Complete,,WK,CC,Tulsa,"Service the letter N in Bank on north elevation of Utica building Repair the lighting in the letter ""N"" in Bank on the north elevation of building. Send photos of letter all lighting properly to Chuck Carson at ccarson@lumineosigns.com",,Survey needed,2026-02-12,2026-04-02,,,,,19562,,Sub,Sub-Installer,,No,,,,,,
J32411 / Community National Bank and Trust,Complete to Admin,Completed,,WK,CC,Hutchinson,"Furnish and install two directional signs for Hutchinson branch Furnish and install two, single faced, non-illuminated post and panel type directional signs. Chuck to flag locations for One Call and placement",,Survey needed,2026-02-24,2026-04-09,,2026-05-14,2026-05-18,,,,WK,WK,6345.58,No,Hutch,,X,,X,X
J36250 / MILLER'S OF CLAFLIN,Complete to Admin,Completed,,WK,DD,Great Bend,Vinyl Wrap per contract We own customer a vinyl wrap per their contract. Furnish & Install new vinyl wrap. Install on the right side board.,,Survey needed,2026-03-02,2026-04-20,,2026-03-27,2026-04-07,INDEPENDENT'S,19684,RECEIVED,WK,WK,,No,,,,,,
J34933 / CENTRAL NATIONAL BANK,Complete to Admin,Completed,,WK,VB,Manhattan,"Central National Bank Manhattan refurbish pole sign including message center option 4 At Central National Bank's 1403 College Ave branch in Manhattan, option 4: 1) check in/out with branch manager Doug Haverkamp 2) survey signs, including the main pylon sign 3) coordinate schedules with the bank, the assistance of a shielded bucket truck and Luminous Neon’s Hutchinson shop 4) remove the logo cabinets to refurbish the logo cabinet and replace the time & temperature with it being gone approximately three weeks 5) provide and install two 3’ x 8’ digitally printed banners with Central National Bank’s logo to be there while the cabinets are gone, take temporary completion photos 6) remove neon and fluorescent components 7) repaint the logo cabinet PMS 288 blue, paint reveals to match limestone 8) remove peeling white vinyl on push-thru letters and overlay new white translucent vinyl 9) provide and install new blue Flexi-Brite LED strips and power supplies for former neon accents 10) remove & scrap existing time & temperature unit 11) provide and install a new 2’5” x 7’3” 8mm full-color Watchfire message center to replace the existing time & temperature, including broadband wireless communications with filler panels painted to match the limestone 12) for the inset ATM cabinets, replace both faces to read ATM • ITM with reverse 3630-157 Sultan blue vinyl, paint retainers/cabinets PMS 288 blue 13) provide and install new white LED Kwik Stiks/LED pods and power supplies in the logo cabinet and ATM cabinets 14) reinstall cabinets and remove banners 15) take completion photos Drawing VB-J34933 NOTES:  If needed, primary power by others.  Logo cabinet & ATM • ITM cabinets require a separate circuit(s); message center requires 120 volt, 30 amp, single phase service, 15 amps per face, with circuits to be hot 24 hours a day.",,Survey needed,2026-03-05,2026-05-15,,2026-05-18,2026-05-22,,,,WK,NEK,75805,No,Hutch,,X,X,X,X
J36314 / KS STATEBANK,Complete to Admin,Completed,RED DATE,WK,DW,Manhattan,Poynts Trim Cap Face Replacement  Remove and discard faces from existing channel letter set. Fabricate and install new trim cap faces with perforated vinyl graphics. Survey required.,Check LEDs,Survey needed,2026-03-11,2026-05-28,,2026-05-29,2026-06-04,,,,WK,WK,3677.03,No,Outsourced,,,/,/,
J36416 / HUTCHINSON REGIONAL MED.CENTER,Complete to Admin,Completed,,WK,AS,Arlington,"FCO letters on rails Furnish and install (1) set of non-illuminated FCOs on a rail system, FCOs on rails to consist of  letters ""Reno County EMS” at the top and HRMC logo element with EMS logo in the middle, FCOs to be 1/2” thick and painted white Install centered in space between door and window.  Bottom of logo to be 7' AGL (height of  the top of the door).","need to paint rails to match blue, AS has color details",Survey needed,2026-03-12,2026-05-30,,2026-06-01,2026-06-04,GEMINI,19802,RECEIVED,WK,WK,5664.09,No,,,,X,,
J25219 / CENTRAL NATIONAL BANK,Complete to Admin,Completed,,WK,VB,Manhattan,"Central National Bank Manhattan (College) replace ATM letters with lighted cabinet At Central National Bank's College Ave branch in Manhattan: 1) remove & scrap existing ATM letters  2) provide and install a new 18"" x 6' single-sided ATM • ITM cabinet, with white LED illumination, painted PMS 288 blue with reverse 3630-157 Sultan blue vinyl graphics 3) take completion photos Drawing VB-J25219",,Survey needed,2026-03-19,2026-05-07,,2026-05-18,2026-05-22,,,,WK,NEK,3800,No,Lawrence,,X,X,,
J35594 / Cooper Tire,Complete to Admin,Completed,,WK,AS,Hutchinson,NC - Asphalt repair after install NC - Asphalt repair area around base pole after recent install Schedule when weather is appropriate.,,Survey needed,2026-03-19,2026-05-07,,2026-06-03,2026-06-04,,,,WK,WK,,No,,,,,,
J34578 / CRE Development Strategies - Jimmy's Egg,Complete to Admin,In Process,,WK,CC,Wichita,"Replace Eggman Trim Capped Face Central and Tyler Furnish, labor, materials and equipment to install a new trim capped, acrylic face for the Eggman logo. New face covered with a digitally printed vinyl graphic. Face to be secured with new black trim cap.  Please schedule survey as soon as possible so we can determine exact size of trim cap face. Once size is determined, we can get a properly scaled logo sketch created.",Pattern for replacement,Survey needed,2026-03-24,2026-06-04,,2026-06-05,2026-06-08,GREGORY,20017,RECEIVED,WK,WK,1267.4,No,Outsourced,,,X,X,
J35663 / Leiker Smiles Dental,Complete to Admin,Completed,RED DATE,WK,DP,Hays,"SF II Flex Face Cabinet Furnish and install (1) single face internally illuminated full bleed flex face cabinet. Cabinet have rounded contour shaped corners. Cabinet to be painted black. Flex face to have customer logo. Pantone Green 5535, and Pantone Pink 702.",,Survey needed,2026-03-24,2026-05-26,,2026-05-27,2026-06-01,excellart,19935,RECEIVED,WK,WK,10639.27,No,Outsourced,,X,X,,
J35225 / Leiker Smiles Dental,Complete to Admin,Completed,RED DATE,WK,DP,Hays,"New Plex Replacement Faces & Refurb Remove existing sign, move to Lumineo Plant. Sand and repaint all finishes with Pantone Green 5535. Furnish and install LED lighting in cabinet. Furnish and install 3'h x 9'w (2) white plex faces with digitally printed applied vinyl graphics. Copy to be ""Leiker SMILES"". Pantone Green 5535, and Pantone Pink 702. Reinstall at same location.  ** Not included in proposal is primary electrical service to display and final electrical connection.  ** No permit required (Face change)",,Survey needed,2026-03-24,2026-05-26,,2026-05-29,2026-06-01,MIRATEC,20003,RECEIVED,WK,WK,5973.39,No,Outsourced,,,X,X,X
J34579 / CRE Development Strategies - Jimmy's Egg,Complete to Admin,In Process,,WK,CC,Wichita,"Replace the eggman logo at the N Webb location Furnish, labor, materials and equipment to install a new trim capped, acrylic face for the Eggman logo at the N Webb location. New face covered with a digitally printed vinyl graphic. Face to be secured with new black trim cap. Please schedule survey as soon as possible so we can determine exact size of trim cap face. Once size is determined, we can get a properly scaled logo sketch created.",Pattern for replacement,Survey needed,2026-03-24,2026-06-04,,2026-06-05,2026-06-08,GREGORY,20017,RECEIVED,WK,WK,1767.06,No,Outsourced,,,X,X,
J36617 / Leiker Smiles Dental,Complete to Admin,Completed,RED DATE,WK,DP,Hays,"New Monument Sign Rev. 1 Remove and dispose of current poles. Furnish and install (1) new 8'h x 6'w x 2'd double face internally illuminated monument sign. ID header will be (2) irregular shaped cabinets mounted back-to-back. ID Cabinet to have full bleed white flex faces, cabinet painted white. 3"" reveal to be painted metallic silver. Pole cover to be painted green with white cut vinyl with ""COMPREHENSIVE DENTISTRY"" copy. Colors to be white, metallic silver, Pantone Green 5535, and Pantone Pink 702.  ** Not included in proposal is primary electrical service to display and final electrical connection. Cost of permits to be added to final invoice.",,Survey needed,2026-03-24,2026-05-26,,2026-05-27,2026-06-01,excellart,19896,RECEIVED,WK,WK,20922.22,No,Hutch,Routing Complete,X,X,X,X
J36426 / Junction City High School,Complete to Admin,Complete Need Paperwork,,NEK,DP,Junction City,"Install Panels and FCO Letters on Monument Sign Remove (2) damaged fiberglass panels and ""HOOL"" FCO letters on monument entrance sign. Dispose of damaged panels. Install (2) new fiberglass panels (provided by customer) and ""HOOL"" FCO letters at same location.   Will need to use removed panels to pattern for drill holes in replacement panels.",pattern ready to run,Survey needed,2026-03-24,2026-05-12,,2026-05-07,2026-06-02,,,,WK,WK,1907.5,No,,,,,,
J36428 / Maize USD 266,Complete to Admin,In Process,,WK,TC,Maize,"New Wall ADAs - Maize USD 266 Furnish and install two (2) 8"" (H) x 8"" (W) replacement ADA wall signs, reading ""OFFICIALS LOCKER ROOM"". Sign to feature 1/32"" raised white copy, in 3/4"" (H) Century Gothic font. Reference design TC-J36428.",,Survey needed,2026-03-25,2026-05-13,,2026-05-27,2026-06-08,bg automation,19854,RECEIVED,WK,WK,747.32,No,,,,,,
J36429 / Maize USD 266,Complete to Admin,In Process,,WK,TC,Maize,"New Flag Signs - Maize USD 266 Furnish and install two (2) 10"" (H) x 12"" (W) replacement flag sign inserts, reading ""OFFICIALS LOCKER ROOM"". Sign to feature 1/32"" raised white copy, in 1-1/2"" (H) Century Gothic font. Install replacements into existing brackets. Reference design TC-J36429.",,Survey needed,2026-03-26,2026-05-14,,2026-05-27,2026-06-08,bg automation,19853,RECEIVED,WK,WK,864.42,No,,,,,,
J33732 / Wichita Childrens Home,Complete to Admin,In Process,,WK,CC,Wichita,"Replace a variety of interior room signs Furnish and install replacement room signs in Sarah Robinson Hall. Reference design CC-J33732. If approved, please provide information on where the ICON plaque will need to be installed. Pricing breaks out as follows:  1 Icon sign $173.38 1 Gymnasium sign $120.77 Signs inside Sarah Robinson Hall (rest of signs) $1303.42 Chuck to install when all signs are ready to go.",Chuck to install,Survey needed,2026-04-01,2026-05-20,,2026-06-04,2026-06-08,bg automation,19911,RECEIVED,WK,WK,1597.57,No,,,,,,
J36776 / HUTCHINSON REGIONAL MED.CENTER,Complete to Admin,Completed,,WK,AS,Hutchinson,"New window front perf graphics Remove recently installed vinyl swooshes and top of door part, leave other graphics there.  Furnish and install digitally printed perforated window and door graphics on front entrance and windows of swishes and top of doors.",,Survey needed,2026-04-02,2026-05-22,,2026-05-22,2026-05-28,GREGORY,19952,RECEIVED,WK,WK,1203.24,No,Outsourced,,,,,X
J36876 / CENTRAL NATIONAL BANK,Complete to Admin,Completed,,WK,VB,Halstead,"Central National Bank Halstead refurbish two directional signs At Central National Bank, Halstead, two directional signs are faded with peeling vinyl: 1) check in/out with manager on duty 2) repaint posts and frames PMS 288 blue 3) for larger directional sign, provide and install two overlay 36-1/16” x 40-1/8” aluminum panels painted PMS 288 blue with reflective white vinyl graphics for DRIVE-THRU and 24 HOUR ATM (with arrows) 4) for smaller directional sign, provide and install two overlay 24-1/16” x 40-1/8” aluminum panels with reflective white vinyl graphics for EXIT ONLY 5) take completion photos Drawing VB-J36876",,Survey needed,2026-04-03,2026-05-22,,2026-06-03,2026-06-04,,,,WK,WK,3110,No,Hutch,,,,X,X
J36228 / First Security Bank,Complete to Admin,Completed,,WK,DW,Conway Springs,Conway Springs Building Sign Option 1 Remove and discard routed sign cabinet. Fabricate and install 1 set of LED illuminated raceway mounted channel letters and logo cabinet. COLOR OF RACEWAYS TBD. SURVEY NEEDED FOR COLOR.,,Survey needed,2026-04-06,2026-05-25,,2026-05-29,2026-06-01,AI Innovations,20001,RECEIVED,WK,WK,8965.4,No,,,,,,
J36734 / First Security Bank,Complete to Admin,Completed,,WK,DW,Wichita,"Wichita Pylon Option 3 Remove and discard existing double face sign cabinet. Fabricate and install new double face LED illuminated sign cabinet with cap, reveal, and digitally printed flexible faces.  Cap and reveal to be painted to match existing pole cover.",,Survey needed,2026-04-07,2026-05-27,,2026-05-29,2026-06-01,MIRATEC,20157,RECEIVED,WK,WK,32989.5,No,,,X,X,,
J36702 / CENTRAL NATIONAL BANK,Complete to Admin,Completed,,WK,VB,Great Bend,"Central National Bank Great Bend new location entrance & drive-thru graphics At Central National Bank’s new location in Great Bend: 1) if still there, remove the previous business’ hours graphics on entrance and drive-thru window 2) provide and install new white vinyl graphics for the Central National Bank logo and hours on the entrance door glass 3) provide and install new hours vinyl graphics on left drive-thru window 4) take completion photos Drawing VB-J36702",,Survey needed,2026-04-13,2026-05-29,,2026-05-30,2026-06-04,,,,WK,WK,425,No,Hutch,,,,,X
J36703 / CENTRAL NATIONAL BANK,Complete to Admin,Completed,,WK,VB,Great Bend,Central National Bank Great Bend new location update small entrance hours pan sign At Central National Bank’s new location in Great Bend: 1) remove the existing pan sign with vinyl hours 2) repaint pan sign PMS 288 blue  3) provide and install new white vinyl graphics for hours  4) reinstall pan sign  5) take completion photos Drawing VB-J36703,,Survey needed,2026-04-13,2026-06-01,,2026-05-30,2026-06-04,,,,WK,WK,969,No,Hutch,,X,,X,X
J36853 / Penguin Group LLC dba Super Subs,Complete to Admin,Completed,,WK,DP,South Hutchinson,"Plex Face with Digitally Printed Graphics Furnish (1) 3'h x 10'w plex face for landlord provided cabinet with applied digitally printed applied vinyl graphics. Face to be installed in cabinet at Lumineo Plant before installation of cabinet at location. This face installs in cabinet that landlord (Vee, LLC) produced on J36975.",,Survey needed,2026-04-13,2026-06-01,,2026-05-08,2026-06-04,MIRATEC,20020,RECEIVED,WK,WK,1402.31,No,Outsourced,,,,X,
J31228 / Iron Insurance Partners,Complete to Admin,Completed,RED DATE,WK,DP,South Hutchinson,"Aluminum Pan Sign with applied graphic Remove and dispose of current letters on building. Furnish and install 3' X 20' aluminum pan sign with applied graphic. Pan sign and returns to be painted white. Fonts: Brand logo, Montserrat Regular, Montserrat Bold Charcoal: Pantone 6 (RGB 55/60/63), Solid Gold: Pantone 126 (145/128/98).  City permits to be billed at cost on final invoice. Pricing Contingent upon access/survey etc.",,Survey needed,2026-04-14,2026-05-29,,2026-06-01,2026-06-04,GREGORY,20028,RECEIVED,WK,WK,4616.1,No,Outsourced,,X,,X,
J31226 / Iron Insurance Partners,Complete to Admin,In Process,,WK,DP,South Hutchinson,Updated Plex Faces on Monument Sign Survey needed. Furnish and install (2) new white plex faces with applied graphic of new logo and copy.   City permits to be billed at cost on final invoice. Pricing Contingent upon access/survey etc.,survey/pattern face requested / partial survey done 5/18,Survey needed,2026-04-14,2026-06-04,,2026-06-05,2026-06-08,GREGORY,20252,ORDERED,WK,WK,3102.32,No,Outsourced,,,,X,
J36975 / VEE LLC - Hart Shopping Center,Complete to Admin,Completed,,WK,DP,South Hutchinson,"New SF/II Economy Cabinet Furnish and install (1) 36"" x 10' economy-style LED internally illuminated wall sign cabinet on fascia of Hart Shopping Center (511 address - centered above door/windows on upper fascia). Cabinet and retainers painted black. The new tenant is having their face produced on another job order. Customer is responsible for needed electrical service to sign.  Sign permit costs to be added onto final invoice. *Will need to block off parking spaces/go early",,Survey needed,2026-04-14,2026-06-02,,2026-06-03,2026-06-04,,,,WK,WK,3298.34,No,,,X,X,,
J36842 / First Dental,Complete to Admin,Completed,,WK,NH,Dodge City,"re-face existing D/F I/I cabinet SIGN RE-FACE (NEW LOGO): Furnish and install (2) flat polycarbonate faces with translucent digitally-printed vinyl graphics/UV laminate, to fit the exiting 6'h x 8'w double-face, internally-illuminated ID cabinet. Remove and dispose of the existing faces. Slide the new ones into place. *IF ANY LIGHTING SERVICE IS NEEDED, LUMINEO CAN PROVIDE ON AN ADDITIONAL ""TIME & MATERIALS"" BASIS. *Survey Details; Trim size = 71 5/16"" x 95 11/16"" x 3/16"", with a 3/4""x3/4"" hang bar on the back side (2nd-surface, top edge). 2"" retainers.",,Survey needed,2026-04-16,2026-06-04,,2026-05-26,2026-05-27,MIRATEC,20032,RECEIVED,WK,WK,3858.98,No,Outsourced,,,,X,
J36747 / Central National Bank,Complete to Admin,Completed,,WK,VB,Great Bend,"At Central National Bank’s new location in Great Bend: 1) verify dimensions for new monument sign faces 2) after the previous business’ faces have been removed, repaint the cabinet frame and top PMS 288 blue 3) provide and install new white LED Kwik Stiks for internal illumination and power supplies 4) provide and install two new 5’ x 10’ routed sign faces for the Central National Bank logo, painted PMS 288 blue, with push-thru acrylic, overlaid with white vinyl 5) take completion photos Drawing VB-J36747",,,2026-04-17,2026-05-29,,2026-05-30,2026-06-04,,,,WK,WK,16885,No,Hutch,Routing Complete,X,X,X,
"J37277 / Weigand-Omega Management, Inc.",Complete to Admin,Complete Need Paperwork,,WK,TC,Wichita,"Large Directional Vinyl - Weigand-Omega Remove existing tenant copy and black background below ""North Entrance"" from south elevation of directional sign. Clean application surface thoroughly. Furnish and install one (1) new 42"" (H) x 34-1/2"" (W) 3M 7725-12 Black vinyl background. On top of the black background, furnish and install the following tenant copy in 3M 7725-10 White vinyl, reference design TC-J37277.  Cypress Imaging - MRI & CT Cypress Interventional Cypress Medical Spa Heartland Pathology Lab Total Wound Care",,Survey needed,2026-04-21,2026-06-09,,2026-06-05,2026-06-08,,,,WK,WK,829.89,No,Hutch,,,,,X
J37245 / Cambridge Family Denistry,Complete to Admin,In Process,,WK,DW,Wichita,"Furnish and install (1) 3'-7"" tall by 4'-2"" wide painted aluminum overlay with vinyl graphics.  Paint to match PMS 468 Beige Applied Vinyl in 7725-69 DURANODIC bronze",Kevin to install,Survey needed,2026-04-24,2026-06-03,,2026-06-04,2026-06-08,,,,WK,WK,1178.48,No,Hutch,,,,X,X
J37096 / Intellicents,Complete to Admin,In Process,,WK,TC,Wichita,"Pan Sign Vinyl - Intellicents Remove existing Korol vinyl, and thoroughly clean application surface. Furnish and Install one (1) 3'-2"" (H) x 3'-2"" (W) digitally printed vinyl graphic. Reference design TC-J37096.",,Survey needed,2026-04-27,2026-06-03,,2026-06-04,2026-06-08,GREGORY,20117,RECEIVED,WK,WK,692,No,,,,,,
J37350 / Vona Private Studio,Complete to Admin,In Process,,WK,TC,Wichita,"Print on Plex - Vona Private Studio Furnish and install one (1) new approximately 4'-0"" (H) x 10'-0"" (W) plex face with applied digital print of customer logo. Reference design TC-J37350.  NOTE: Survey will be required to determine final sizing. Any required sign permit(s) to be sourced by Lumineo Signs, and billed at cost in addition to final invoice.",Survey needed / survey received 5/18/26,Survey needed,2026-04-28,2026-06-03,,2026-06-04,2026-06-08,MIRATEC,20262,SHIPPING,WK,WK,2239.18,No,Outsourced,,,,X,
J37344 / WAM CAPITAL - TGW,Complete to Admin,In Process,,WK,CC,Wichita,"Remove existing address numerals and furnish new pan sign with raised numerals Remove the formed plastic address numerals from the south side of the 8908 building. Fabricate and install a new 5' (H) x 9' (W) x 2"" (D), aluminum pan sign with routed numerals attached. Install on the upper building fascia, at the east end of building's south elevation. Background pan to be sanded, primed, and painted silver. Routed aluminum numerals sanded, primed, and painted PMS 424C. Reference design CC-J37344. Center up and down on fascia. Center left and right between downspouts. This is on the south elevation at the east end of building.",,Survey needed,2026-04-29,2026-06-17,,2026-06-04,2026-06-08,GEMINI,20116,RECEIVED,WK,WK,7401.43,No,,,X,X,,
J37421 / Cris Corey State Farm,Complete to Admin,In Process,,WK,AS,Hutchinson,Reface Remove and dispose of current sign face. Furnish and install (1) 24”x24” plex face with digital print customer brand.,,Survey needed,2026-04-29,2026-06-05,,2026-06-08,2026-06-08,MIRATEC,20132,RECEIVED,WK,WK,937.54,No,Outsourced,,,,X,
J36681 / NEO Home Loan,Complete to Admin,Complete Need Paperwork,,WK,AS,Newton,Small panels vinyl Remove and graphics of PRMI on pole sign and apply new graphics to bottom pan.,,Survey needed,2026-04-29,2026-06-03,,2026-06-03,2026-06-04,GREGORY,20133,RECEIVED,WK,WK,1589.35,No,,,,,,
J37097 / Intellicents,Complete to Admin,In Process,,WK,TC,Wichita,"Brushed Alum Exterior Entry Sign - Intellicents Remove and dispose of existing Korol Financial Group LLC signage. Furnish and Install one (1) set of 3/8"" (D) Flat Cut Out letters of Intellicents logo, in a satin brushed aluminum finish. New FCOs to install flush mount directly to brick above doorway, where previous signage was. Reference design TC-J37097.",,Survey needed,2026-04-29,2026-06-17,,2026-06-04,2026-06-08,GEMINI,20120,RECEIVED,WK,WK,2676.89,No,,,,,,
J37501 / FIDELITY BANK,Complete to Admin,In Process,,WK,CC,Wichita,Remove the existing vinyl graphics from the exterior windows of the Twin Lakes branch. Furnish and install new printed and white vinyl graphics that would match current graphics.,Tanner to install,Survey needed,2026-05-01,2026-06-19,,2026-06-05,,GREGORY,20156,RECEIVED,WK,WK,1805,No,"Hutch,Outsourced",,,,,X
J37557 / Simpson Construction Services,Complete to Admin,In Process,,WK,CC,Wichita,"Bend and paint 4"" (H), .063 aluminum to cover gap on the west legs of both ATM canopies, and provide stamped engineered drawings of canopy structure.",Chuck to install,Survey needed,2026-05-04,2026-05-22,,2026-06-04,2026-06-08,,,,WK,WK,1264.6,No,,,X,,,
J37559 / Dream First Bank,Complete to Admin,Completed,Rush,WK,NH,Garden City,Furnish (5 sets) of regular-cut vinyl graphics (7725-12 black + custom digitally-printed blue) to fit the sides of (5) 2026 Chevy Silverado pickups. Nathan to coordinate the application of all six trucks at the customer's Garden City site. (Likely in two separate days).,,Survey needed,2026-05-05,2026-06-23,,2026-05-27,2026-06-01,GREGORY,20140,RECEIVED,WK,WK,2988.21,No,"Hutch,Outsourced",,,,,X
J37569 / Davis Liquor Outlet,Complete to Admin,In Process,,WK,CC,Wichita,Furnish and install new regular cut vinyl graphics and apply to the top tenant panel on the Meritrust/Sweetbriar pylon sign. Reference design CC-J37569.,,Survey needed,2026-05-07,2026-06-04,,2026-06-05,,,,,WK,WK,643.02,No,Hutch,,,,,X
J37585 / CENTRAL NATIONAL BANK,Complete to Admin,Completed,,WK,VB,Great Bend,"At Central National Bank’s new location in Great Bend: 1) after the previous business’ cabinet has been removed, modify the 2’9” x 10’ cabinet to remove the existing routed face 2) provide and install a new routed face for the Central National Bank logo, painted PMS 288 blue, with internal white LED illumination and push-thru acrylic, overlaid with white vinyl  3) repaint cabinet PMS 288 blue 4) install cabinet in same location on entrance wall 5) take completion photos Drawing VB-J37585",,Survey needed,2026-05-07,2026-05-29,,2026-05-30,2026-06-04,,,,WK,WK,5777,No,Hutch,Routing Complete,X,X,X,
J37504 / Soma Therapy,Complete to Admin,In Process,,WK,DW,Wichita,Fabricate and install (1) prepainted black acm panels with white vinyl graphics.,,Survey needed,2026-05-08,2026-06-01,,2026-06-04,2026-06-08,GREGORY,20231,ORDERED,WK,WK,897.28,No,Outsourced,,,,X,
J37591 / FIDELITY BANK,Complete to Admin,In Process,,WK,CC,Wichita,"Furnish and install perforated black vinyl, on first surface of Grow's west set of windows, to the north of their entrance. Full coverage on one door, and seven windows.",Tanner to install,Survey needed,2026-05-11,2026-06-29,,2026-06-05,2026-06-08,GREGORY,20241,RECEIVED,WK,WK,2595.67,No,,,,,,
J37657 / Kaye Electric,Complete to Admin,Completed,,WK,AS,Newton,"On newly installed monument sign, Remove and dispose of old side panel. Furnish and install (1) 15.5” W x53” H new painted to match existing aluminum side panel that covers left side of EMC where customer put wiring outside the sign after seeing the conduit inside the sign.",,Survey needed,2026-05-12,2026-06-30,,2026-06-02,2026-06-04,,,,WK,WK,938,No,,,X,,,
J37718 / CENTRAL NATIONAL BANK,Complete to Admin,Completed,,WK,VB,Great Bend,"At Central National Bank Great Bend, due to the three-week delay in getting accurate dimensions for the wall sign: 1) provide and install a new banner to match the new design for the wall sign cabinet while the routed face is being fabricated 2) use PMS 288 blue paint from previous jobs to paint grommets blue 3) turn off disconnect switch 4) take completion photos 5) when new face is ready, remove banner, fill holes and touch up with PMS blue paint",,Survey needed,2026-05-14,2026-07-02,,2026-05-29,2026-06-01,INDEPENDENT'S,,RECEIVED,WK,WK,,No,,,,,,
J37271 / FIDELITY BANK (E. English),Complete to Admin,In Process,,WK,CC,Wichita,Furnish international no guns symbols produced from etched look vinyl,,Survey needed,2026-05-22,2026-07-10,,2026-06-05,2026-06-08,,,,WK,WK,134.8,No,Hutch,,,,,X
J37826 / Watson's Barber Shop,Complete to Admin,Upcoming,,WK,CC,Wichita,Furnish and install new vinyl graphics for Watson's Barber Shop on the recently installed Sweetbriar tenant sign. Graphics to be applied on both sides of tenant sign. Reference design CC-J37826.,,,2026-06-04,2026-07-23,,2026-06-05,,,,,WK,WK,219.26,No,,,,,,
J26130 / / THRIVE RESTAURANT GROUP - Carlos O'Kelly's,Service Complete to Admin,Service Complete,,WK,DW,"Grand Island, NE",Pylon Sign half lighting.,check on order (open in BC) Mike has original,Survey needed,2024-08-01,2024-09-19,,,,,,,WK,WK,,No,,,,,,
J27207 / / LOVE'S COUNTRY STORES,Service Complete to Admin,Service Complete,,WK,NH,Dodge City,"Receive & install (1) 10'x20' vinyl wrap. Dispose of the existing wrap. Re-use existing rod & straps. *CUSTOMER PAYS FOR THE COST OF THE FACE CHANGE (PER NEW SITE OFFERING), LEAVING EXISTING LEASE TERMS AS IS.",09.12.25 Installed Vinyl wrap DK 09.16.25 Cut trees DK,Survey needed,2024-09-26,2024-11-14,,2025-09-12,2025-09-22,,,,WK,WK,,No,,,,,,
J27879 / / Fox Theatre,Service Complete to Admin,Service Complete,,WK,LNI,Hutchinson,Customer called in.  The glass has broken and is falling out of one of the rooftop ornamental fixtures.  It is falling onto the sidewalk below so there is a safety concern.  Please survey and repair as needed.,"Waiting on funding  surveyed, cost to Mike 2/20 - Waiting on word from customer - Mike waiting for response. 05.07.26 removed broken rooftop ornametal and took to glass shop for repair.  upgraded all to LED lights.  reinstalled repaired unit.   AH/LM/LC",Survey needed,2024-10-29,2024-12-17,,2026-05-07,2026-05-11,,,,WK,WK,,No,,,,,,
J30615 / GUARANTY STATE BANK,Service Complete to Admin,Service Complete,,WK,DP,Smith Center,"Semi-Annual Maintenance SEMI-ANNUAL MAINTENANCE ON D/F 12"" CHARACTER LED M/C AND S/F INTERIOR M/C. Test all cooling fans and replace any defective units.",Tie this in with possible EMC demo with Dave in area  Can tie this in with a Survey in Russell (J25207 - Southwind Bank)  8.16.25 Test lit both EMC need parts for outside unit.  -5 led modules -1 photo eye sensor 02.03.26 installed above parts and test lit.  all working at this time.  HA,Survey needed,2025-04-10,2025-05-29,,2026-02-03,2026-02-04,,,,WK,WK,,No,,,,,,
J33181 / HUTCHINSON COMMUNITY COLLEGE,Service Complete to Admin,Service Complete,,WK,AS,Hutchinson,Interior Sports Arena_Panel going dim Call came in from Steve Carpenter.  On the West Arena videoboard on the lowere right corner of the Midwest logo.  One of the panels is starting to look different. This is a DAK unit.  Contact for DAK service is 1-800-325-8766.  TFS would like us to help them troubleshoot this so we can get parts on order and repair as needed. *Steve Carpenter is the HCC contact.  620-921-1242,printed 9.3.25 11.19.25 sign still working with no issues.  HA,Survey needed,2025-09-02,2025-10-21,,2025-11-19,2025-11-21,,,,WK,WK,,No,,,,,,
J34130 / GUARANTY STATE BANK,Service Complete to Admin,Service Complete,,WK,DP,Smith Center,"NC - Oct Semi-Annual Maint SEMI-ANNUAL MAINTENANCE ON D/F 12"" CHARACTER LED M/C AND S/F INTERIOR M/C. Test all cooling fans and replace any defective units.",Still working off of 1st Semi annual  J30615.  Cancel this one  HA,Survey needed,2025-10-17,2025-12-05,,,2026-01-30,,,,WK,WK,,No,,,,,,
"J34935 / Stone Creek Station (GC Investments, Inc)",Service Complete to Admin,Service Complete,,WK,NH,Garden City,"channel letters out Customer reports that the south 1/3 of the channel letter sign is out. (Worked fine for several days following installation, but is not out). Check and repair as needed.","12.02.25 repopulated ""E"" with new LED's  MC",Survey needed,2025-11-26,2026-01-14,,2025-12-02,2025-12-12,,,,WK,WK,,No,,,,,,
J35602 / Farmers State Bank,Service Complete to Admin,Service Complete,,WK,DP,McPherson,EMC Module and Power Supply Replacement MC #31505. Furnish and install (1) EMC module and (1) power supply. Contact Watchfire when on site. Take completion photos. Power line near sign. Parking lot access.,02.11.26 Swapped out P/S (C1).  as per watchfire replaced bad module R1C1 2nd face.  Power cycle readdress and communicate is good.  JS,Survey needed,2026-01-21,2026-03-11,,2026-02-11,2026-02-12,,,,WK,WK,,No,,,,,,
J36510 / WESLEY MEDICAL CENTER,Service Complete to Admin,Service Complete,,WK,DW,Wichita,Wesley Woodlawn Watchfire Service Cindy had Watchfire run diagnostics and sign needs one panel. it is on order.,"03.10.26 Sent to Ray 0735 03.11.26 - Sign all working fine this day. Watchfire unable to diagnose any issues at this time. Will monitor. - RK 04.14.26 - Swapped out module that was sent out to replace existing bad module, but had the bottom 2 rows of pixels not lighting. - JS",Survey needed,2026-03-04,2026-04-22,,,2026-04-15,,,,WK,WK,,No,,,,,,
J36512 / WESLEY MEDICAL CENTER,Service Complete to Admin,Service Complete,,WK,DW,Derby,Derby Watchfire Service Cindy tried to have Watchfire trouble shoot and they could not connect to sign.,"03.06.26 Sent to Ray 15:00 03.11.26 sign all working this day.  reset power and WF can remote in Diagnostics showed no errors.  04.27.26 Swapped out Flare, WF remoted in Ran diagnostics all was good. RK Credit from WF didn't not use module that was sent only Flare",Survey needed,2026-03-04,2026-04-22,,2026-04-27,2026-05-07,,,,WK,WK,,No,,,,,,
J36640 / THE BIG BISCUIT,Service Complete to Admin,Service Complete,,WK,VB,Wichita,"Big Biscuit Maize Road channel letters aren't working--warranty? At The Big Biscuit on Maize Road, Wichita: Warranty? 1) check in/out with manager on duty 2) the channel letters are reported completely out after having worked previously, the breaker was checked 3) take completion photos",03.19.26 no power to sign. could not find time clock or photo eye.  called GC on site he pretty sure they are on 24/7.  test lit with truck and all work's.  RK,Survey needed,2026-03-10,2026-04-28,,2026-04-17,2026-04-28,,,,WK,WK,,No,,,,,,
J36689 / Dudley's Irish Pub,Service Complete to Admin,Service Complete,,WK,TC,Wichita,"Service Neon Outage - Dudley's Contact: Beth Moses - (316) 617-2233 Customer reports ""Dudley's"" section of sign is out. Diagnose and repair as needed. Sign was previously serviced 06/28/24 on J25332, 05/06/25 on J30885, and 10/10/25 on J33860.",Sent to Ray03.12.26 0655 03.19.26 Close order Per TC  Customer no longer needs service,Survey needed,2026-03-11,2026-04-29,,2026-03-19,2026-03-19,,,,WK,WK,,No,,,,,,
J37001 / HUTCHINSON COMMUNITY COLLEGE,Service Complete to Admin,Service Complete,,WK,AS,Hutchinson,"Service: outage on Plum Street sign Service: customer reports issue on north side of plum street sign, diagnose and fix",04.03.26 swapped out bad P/S on primary side middle (North) face. Readdressed and & power cycled. JS,Survey needed,2026-03-30,2026-05-18,,2026-04-08,2026-04-09,,,,WK,WK,,No,,,,,,
J37085 / Genesh Inc./Burger King,Service Complete to Admin,Service Complete,,WK,NH,Liberal,pole sign 1/2 out Customer reports lamps 1/2 out in the pylon ID sign. Check and repair as needed.,05.12.26 relamped cabinet. Missing filler panel. DK 05.20.26 Installed filler panel DK,Survey needed,2026-04-01,2026-05-20,,2026-05-20,2026-05-28,,,,WK,WK,,No,,,,,,
J37205 / TRUCK CENTER COMPANIES,Service Complete to Admin,Service Complete,,WK,NH,Liberal,straps broke Straps broke & dangling. Replace as needed. Make sure the rest of the structure is secure.,04.15.26 - Replaced strap with a new one. - TD,Survey needed,2026-04-09,2026-05-28,,,2026-04-15,,,,WK,WK,,No,,,,,,
J36689 / Dudley's Irish Pub,Service Complete to Admin,Service Complete,,WK,TC,Wichita,"Service Neon Outage - Dudley's Contact: Beth Moses - (316) 617-2233 SERVICE: Customer reports ""Dudley's"" and Top Left & Bottom Right sections of Green circle on their neon sign is out. While on site, ensure all other neon is working as expected. Diagnose and repair as needed. See photo attached to job card. Sign was previously serviced 06/28/24 on J25332, 05/06/25 on J30885, and 10/10/25 on J33860.",STR 4/20  05.07.26 customer went with another sign company.,Survey needed,,,,2026-05-07,2026-05-07,,,,WK,WK,,No,,,,,,
J37440 / CITIZENS BANK OF KANSAS,Service Complete to Admin,Service Complete,,WK,DW,Augusta,Watchfire display is dark. Need technician at site to trouble shoot sign.,06.02.26 replaced bad controller.  Both WF and customer show EMC is online. WF was able to update messges  HA 06.03.26 part ready for return. HA,Survey needed,2026-04-24,2026-06-12,,2026-06-02,2026-06-03,,,,WK,WK,,No,,,,,,
J37646 / LONGHORN STEAKHOUSE,Service Complete to Admin,Service Complete,,WK,DP,Salina,Customer reports damage to LED strips on South and West Elevations. Visit and repair as needed. Check other elevations for damage and issues when on site. Bundle with other service calls to reduce travel cost per customer request. Contact Sara Grimes at 913-709-2861 when on site. Please take and share completion photos.,Cancel As per DP,Survey needed,2026-05-08,2026-06-26,,2026-05-28,2026-05-28,,,,WK,WK,,No,,,,,,
"J37797 / PING PING AN AN, INC",Service Complete to Admin,Service,,WK,DP,McPherson,"Customer reports sign face blew off and is not damaged. Visit and reinstall. Group with other service, if possible, to reduce travel cost.","06.04.26 Located studs after exploratory drilling. Re-drilled panel to coincide with stud layout.  The ends fell between studs in cavity, so applied silicone behind panel on 2 ends then seated screws to hold firm while silicone sets.  Re-used existing pre-painted screws where I could. JS",,2026-05-18,2026-07-06,,2026-06-04,2026-06-08,,,,WK,WK,,No,,,,,,
J37902 / VILLAGE SQUARE MALL,Service Complete to Admin,Service Complete,,WK,NH,Dodge City,change out flags,05.28.26 replaced flags,Survey needed,2026-05-26,2026-07-14,,2026-05-28,2026-06-03,,,,WK,WK,,No,,,,,,
J28517 / / MORTON BUILDINGS,Complete-need paperwork,Complete Need Paperwork,,WK,DW,"Atkinson, IL","Atkinson, IL NC Survey Survey Site.",,Survey needed,2024-12-09,2025-01-27,,,,,,,Sub,Sub-Installer,,No,,,,,,
J32139 / WESLEY MEDICAL CENTER,Complete-need paperwork,Service Complete,,WK,DW,Wichita,Central & Hiillside Watchfire Service West Face West facing Watchfire display has outage.,,Survey needed,2025-06-30,2025-08-18,,,,,,,WK,WK,,No,,,,,,
J32166 / MORTON BUILDINGS,Complete-need paperwork,Complete Need Paperwork,,WK,DW,"Conyers, GA","Griffin GA Debrand Flip faces in existing monument sign.  Sign Solutions of East Atlanta V#19193 1422 Business Center Drive SW | Conyers, GA 30094 770-648-7057  |  www.signsolutionsllc.com HOURS: Monday - Friday 8am - 4pm Contact: Emily Black",,Survey needed,2025-07-18,2025-09-05,,,,,,,WK,WK,297.5,No,,,,,,
J32605 / COMMERCE BANK,Complete-need paperwork,Service Complete,,WK,DW,Wichita,Twin Lakes ATM Survey Survey ATM damage.,,Survey needed,2025-07-28,2025-09-15,,,,,,,WK,WK,,No,,,,,,
J32865 / EQUITY BANK,Complete-need paperwork,Complete Need Paperwork,,WK,DW,"Kirksville, MO",Kirksville Wraps & Toppers Install (2) ITM wraps and toppers from bulk inventory.  Install will be done at Wichita warehouse staging area.,March/April Install,Survey needed,2025-11-17,2026-01-05,,,,,,,WK,WK,1482.5,No,,,,,,X
J36662 / Iron Insurance Partners,Complete-need paperwork,Complete Need Paperwork,,WK,DP,"Scott City, KS","Front window vinyl + removal Remove the Rodenbeek & Green logo, Progressive and Trusted Choice logos from the front windows while on site. Furnish and install (1) Iron Insurance logo on first window on the front elevation.",DC Installation,Survey needed,2026-03-13,2026-05-01,,,,,,,WK,WK,599.99,No,,,,,,X
J36767 / EQUITY BANK,Complete-need paperwork,Complete Need Paperwork,,NEK,DW,Topeka,Topeka 8th St ITM Wrap Repair Repair ITM wrap with wrap from bulk inventory.,,Survey needed,2026-03-18,2026-05-06,,,,,,,NEK,NEK,857,No,,,,,,X
J36998 / HUTCHINSON COMMUNITY COLLEGE,Complete-need paperwork,Complete Need Paperwork,,WK,AS,Hutchinson,T/M- 1 bench plate T/M: Furnish and apply clear print to customer provided bench plate for customer to install. Andy will deliver to customer when done,Andy to deliver,Survey needed,2026-03-31,2026-05-19,,,,GREGORY,19913,RECEIVED,WK,WK,,No,,,,,X,
J37325 / ICON Structures,Complete-need paperwork,Complete Need Paperwork,,WK,DP,Salina,"KSUS Sample letter TM - Furnish sample for GC: (1) 14"" tall Internally illuminated channel letter (E) 4"" Deep returns - painted PMS 268 KSU standard purple 3/16"" White plex faces with trim cap and returns painted to match PMS 268 Purple  Digitally printed vinyl overlay - PMS 268 KSU standard purple - White LEDs *David to deliver to GC for final approval of dimensional letter",,Survey needed,2026-04-20,2026-06-08,,,,SIGN HOUSE,20050,Ready to Pick Up,WK,WK,,No,,,,,,
J33816 / Bel Air Motel,Complete-need paperwork,Complete Need Paperwork,,WK,NH,Dodge City,"CC letters Furnish (16) 6"" changeable copy letters (panel size = 6 7/8""h x 4 1/2""w). Customer to pick up at Lumineo-DC shop. Breakdown; (4) E's, (2) K's, (2) Y's, (2) T's, (2) $, (2) 2's, (2) 5's.",shipping to Dodge,Survey needed,2026-04-29,2026-06-17,,,,JDS Industries,20119,RECEIVED,WK,WK,97.51,No,,,,,,
"J37208 / CIMA NETWORK, INC. (FIVE BELOW)",Complete-need paperwork,In Process,,WK,AS,Hutchinson,Trip 1 – Coming Soon/Survey -Meet with site contact to verify access for installation of signs and survey for panel fabrication -Install Coming Soon banner on temporary construction fence,,Survey needed,2026-05-08,2026-06-26,,,,,,,WK,WK,900.75,No,,,,,,
J37647 / WIENS & COMPANY,Complete-need paperwork,Complete Need Paperwork,,WK,AS,Hutchinson,Furnish and sales delivery to customer (1) 2'x2' sample of 3m IJ180cv3 material printed to show color range in the graphic for mural.,,Survey needed,2026-05-08,2026-06-26,,,,GREGORY,20231,RECEIVED,WK,WK,75,No,,,,,,
J37472 / Farm Bureau Financial -Kelley Linn,Complete-need paperwork,In Process,,WK,NH,Sublette,"Per new 36-mo contract, furnish & install (1) 10'x24' vinyl wrap. Install on the existing roadsign structure. Dispose of the old Outlaw Irrigation wrap (top-north face). Re-use existing rod & straps.",shipping to Dodge,Survey needed,2026-05-13,2026-07-01,,,,INDEPENDENT'S,20233,SHIPPING,WK,WK,,No,,,,,,
J37796 / COHLMIA MARKETING,Complete-need paperwork,Complete Need Paperwork,Rush,WK,DW,Wichita,"Furnish and install 1st surface vinyl graphics for two Dr Names reading Thomas R. Resch, MD & Andrew C. DeClerk, MD. Vinyl to match PMS 262.",Kevin to install,,2026-05-21,2026-07-09,,,,X-PRESS,20252,ORDERED,WK,WK,364.2,No,,,,,,
J37862 / Leiker Smiles Dental,Complete-need paperwork,Complete Need Paperwork,,WK,DP,Hays,Create base pole mount,,Survey needed,2026-05-22,2026-07-10,,,,,,,WK,WK,,No,,,,,,
J31666 / Sterling Pharmacy Inc.,Installation,In Process,,WK,AS,Sterling,"New single sided cabinet Remove and dispose existing single sided cabinet.  Furnish and install (1) 5' H x  6' W x 6"" D single sided internally illuminated cabinet.  Cabinet to be painted Navy Blue to match logo element.  Face to be flat white plex with graphics applied to the face.  Customer wants us to put a photo cell on cabinet.",,Survey needed,2025-07-22,2025-10-31,,,,GREGORY,18271,RECEIVED,WK,WK,5126.31,No,Outsourced,,X,X,X,
J30283 / HUTTON CORPORATION - Finney Co. Health & EMS,Installation,In Process,,WK,"TN,DD",Garden City,"FINNEY COUNTY HEALTH & EMS - PAN SIGN 2.06 INTERIOR SHEET METAL GRAPHICS        A. Sizes and shapes: As indicated on drawings (signage schedule and details)        B. Locations: As indicated on drawings.        C. .055"" metal sheet with laminate backer, sizes and shapes as indicated on drawings (signage            schedule and details), image to be reverse cut out of sheet.        D. Mounting: ?Projected Spacer Mounting?         E. Owner/Architect to provide graphics.",Installation in May - Can bill for sign production once complete,Survey needed,2025-08-20,2026-05-08,,,,,,,WK,WK,,No,,Routing Complete,X,X,,
J33049 / ROLLING HILLS WILDLIFE ADVNT,Installation,In Process,,WK,DP,Moundridge,"12 x 30 Wrap - Moundridge Furnish and install (1) 12' x 30' (13' x 31' bleed) vinyl wrap as part of a 36 month contract.  (Upper board, South facing) Agreement to go into effect 9/2025",,Survey needed,2025-08-25,2025-10-13,,,,INDEPENDENT'S,20213,RECEIVED,WK,WK,,No,,,,,,
J33068 / ROLLING HILLS WILDLIFE ADVNT,Installation,In Process,,WK,DP,Chapman,12 x 40 Wrap - Chapman Furnish and install (1) 12' x 40' wrap (13' x 41' with bleed) as part of a 36 month contract.  (East facing board) Contract to go into effect 9/2025.,,Survey needed,2025-08-26,2025-10-14,,,,INDEPENDENT'S,20214,RECEIVED,WK,WK,,No,,,,,,
J33069 / ROLLING HILLS WILDLIFE ADVNT,Installation,In Process,,WK,DP,Ellsworth,12 x 30 Wrap - Ellsworth Furnish and install (1) 12' x 30' wrap (13' x 31' with bleed) as part of a 36 month contract.  (West facing board) Contract to go into effect 9/2025.,,Survey needed,2025-08-26,2025-10-14,,,,INDEPENDENT'S,20222,RECEIVED,WK,WK,,No,,,,,,
J33070 / ROLLING HILLS WILDLIFE ADVNT,Installation,In Process,,WK,DP,Russell,12 x 40 Wrap - Russell Furnish and install (1) 12' x 40' wrap (13' x 41' with bleed) as part of a 36 month contract.  (West facing board) Contract to go into effect 9/2025.,,Survey needed,2025-08-26,2025-10-14,,,,INDEPENDENT'S,20215,RECEIVED,WK,WK,,No,,,,,,
J33047 / ROLLING HILLS WILDLIFE ADVNT,Installation,In Process,,WK,DP,Concordia,"12 x 24 Wrap - Concordia Furnish and install (1) 12' x 24' (13' x 25' bleed) vinyl wrap as part of a 36 month contract.  (Upper board, North facing) Agreement to go into effect 9/2025",,Survey needed,2025-08-27,2025-10-15,,,,INDEPENDENT'S,20212,RECEIVED,WK,WK,,No,,,,,,
J32860 / EQUITY BANK,Installation,In Process,,NEK,DW,"Kirksville, MO",Kirksville Monument Sign Fabricate and install 1 double face LED illuminated aluminum sign cabinet with routed push thru graphics. Sign cabinet to be painted black and have gold reveal. Sign cabinet to be installed on customer provided stone base. Steel pole structure and concrete foundation included.,,Survey needed,2025-09-10,2026-03-31,,,,MIRATEC,18631,RECEIVED,WK,WK,19370.1,No,Outsourced,Routing Complete,X,X,X,
J33489 / MIDWAY MOTORS SUPERCENTER,Installation,In Process,,WK,DP,Salina,12' x 40' wrap_Salina Furnish and install (1) 12' x 40' vinyl wrap (13' x 41' with bleed) as part of a new 36 month renewal contract. (C) #73223 North facing I-135 South at MM 87.35.,10/8 - waiting on artwork,Survey needed,2025-09-19,2025-11-07,,,,INDEPENDENT'S,19775,RECEIVED,WK,WK,,No,,,,,,
J29240 / The Law Company,Installation,In Process,,NEK,"TN,JL",Topeka,KDEM Operations & Training Center - Panel & Acrylic Sings Panel Signs Custom Cut Acrylic Sings,replacements ordered,Survey needed,2025-10-22,2025-12-10,,,,GEMINI,19207 / 20149,ORDERED,NEK,NEK,,No,,,,,,
J29241 / The Law Company,Installation,In Process,,NEK,"TN,JL",Wichita,"KDEM Operations & Training Center - Dimensional Cast Letters and Plaques Bronze Cast Aluminum Letters 12"" Bronze Cast Aluminum Plaque",,Survey needed,2025-10-22,2025-12-10,,,,GEMINI,18983 / 18984,RECEIVED,WK,WK,,No,,,,,,
J29239 / The Law Company,Installation,In Process,,NEK,"TN,JL",Topeka,KDEM Operations & Training Center - ADA SIGNAGE DETAILS: SEE SCHEDULE ADN FE 301 QTY: Type A - 54 Type B - 10 Type C - 14 Type D - 4 Type E - 3 Type F - 7 Type G - 4 Type H - 8 Type J - 33 Type K - 1 Type M - 1 Type N - 3 Type O - 7,,Survey needed,2025-10-22,2025-12-10,,,,vista systems,18985,RECEIVED,WK,WK,,No,,,,,,
J32861 / EQUITY BANK,Installation,In Process,,NEK,DW,"Kirksville, MO","Kirksville Interior Illuminated Logo Fabricate and install (1) 3""deep fabricated aluminum trimless face lit logo to be installed flush to interior wall.  1002 S Baltimore ST Kirksville, MO 65203",March/April Install,Survey needed,2025-11-17,2026-01-05,,,,SIGN HOUSE,19457,RECEIVED,WK,WK,10148.8,No,,,,,,
J32914 / EQUITY BANK,Installation,In Process,,NEK,DW,"Kirksville, MO","Kirksville Teller Desk Sign Non-Illuminated Fabricate and install (1) 2""deep foam logo with black laminate and black edges.  1002 S Baltimore ST Kirksville, MO 65203",March/April Install,Survey needed,2025-11-17,2026-01-05,,,,"GEMINI,GREGORY",19463 / 19497,RECEIVED,WK,WK,3734.97,No,Outsourced,,,,X,
J32862 / EQUITY BANK,Installation,In Process,,NEK,DW,"Kirksville, MO","Kirksville East Building Elevation Fabricate and install (1) sets of combo lit LED illuminated channel letters and logo mounted to the East building elevation.  Sign to have aluminum wire raceway behind parapet wall to hide wiring and power supplies.  1002 S Baltimore ST Kirksville, MO 65203",March/April Install,Survey needed,2025-11-17,2026-01-05,,,,SIGN HOUSE,19458,RECEIVED,WK,WK,8980,No,,,,,,
J32864 / EQUITY BANK,Installation,In Process,,NEK,DW,"Kirksville, MO","Kirksville South Buidling Elevation Fabricate and install (1) sets of combo lit LED illuminated channel letters and logo mounted to the East building elevation.  Sign to have aluminum wire raceway behind parapet wall to hide wiring and power supplies.  1002 S Baltimore ST Kirksville, MO 65203",March/April Install,Survey needed,2025-11-17,2026-01-05,,,,SIGN HOUSE,19460,RECEIVED,WK,WK,8980,No,,,,,,
J34367 / EQUITY BANK,Installation,In Process,,NEK,DW,"Kirksville, MO","Kirksville Flag Mount Revision Fabricate and install 1 double face LED illuminated flag mount sign. Sign to read ATM.  1002 S Baltimore ST Kirksville, MO 65203",March/April Install,Survey needed,2025-11-17,2026-01-05,,,,,,,WK,WK,8813.9,No,Hutch,Routing Complete,X,X,X,
J32858 / EQUITY BANK,Installation,In Process,,NEK,DW,"Kirksville, MO","Kirksville Inwall Surround Fabricate and install 1 painted aluminum pan sign surround to existing inwall ITM unit.  1002 S Baltimore ST Kirksville, MO 65203",March/April Install,Survey needed,2025-11-17,2026-04-10,,,,,,,WK,WK,2164.81,No,"Hutch,Outsourced",Routing Complete,X,,X,X
J35253 / CITY BEVERAGE,Installation,In Process,,WK,AS,Hutchinson,NC replacement wrap NC original wrap was wrong size (too large).  Furnish and install (1) 10’ 7”t x 24’ VO (11’ 7” t x 25’ w overall with bleed) wrap to replace wrap that is too large.,,Survey needed,2025-12-18,2026-02-05,,,,INDEPENDENT'S,19211,RECEIVED,WK,WK,,No,,,,,,
J35454 / Luminous Neon LLC,Installation,In Process,,WK,NH,Dodge City,"4'x8' ACM sponsor panel Furnish and install (1) 4'x8' S/F N/I ACM ad panel with digitally-printed vinyl graphics/UV laminate. On the south grandstands, overlay the existing Duraply panel (currently advertising Luminous Neon) using painted screws.",,Survey needed,2026-01-08,2026-02-26,,,,GREGORY,19318,RECEIVED,WK,WK,1190.49,No,Outsourced,,,,X,
J34769 / Faith Journey Church,Installation,In Process,,NEK,QT,Olathe,FJ Building Sign 111725 Remove existing building sign and mount to the back wall of the building. Produce and install one (1) single sided internally illuminated building sign.,,Survey needed,2026-01-14,2026-05-22,,,,MIRATEC,19965,RECEIVED,NEK,NEK,8732,No,Outsourced,,X,X,,
J34640 / TAG TEAM PIZZA INC. - Domino's Pizza,Installation,In Process,,NEK,VB,Topeka,"repair truck damage to Domino's Pizza/Baskin-Robbins pole sign with new cabinet At the joint Domino's & Baskin-Robbins pole sign, a Coca-Cola truck has hit and twisted the sign, but the faces are still intact: 1) survey existing sign for height/width of the cabinet, depth of the cabinet, retainers and T-bar information, plus overall height of sign 2) fabricate a new mill-finished aluminum cabinet, 9’5” x 6’4”, 8” deep with internal LED illumination, matching retainers & divider bar to reusing Baskin-Robbins and Domino’s existing pan faces 3) modify flag-mounting structure for installation, keeping the same overall height, and painting upper section to match mill-finished aluminum cabinet 4) remove & scrap existing sign, keep faces 5) install new cabinet and existing faces 6)  take completion photos NOTE: Primary electrical will need to be disconnected by a licensed electrician prior to reinstallation and reconnected afterward.",,Survey needed,2026-01-19,2026-04-15,,,,,,,WK,NEK,9785.73,No,,,X,X,,
J28930 / Dondlinger & Sons Construction -Children's Mercy,Installation,In Process,,WK,CC,Wichita,"One set of internally illuminated channel letters Furnish and install one set of internally illuminated, channel letters and logo. When placing pattern on wall, make sure seam in building panels runs in between logo and copy.",,Survey needed,2026-01-19,2026-03-09,,,,SIGN HOUSE,19412,RECEIVED,WK,WK,10182.1,No,,,,,,
J35716 / GREATER WICHITA YMCA,Installation,In Process,,WK,DW,Hutchinson,"Hutchinson Channel Logo Revised Fabricate and install (1) 3"" deep face lit channel logo with blue returns, blue trim cap, blue perforated vinyl, and self-contained power supplies and two sets of 1/2"" thick painted aluminum flat cut out letters reading ""the"" and ""YMCA"".",May 4th install,Survey needed,2026-01-29,2026-04-30,,,,"GEMINI,MIRATEC",19573 / 19610,RECEIVED,WK,WK,5789.2,No,Outsourced,Routing Complete,X,X,X,
J34938 / DCS SERVICES,Installation,In Process,,NEK,DP,Uniontown,"Uniontown 112625-Greenbush Produce and install one (1) set of 1/4"" flat cut out metal lettering and logo mounted to a 1"" deep metal pan background with radius corners Logo: Painted black with applied graphics - 7125-10 white, 7125-14 bright orange and black. Letters: Painted white.  Backer pan: Painted Black *No sign permit required per City.",FCO logo has direct print graphics,Survey needed,2026-01-30,2026-03-20,,,,GEMINI,19572,RECEIVED,WK,WK,10219,No,"Hutch,Outsourced",,X,,X,X
J33324 / Greenbush - The Southeast Kansas Service Center,Installation,In Process,,NEK,"QT,DP",Girard,Greenbush Community Building 090925 Remove and dispose of existing building signage. Produce and install one non illuminated wall mounted building sign display.,FCO's ordered 3/25,Survey needed,2026-02-06,2026-04-30,,,,GEMINI,19591,RECEIVED,WK,NEK,6140,No,Outsourced,,X,X,,
J36001 / Todd's Clothiers,Installation,In Process,,NEK,QT,KCMO,Todds Clothiers KCMO survey Please survey the Todd's Clothiers location in the Crossroads.  Please make sure to include: Photos and measurements for new front window graphics. Please photo and measure all storefront glass.,,Survey needed,2026-02-06,2026-03-27,,,,,,,NEK,NEK,,No,,,,,,
J34682 / Greenbush - The Southeast Kansas Service Center,Installation,In Process,,NEK,"QT,DP",Girard,Greenbush Building Directional 111225 Remove and dispose of existing building mounted directional sign. Produce and install one (1) non illuminated painted building mounted directional sign with reflective vinyl graphics.,,Survey needed,2026-02-06,2026-03-27,,,,,,,NEK,NEK,1948,No,Lawrence,,,,,
J34681 / Greenbush - The Southeast Kansas Service Center,Installation,In Process,,NEK,"QT,DP",Girard,Greenbush DeMoss Entrance Sign Produce and install one (1) single sided non illuminated sign with flat cut out lettering with Greenbush name and logo and Dave DeMoss Center Main Entrance,,Survey needed,2026-02-06,2026-03-27,,,,GEMINI,19521,RECEIVED,NEK,NEK,5997,No,Outsourced,,X,X,,
J32492 / Fisch Haus,Installation,In Process,,WK,CC,Wichita,"Receive and install a new 12' 7.5"" (H) x 38' (W), digitally printed vinyl wrap onto the existing wall mounted billboard structure on the south side of building. Artwork to be provided by customer. Permit, if required, will be invoiced as a separate line item on final billing. Material and installation to have a one year warranty against any defects. NOTE: Natural fading will occur over time, but graphic should look good for an industry standard of three years. Fading will be kept to a minimum if red colors can be avoided in the design.",,Survey needed,2026-02-19,2026-04-09,,,,,,RECEIVED,WK,WK,4263.44,No,,,,,,
J36106 / Belfor Property Restoration,Installation,In Process,,WK,AS,Hutchinson,"New Bay's letters Remove remaining ""ay's"".  Furnish and install (1) new set of 12"" tall, formed Plastic letters reading ""Bay's"".  Letters to be Brush Script font and painted 873 Metallic Gold.  Letters to go in same location the previous letters were.",,Survey needed,2026-02-23,2026-04-13,,,,GEMINI,19670,RECEIVED,WK,WK,973.84,No,,,,,,
J35775 / Dondlinger & Sons Construction,Installation,Hold,,WK,DW,Wichita,"Goodwill West Central Donations North Elevation Fabricate and install 1 set of face lit LED illuminated channel letters to read ""Donations"" with white trim caps, returns, to match Reflex Blue and white faces and digitally printed perforated vinyl to match Reflex Blue. All signage to be flush mounted to building.",,Survey needed,2026-02-26,2026-04-16,,,,SIGN HOUSE,19678,RECEIVED,WK,WK,6319.83,No,,,,,,
J35673 / TAG TEAM PIZZA INC. - Domino's,Installation,In Process,,NEK,VB,Topeka,"Domino's 29th & California replacement pole sign faces At Domino's 29th & California in Topeka: 1) the pole sign faces are badly faded 2) provide two new 84.5"" x 71.5"" white acrylic pan-formed white faces with 2.5"" flanges and 1.5"" pan, and Domino’s Pizza logo on the top of the pan with  3630-33 red and 3632-127 Intense blue vinyl graphics 3) install to fit the new cabinet when built 4) take completion photos Drawing VB-J35675",,Survey needed,2026-03-08,2026-04-26,,,,SIGN FACES,19712,RECEIVED,NEK,NEK,4425,No,,,,,,
J35764 / NORTH AMERICAN SAVINGS BANK,Installation,In Process,,NEK,SP,KCMO,"REPLACE 3 EXISTING DAMAGED DIRECTIONAL SIGNS WITH NEW REPLACE 3 EXISTING DIRECTIONAL SIGNS WITH NEW - Produce/install three (3) new non illuminated single faced directional signs to replace 3 damaged signs in the same locations which will be removed/disposed of.  2 signs are in sod/dirt locations and 1 is in a rock landscaped area.  Sign faces, frames and posts to be all painted NASB dark blue PMS 288C with white reflective vinyl copy only on 1 side (backside is just painted)  with same copy for replacement signs as was on existing signs which are:  2 as ""DRIVE-UP ATM"" and 1 as ""DO NOT ENTER"".  Sign sizings are: DRIVE-UP ATM 2 signs are sized 12"" x 36"" for its faces and 3' tall overall with 2"" x 2"" frames, and  DO NOT ENTER  1 sign sized 30"" x 30"" for its faces and 4'6"" tall overall with 2"" x 2"" frame.",,Survey needed,2026-03-10,2026-04-28,,,,,,,WK,NEK,5767,No,,,X,,X,X
J31712 / HFG Architecture,Installation,In Process,,WK,DW,Wichita,Flag Mount Sign Revision #3 Remove and bring back into shop ID section of flag mount sign leaving in place black and grey accent pieces. Fabricate new faces and repaint ID cabinet while in shop. Reinstall ID cabinet.,,Survey needed,2026-03-11,2026-06-08,,,,GREGORY,19789,RECEIVED,WK,WK,9266.19,No,Outsourced,Routing Complete,X,X,X,
J36696 / FOLEY EQUIPMENT,Installation,In Process,,NEK,QT,Topeka,"Foley Topeka CCC Signs 031126 Provide labor, equipment and necessary materials to fabricate and modify existing damaged two (2) non illuminated yard signs to be corrected and repaired to working order.",,Survey needed,2026-03-13,2026-04-28,,,,,,,WK,NEK,,No,Lawrence,,X,X,,
J36772 / BILLBOARD BUSINESS LLC,Installation,In Process,,WK,NH,Dodge CIty,"double-stack R/S structure (Army Surplus) Erect the 10'x24' illuminated double-stack billboard structure that was previously intended to install at Nuedorf Siding in Sublette. (currently stored at the Lumineo-DC yard). Location has been staked (per 30' setback). Need to coordinate with Victory Electric, and a hired electrician, to feed power to the sign.",,Survey needed,2026-03-16,2026-05-04,,,,,,,WK,WK,,No,,,,,,
J36784 / DAIRY QUEEN #11314,Installation,In Process,,NEK,VB,Topeka,"Dairy Queen NW Topeka drive-thru canopy hit At Dairy Queen N Topeka, the drive-thru canopy has been hit by a vehicle: 1) check in/out with Matt Pettit or another manager 2) take photos and measure damaged sections for replacement 3) check the clearance bar to see if we can modify the existing so that it’s more noticeable or solid when hit, get measurements 4) if the clearance bar has j-bolts, get that information",,Survey needed,2026-03-17,2026-05-05,,,,,,,NEK,NEK,,No,,,,,,
J36294 / NKC Health,Installation,In Process,,NEK,QT,KCMO,NKC-013 Removals 022326 Sign # 100-002 and # 100-006 sign Type REMOVE Remove and dispose of existing two (2) small interior sign displays.,,Survey needed,2026-03-18,2026-05-06,,,,,,,NEK,NEK,265.2,No,,,,,,
J36392 / SDG Architecture + Interiors,Installation,In Process,,NEK,JL,Topeka,Signage Removal Remove all signage on building front with the exception of Edward Jones Sign.  Seal all holes using clear silicone or custom color caulk provided by client if available.,,Survey needed,2026-03-19,2026-05-07,,,,,,,NEK,NEK,1193,No,,,,,,
J36854 / Park City City Hall,Installation,In Process,,WK,DW,Park City,Wayfinding Final Install Labor Install cost for final (4) wayfinding signs that had location issues.  USE THIS JOB NUMBER TO INSTALL TWO REMAING WAYFINDING AND 1 REMAINING WELCOME SIGN.,,Survey needed,2026-03-23,2026-05-11,,,,,,,WK,WK,,No,,,,,,
J36317 / NKC Health,Installation,In Process,,NEK,QT,NKCMO,"NKC-015 REMOVAL NKC-015_2700 Professional Building 2700 Clay Edwards Dr North Kansas City, MO 64116 REMOVAL for Sign # 500a  Remove and dispose of existing lettering reading Your home for childrens health. Patach repair and repaint surface as necessary to restore to like new conditions.",,Survey needed,2026-03-23,2026-05-11,,,,,,,NEK,NEK,296.92,No,,,,,,
J36435 / NKC Health,Installation,In Process,,NEK,QT,NKCMO,"NKC-018 Removals Various Removals across campus. Remove signs where necessary and restore ground area and wall surface to like new conditions.  Removal for Sign #'s 005, 007, 012, 016, 018, 039, 050b, 054, 064, 073a, 073b, 073c, 073d, 075a, 075b, 075c, 075d, 076, 077a, 077b, 077c, 077d, 077e, 077f, 077g, 080, 081, 082, 083, 074, 092, 094, 096, 098, 102, 107, 115, 122a, 123, 132, 150,149, 162 and  ER-001",,Survey needed,2026-03-24,2026-05-12,,,,,,,NEK,NEK,,No,,,,,,
J36720 / EQUITY BANK,Installation,In Process,,NEK,DW,Overland Park,Overland Park Site Sign Fabricate and install 1 double face wooden site sign with digitally printed vinyl graphics installed in dirt.  COORDINATE WITH GC ON PLACEMENT AND CHECK FOR ONE CALL REQUIREMENTS. G.C. ANTHONY BROWN SUPERIOR BOWMAN 816-398-3583,,Survey needed,2026-03-25,2026-05-13,,,,GREGORY,19913,RECEIVED,NEK,NEK,2796.19,No,Outsourced,,,,X,
J35329 / BICKFORD SENIOR LIVING,Installation,In Process,,NEK,SP,Olathe,"NEW ROUTED TENANT PANEL FOR EXISTING MONUMENT  ROUTED TENANT PANEL FOR EXISTING MONUMENT - Remove/dispose of existing two (2) ""Brooks Family Care/Mills Wellness"" tenant panels and produce/install two (2) new routed aluminum backed with white acrylic to contain the new tenants name to read as:  ""Thrive MD & Mills Wellness"". New tenant panels to use same font style as all other small tenant panels have and panels to be painted same PMS Warm Gray 11C color as others. Sizing of panels are 5 7/8"" x 48"". ** WILL NEED CREW SURVEY OF PANEL TO VERIFY EXACT PANEL SIZING. **",,Survey needed,2026-03-26,2026-05-14,,,,,,,WK,NEK,1644,No,Hutch,Routing Complete,X,X,,
J36207 / NKC Health,Installation,In Process,,NEK,QT,KCMO,"NKC-012 Removals only Sign #'s 004, 007a, 007b, 007c, 007d, 007e, 010a, 010b, 012, 100-001, 100-003 Remove and dispose of existing signage as necessary. Patch repair and repaint wall surface to like new conditions as needed.",,Survey needed,2026-03-26,2026-05-14,,,,,,,NEK,NEK,1458.6,No,,,,,,
J35655 / Lineage,Installation,In Process,,WK,NH,Dodge City,"(3) S/F N/I alum P&P's DIRECTIONAL SIGNS: Furnish and install (3) 3'h x 6'w single-face, non-illuminated aluminum post & panel signs (blue enamel finish, reflective white Scotchlite graphics, digitally-printed logos, 4""x4"" aluminum tubing posts, setup for direct-bury; 3' below grade). Cut & breakout concrete at each sign location. Use an electric auger to dig holes, and fill with Sack-crete to grade (finishing off flush with the existing driveway concrete). **IF CUSTOMER WISHES TO INSTALL THEMSELVES, DEDUCT $3,686.03 FOR NO INSTALLATION. (CUSOTMER PICKS UP AT THE LUMINEO-DODGE CITY SHOP).",,Survey needed,2026-03-31,2026-06-04,,,,GREGORY,19913,RECEIVED,WK,WK,11738.86,No,"Hutch,Outsourced",,X,,X,X
J31474 / Salina Educational Automotive Museum of America,Installation,In Process,,WK,DP,Salina,"The Garage - North Elevation Furnish and install (1) Set of dual color face lit/back lit channel letters ""GARAGE"", and face lit ""THE"" and horizontal elements.  Mount to wall with spacer.  Colors: PMS 185 Red, Perforated Brushed Aluminum Vinyl.  City permits to be billed at cost on final invoice. Primary power/final electrical connection by others Pricing Contingent upon access/survey etc.",,Survey needed,2026-04-01,2026-05-20,,,,SIGN HOUSE,19950,RECEIVED,WK,WK,13416.8,No,,,,,,
J36904 / Weddle & Sons Roofing of Salina,Installation,In Process,,WK,DP,Salina,Vinyl wrap 10 x 30 (C) #378 Furnish and install (1) 10 x 30 vinyl wrap for roadsign (11' x 31' with bleed). Wrap is provided as part of new 3 year contract. Contract begins on 4/1/26.  Board is South facing on righthand side of the road.,,Survey needed,2026-04-02,2026-05-21,,,,INDEPENDENT'S,19939,RECEIVED,WK,WK,,No,,,,,,
J32429 / CITY OF ANDOVER,Installation,In Process,,WK,"VB,CC",Andover,"Capitol Federal Amphitheater update monument sign At Capitol Federal Amphitheater in Andover: 1) survey monument sign for accurate curvature on its back side 2) remove & scrap existing Capitol Federal Amphitheater logo on monument sign 3) relocate the power by Evergy letters to lower right   4) provide new internally LED-illuminated channel letters for Capitol Federal Amphitheater® with 21” capital letters for Capitol Federal and 13¾” capital letter in Amphitheater  5) install on curved wall faced with stone, backed with EFIS, including raceways behind the wall painted to match the EFIS color 6) take completion photos Drawing VB-J32429",,Survey needed,2026-04-03,2026-05-22,,,,steel art,19907,RECEIVED,WK,WK,22755,No,,Routing Complete,X,,,
J36799 / FOLEY EQUIPMENT,Installation,In Process,,NEK,QT,Topeka,"Foley Topeka Damaged monument 031826 Monument sign faces were damaged for both sides of double sided monument. Customer has temporarily fixed and reattached the faces for now. Lumineo to provide labor, equipment and necessary materials to produce and install replacement non illuminated metal sign faces with custom applied vinyl graphics for both sides of double sided monument sign that was damaged. Survey needed to confirm the extent of the damage and confirm build sizes before production.",,Survey needed,2026-04-03,2026-05-22,,,,,,,NEK,NEK,3782,No,Lawrence,,,,,
J36253 / First Security Bank,Installation,In Process,,WK,DW,Norwich,Norwich Corner Sign Option 1 Remove and discard existing sign cabinet. Fabricate and install 1 new LED illuminated routed push thru cabinet.,,Survey needed,2026-04-03,2026-05-28,,,,GREGORY,20024,RECEIVED,WK,WK,10414.96,No,"Hutch,Outsourced",Routing Complete,X,/,/,
J35500 / MT DOBSKI - McDonald's,Installation,In Process,,NEK,VB,DeSoto,"McDonald's DeSoto replace parking lot lights with LEDs At McDonald's DeSoto, there are several parking lot lights out: 1) check in/out with manager on duty  2) survey parking lot light poles to confirm fixture info, height and dimensions 3) remove the old shoebox fixtures, believed to hours 250 watt metal halide bulbs & ballasts 4) provide and install twelve (12) 400 watt equivalent LED fixtures to replace 250 watt MH shoebox fixtures 5) the pole directly across from the second drive-thru window appeared to have an issue at the top and was disconnected, repair 6) take completion photos",,Survey needed,2026-04-06,2026-05-25,,,,,,,NEK,NEK,9165,No,,,,,,
J37145 / Rockstar Investments LLC,Installation,In Process,,NEK,LNI,Lawrence,Removal Removal of two cloud cabinets on front elevation. This is a T&M ticket with a DNE $550.,,Survey needed,2026-04-06,2026-05-25,,,,,,,NEK,NEK,,No,,,,,,
J36219 / First Security Bank,Installation,In Process,,WK,DW,Wichita,Wichita Building Sign Remove and discard existing channel letters. Fabricate and install 1 new set of face lit trim cap channel letter flush mounted to building.,,Survey needed,2026-04-07,2026-05-26,,,,AI Innovations,20000,RECEIVED,WK,WK,9773.6,No,,,,,,
J36817 / CAPITOL FEDERAL,Installation,In Process,,NEK,VB,Overland Park,"Capitol Federal 13500 Metcalf replace directional signs At Capitol Federal’s 13500 Metcalf branch, all three directional signs have peeling vinyl: 1) coordinate in advance with the Bank 2) remove & scrap existing directional signs 3) create three new double-faced aluminum directional signs, with painted bronzetone framework, painted 20” x 24"" PMS 300 blue background and reflective white vinyl copy 4) install to an overall height of 48"" 5) take completion photos Drawing VB-J36817",,Survey needed,2026-04-09,2026-05-28,,,,,,,NEK,NEK,3850,No,Lawrence,,X,X,X,
J33828 / Children's Mercy Hospital,Installation,In Process,,NEK,SP,KCMO,"2 S/F NEW ALUMINUM PAN SIGNS (FLUSH MOUNT) TO REPLACE 2 EXISTING HANGING SIGNS 2 NEW GARAGE PAN SIGNS TO REPLACE 1 EXISTING HANGING GARAGE SIGN (yellow level ""Elevator ->/ <-"") - Remove/dispose one (1) existing double faced hanging garage sign for yellow level reading ""Elevator ->/ <-"" and produce/install 2 single faced all aluminum fabricated pan signs with dimensional aspects (per profile view) with copy as current signs had ""Elevator ->/ <-"".  New signs to be painted SW 7039 Dark Brown for panels and painted to match 7125-25 Sunflower Gold (or PMS 124C yellow) for squares with white reflective vinyl copy 680-10 and overall sized 11"" tall x 78"" long x 4 1/4"" deep. Signs flush mounted onto concrete garage header area.",,Survey needed,2026-04-10,2026-06-04,,,,,,,NEK,NEK,3934,No,Lawrence,,X,X,,
J32903 / MINNEOLA HEALTHCARE,Installation,In Process,,WK,NH,Minneola,"OPT A -utilize 2 cabinets @ LTC site OPTION A: Furnish a new steel plate/pole stub structure (painted black). Remove and dispose of the existing wooden post & panel sign. Set the new steel poles in concrete (excavation through dirt) including a conduit sweep. On the return trip, remove the customer's 2' 9""h x 5' 6""w x 12""d arched cabinet, and  20""h x 8' 3""w x 20""d base cabinet from storage, and bolt them to the plate. Furnish and install (1) new flat plex face with translucent digitally-printed graphics, to fit the bottom cabinet. *SIGN WILL SIT PARALLEL TO THE ROAD. (The top logo cabinet faces will remain as is. We'll peel the black ""FAMILY CARE CLINIC"" vinyl from the bottom face, to blank out the bottom piece that faces the building. *THE CUSTOMER IS RESPONSIBLE FOR RUNNING POWER TO THE SIGN LOCATION.",,Survey needed,2026-04-13,2026-06-04,,,,MIRATEC,20020,RECEIVED,WK,WK,5015.53,No,Outsourced,,X,,X,
J37225 / NKC Health,Installation,In Process,,NEK,QT,NKCMO,"NKC-018 Pylon Signs NKC-018_NKCH Main Hospital Campus 2800 Clay Edwards Dr North Kansas City, MO 64115 Produce and install new cabinets with flex faces on both sides of each pylon.  Sign# 032 and 161 Sign #'s 024, 026, 099, 113",,Survey needed,2026-04-13,2026-06-04,,,,,,,NEK,NEK,20719.21,No,,,,,,
J36445 / NKC Health,Installation,In Process,,NEK,QT,NKCMO,"NKC-018 Various i/i wayfinding NKC-018_NKCH Main Hospital Campus 2800 Clay Edwards Dr North Kansas City, MO 64115 Various internally illuminated wayfinding/directional signs.  Retrofit existing sign cabinets with new translucent sign faces for internally illuminated wayfinding/directional signs Sign #'s 023, 031, 040, 049, 079, 093, 105, 118, 142, 144,165",,Survey needed,2026-04-13,2026-06-04,,,,,,,NEK,NEK,72241.37,No,,,X,X,,
J37289 / EQUITY BANK,Installation,In Process,,NEK,DW,"LaPlata, MO",LaPlata ATM Paint touch up Touch up paint on freestanding ATM retainers.,sent SO to JF 4/21/26,Survey needed,2026-04-17,2026-06-05,,,,,,,NEK,NEK,,No,,,,,,
J31577 / Snodgrass & Sons Construction,Installation,In Process,,WK,TC,Wichita,"Central Christian Academy - Exterior Signage Lumineo Signs to furnish and install the following exterior signage at Central Christian Academy, per design TN-J31577.  One (1) 6'-11"" (H) x 7'-0"" (W) x 6"" (D) S/F, I/I, Polycarb Cabinet w/ Digital Print One (1) set of 1'-0"" (H) x 3"" (D) Halo-lit RCLs, white faces & black returns, reading ""HIGH SCHOOL"" One (1) 6'-0"" (Dia.) S/F, I/I Circle Cabinet with Plex Faces and applied Digital Print graphics One (1) set of 1'-6"" (H) x 1/2"" (D) Acrylic FCOs, painted Black  NOTE: All required sign permit(s) to be sourced by Lumineo Signs and billed at cost in addition to final invoice.",FCO's here,Survey needed,2026-04-20,2026-06-08,,,,"SIGN HOUSE,GEMINI",20038 / 20039,RECEIVED,WK,WK,24632.39,No,,,,,,
J35360 / CITY OF GODDARD,Installation,In Process,,WK,TC,Goddard,"South Elevation Channel Letters - City of Goddard Furnish and install one (1) set of 3"" (D) internally illuminated, reverse channel letters and reverse channel logo, back-lit. All sign components to be fabricated in brushed aluminum. ""City of"" copy on South Elevation sign to be non-illuminated 1/2"" (D) Flat Cut Out letters (FCOs), with a brushed aluminum finish. Reference design TC-J35360.  NOTE: Customer/GC to ensure proper electrical service is provided to the site of the sign prior to installation.",Oct. install,Survey needed,2026-04-21,2026-06-09,,,,AI Innovations,20072,RECEIVED,WK,WK,9461.1,No,,,,,,
J35359 / CITY OF GODDARD,Installation,In Process,,WK,TC,Goddard,"West Elevation Channel Letters - City of Goddard Furnish and install one (1) set of 3"" (D) internally illuminated, reverse channel letters and reverse channel logo, back-lit. All sign components to be brushed aluminum. Reference design TC-J35359.  NOTE: Customer/GC to ensure proper electrical service is provided to the site of the sign prior to installation.",Oct. install,Survey needed,2026-04-21,2026-06-09,,,,AI Innovations,20075,RECEIVED,WK,WK,11388.9,No,,,,,,
J36696 / FOLEY EQUIPMENT  (Metal Copy),Installation,In Process,,NEK,QT,Topeka,"Foley Topeka CCC Signs 031126 Provide labor, equipment and necessary materials to fabricate and modify existing damaged two (2) non illuminated yard signs to be corrected and repaired to working order.",,Survey needed,2026-03-13,2026-04-28,,,,,,,WK,NEK,,No,Lawrence,,X,,,
J37354 / Conrade Insurance,Installation,In Process,,WK,DP,Wichita,"Additional Flush Mounted Metal Laminate on Foam Letters Lumineo to remove ""INSURANCE"" copy, customer to patch and paint before install. Furnish and install (1) set of 1"" deep flush mounted metal laminate on foam letters. Foam to be black with brushed aluminum metal laminate. New copy to be ""GROUP"". Install ""INSURANCE GROUP"" letters centered underneath ""CONRADE"". **Will need a pattern of new layout, showing new placement of both previous and new letters.",,Survey needed,2026-04-27,2026-06-15,,,,GEMINI,20114,RECEIVED,WK,WK,1558.73,No,,,,,,
"J37158 / TYREE AG, INC",Installation,In Process,,WK,NH,"Laverne, OK","flat alum panel + install of FCO 3pc wall logo Furnish & install (1) 4'x8' flat aluminum sign panel (white enamel finish, with digitally-printed vinyl graphics/UV laminate on both sides). Fasten to the 1.25"" angle iron mounting flange using new hardware. . . While on site, install the customer's 3-piece flat aluminum cutout on their exterior office wall. Mount on the ribbed metal siding (12"" centers), and take some PVC spacers cut to 1.25"" lengths, to fasten areas that don't hit a rib. *No pattern. Just need to level the coy, and align the swoosh/plane as close as possible.",,Survey needed,2026-04-27,2026-06-02,,,,GREGORY,20117,RECEIVED,WK,WK,3449.9,No,Outsourced,,,,X,
J37437 / COLLEEN & CO,Installation,In Process,,NEK,LNI,Lawrence,Install pan sign Install pan sign at customers location brackets already installed on wall,,Survey needed,2026-04-27,2026-06-15,,,,,,,NEK,NEK,,No,,,,,,
J37339 / CONV/VISITORS BUREAU LIBERAL,Installation,In Process,,WK,NH,Liberal,"digital prints on Gateway bench Furnish (2) 3' 2""w x 20' 4"" continuous digitally-printed vinyl graphics (with UV laminate) to apply to the outer & inner surfaces of the blank circular shade of the ""Gateway"" bend. Apply in the field, after the unit has been installed. Cut around the bench seat/brackets as needed.",Tanner install,Survey needed,2026-04-28,2026-06-16,,,,GREGORY,20117,RECEIVED,WK,WK,3349.5,No,,,,,,
J37347 / WAM CAPITAL,Installation,In Process,,WK,CC,Wichita,"Remove existing formed plastic address numerals. Furnish new pan with FCO numerals for 8909 E 35th Remove the formed plastic address numerals from the north side of the 8909 building. Fabricate and install a new 5' (H) x 9' (W) x 2"" (D), aluminum pan sign with routed numerals attached. Install on the upper building fascia, at the west end of building's north elevation. Background pan to be sanded, primed, and painted silver. Routed aluminum numerals sanded, primed, and painted PMS 424C. Reference design CC-J37347. Center up and down in upper fascia area and center left and right between downspouts. This is on the north side of building. Customer wants to hang new sign on the east end of building instead of west end, as rendering shows. See attached.",,Survey needed,2026-04-29,2026-06-17,,,,GEMINI,20116,RECEIVED,WK,WK,7401.43,No,,,X,X,,
J37471 / MEMORIAL ART COMPANY,Installation,In Process,,WK,AS,Great Bend,BT19E Wrap 8 x 16 Furnish and install (1) new wrap measuring 9' x 17' Overall (VO 8 x 16) for new contract on BT19E.,,Survey needed,2026-04-29,2026-06-17,,,,INDEPENDENT'S,20121,RECEIVED,WK,WK,,No,,,,,,
J37469 / MEMORIAL ART COMPANY,Installation,In Process,,WK,AS,McPherson,MP11W New wrap Furnish and install (1) new wrap measuring 10' x 20' VO (with bleed 11' x 21') for new 36 month contract.  Contract to go into effect on 6/1/26.,,Survey needed,2026-04-29,2026-06-17,,,,INDEPENDENT'S,20121,RECEIVED,WK,WK,,No,,,,,,
"J30131 / Stone Creek Station (GC Investments, Inc)",Installation,In Process,,WK,NH,Garden City,"interior faux neon burger (Blue Sky) Furnish (1) interior faux neon ""burger"" sign, consisting of a routed flat acrylic background (3/16"" thick, black) with 4000K white LED ""faux neon"" tubing on the face side, with wire leads on the backside. (setup for remote power supplies. **Nathan has already dropped off a power supply box for the electrician to inset into the wall, prior to tiling. Power will be inside). Mount the acrylic backer on the tiled wall, using aluminum spacers & decorative caps (spaced 1"" away from the wall). Mount power supplies in the inset box, and terminate leads. (Acrylic backer will overlay our box lid).",,Survey needed,2026-04-30,2026-06-18,,,,zlight,20122,RECEIVED,WK,WK,3861.87,No,,,,,,
"J37083 / Stone Creek Station (GC Investments, Inc)",Installation,In Process,,WK,NH,Garden City,"FCO acrylic logo (interior BSTX) INTERIOR LOGO: Furnish and install (1) set of non-illuminated flat-cut-out acrylic letters/star. (#5687 white, 3/8"" thick, flush-mounted individually using double-stick tape, over ceramic tile).",,Survey needed,2026-04-30,2026-06-18,,,,GEMINI,20123,RECEIVED,WK,WK,1469.09,No,,,,,,
J35354 / Gene's Heartland Foods,Installation,In Process,,NEK,JL,Eudora,"LED Retrofit for Existing Pylon Retrofit existing sign with LED lighting.  Retrofit to encompass tenant face area and Gene's main ID at top of structure.  Note, No LED required for reader board as it will be replaced with new 3' x 6' EMC located directly under Gene's Main ID.  Tenant panel to be moved to bottom of structure.  (EMC on separate ticket)",,Survey needed,2026-04-30,2026-06-18,,,,,,,NEK,NEK,3033,No,,,,,,
J36580 / DODGE CITY USD #443,Installation,In Process,,WK,NH,Dodge City,"DIRECTIONAL SIGN: Furnish and install (1) 2' 6""h x 5'w double-face, non-illuminated aluminum post & panel sign (PMS 661 blue enamel finish, 4""x4"" aluminum posts, vinyl graphics). Hand-dig holes & set the posts in Sackcrete to grade. (4' 6"" OAH).",,Survey needed,2026-05-01,2026-06-04,,,,,,,WK,WK,3503.19,No,Hutch,,X,,X,X
J37560 / American Family Insurance -Daisy Padilla,Installation,In Process,,WK,NH,Liberal,"Replace all with new 4x8 blank Duraply (from DC stock). Dispose of the old panels. Also, replace the old hollow grip rod with solid fiberglass rod. Reinstall the AmFam wrap. . . Place a FOR LEASE banner on the top space (currently advertising Keating Tractor).",,Survey needed,2026-05-01,2026-06-19,,,,,,,WK,WK,,No,,,,,,
J37549 / McDonald's #4164,Installation,In Process,,NEK,VB,Lawrence,"McDonald's #4164 FIFA Word Cup ""stuck"" soccer ball promotion",,Survey needed,2026-05-01,2026-06-19,,,,,,,NEK,NEK,,No,,,,,,
J37550 / McDonald's #1511,Installation,In Process,,NEK,VB,Lawrence,"McDonald's #1511 FIFA World Cup ""stuck"" soccer ball promotion T&M  At McDonald’s #1511 as a host City for the FIFA World Cup: 1) approximately June 1, install customer-provided 23” diameter inflatable PVC soccer ball, with included tethers and air pump, to appear “stuck” with logo facing the street 2) take photos 3) after the World Cup, remove the soccer ball, seal any holes where tethers were attached 4) take completion photos 5) return to Patrick Manning at Dobski & Associates’ office",,Survey needed,2026-05-01,2026-06-19,,,,,,,NEK,NEK,,No,,,,,,
J37222 / IDEATEK,Installation,In Process,,WK,TC,Elkhart,"Furnish and install one (1) 4'-0"" (H) x 8'-0"" (W) ACM sign, with radius corners and direct digital print. To install in place of previous Epic Touch sign. Reference design TC-J37222.  NOTE: Any required sign permit(s) to be sourced by Lumineo Signs, and billed at cost in addition to final invoice.",,Survey needed,2026-05-05,2026-06-23,,,,GREGORY,20171,RECEIVED,WK,WK,1351.59,No,,,,,,
J36336 / First Presbyterian Church,Installation,In Process,,WK,TC,Derby,"Furnish and install one (1) set of 1/2"" (D) FCOs, painted PMS 288C, reading ""FIRST PRESBYTERIAN CHURCH"", installed flush mount to building in one line of copy. Reference design TC-J36336.  NOTE: Any required sign permits to be sourced by Lumineo Signs and billed at cost in addition to final invoice.",,Survey needed,2026-05-06,2026-06-24,,,,GEMINI,20189,RECEIVED,WK,WK,5058.08,No,,,,,,
J35800 / First Presbyterian Church,Installation,In Process,,WK,TC,Derby,"Remove existing FCOs from building. Furnish and install one (1) set of 1/2"" (D) FCOs, painted white, installed flush mount to building in same location as original set. Reference design TC-J35800.  NOTE: Any required sign permits to be sourced by Lumineo Signs and billed at cost in addition to final invoice.",,Survey needed,2026-05-06,2026-06-24,,,,GEMINI,20188,RECEIVED,WK,WK,3686.04,No,,,,,,
J37573 / FIDELITY BANK,Installation,In Process,,WK,CC,Wichita,"Furnish and install new trim capped faces for the set of channel letters on the front elevation of the Twin Lakes branch building. New faces to be white acrylic, decorated with translucent vinyl.",,Survey needed,2026-05-06,2026-06-24,,,,SIGN HOUSE,20176,RECEIVED,WK,WK,2779.37,No,,,,,,
J33723 / SALINA PUBLIC LIBRARY,Installation,In Process,RED DATE,WK,DP,Salina,"Furnish and install flat cut out acrylic logo element and ""SALINA PUBLIC LIBRARY"" copy. Sized to fit space shown in drawings.",,Survey needed,2026-05-07,2026-06-25,,,,GEMINI,20165,RECEIVED,WK,WK,2287.44,No,,,,,,
J37639 / Genesh Inc./Burger King,Installation,In Process,,WK,NH,Dodge City,"Remove and dispose of the damaged drive-thru clearance bar structure. Uncrate the replacement structure (on site, inside the dumpster corral). Install the new structure on the existing j-bolts.",,Survey needed,2026-05-07,2026-06-25,,,,,,,WK,WK,,No,,,,,,
"J36321 / NATIONAL BEEF PACKING CO.,LLC",Installation,In Process,,WK,NH,Dodge City,"Furnish and install (1) replacement 6-piece digitally-printed vinyl banner (with UV laminate, and doubled vertical Velcro lines sewn into the seams, with a grommetted underlay extension. . . Same creative as original sketch NH-22768-1). Remove and dispose of the existing 6-piece faded banner. Install the new banner in the existing BannerGrip frame (9' 6""h x 270'w overall), utilizing the existing good clips. *Includes changing out worn clips as needed, up to an allotment of (100) clips. *INCLUDES (2) SCISSOR LIFT RENTALS.",shipping to Dodge,Survey needed,2026-05-08,2026-06-26,,,,INDEPENDENT'S,20170,RECEIVED,WK,WK,17255.77,No,,,,,,
J37200 / CALVARY BAPTIST CHURCH (Lenexa),Installation,In Process,,NEK,SP,Lenexa,"RETROFIT EXISTING DOUBLE FACED MONUMENT TO WHITE LED'S - Retrofit the existing double faced backed with acrylic routed aluminum monument cabinet that has presently fluorescent lamps and convert it to white LED's with power supplies.  Sign cabinet is sized 41 1/2"" tall x 8' long x 18"" deep for main cabinet and the round logo icon cabinet is sized 18"" diameter x 28 1/2"" deep. Included is to resecure (silicone down) loose acrylic back up plex and to wipe down the aluminum monument cabinet when changing out lighting.",,Survey needed,2026-05-08,2026-06-26,,,,,,,NEK,NEK,1807,No,,,,,,
J36388 / United Way of Dodge City,Installation,In Process,,WK,NH,Dodge City,"Furnish (1) set of digitally-printed, contour-cut UW vinyl logo/blue copy & ""211"" graphics, to apply to the second window (to the north). Also, furnish a 2nd ""211"" word bubble, to apply to the south window that already has the UW logo/blue copy. Nathan to install.",,Survey needed,2026-05-11,2026-06-29,,,,GREGORY,20241,RECEIVED,WK,WK,253.75,No,,,,,,
J36364 / Satanta District Hospital,Installation,In Process,,WK,NH,Santana,"HAIL-DAMAGE REPAIRS ON MONUMENT SIGN: Furnish (39) plastic louvers to replace (4) louvers on the south side of the 10mm LED display, and (ALL 35) louvers on the north side. Swap out and dispose of the damaged louvers. Also, furnish (2) modules to replace the ones with stuck pixels. (One on the north, one on the south).",shipping to Dodge. Return screws for credit.,Survey needed,2026-05-11,2026-06-29,,,,WATCHFIRE,20242,RECEIVED,WK,WK,5348.4,No,,,,,,
J36827 / First Call For Help,Installation,In Process,,WK,AS,Hutchinson,"Furnish and install (1) 5'x 10' non-illuminated  frame system sign with digitally printed flex face, installed on north elevation to the left of Food bank sign. Customer to provide tax exempt certificate.",,Survey needed,2026-05-11,2026-06-29,,,,"Alpina Mfg.,INDEPENDENT'S",20190 /20263,RECEIVED,WK,WK,2358.94,No,,,,,,
J37707 / BILLBOARD BUSINESS LLC,Installation,In Process,,WK,LNI,Russell,Repair board damaged by car accident,,Survey needed,2026-05-12,2026-06-30,,,,,,,WK,WK,6522.88,No,,,,,,
J36972 / ROLLING HILLS WILDLIFE ADVNT,Installation,In Process,,WK,DP,Salina,Furnish and install (1) 12' x 40' wrap (13' x 41' with bleed) on a non-Lumineo board.  (South facing board).,,Survey needed,2026-05-12,2026-06-30,,,,INDEPENDENT'S,20211,RECEIVED,WK,WK,1894.9,No,,,,,,
J31399 / Ford County Historical Society,Installation,In Process,,WK,NH,Dodge City,"Furnish (2) 17""x88"" single-face, non-illuminated aluminum composite material panels (black enamel finish, 7725-10 white vinyl copy). Overlay the existing under-canopy sign, using painted fasteners.",,Survey needed,2026-05-14,2026-06-04,,,,,,,WK,WK,659.68,No,Hutch,,,,X,X
J37694 / Travelodge,Installation,In Process,,WK,NH,Dodge City,"Furnish and install (2) digitally-printed flex faces, with UV laminate, to fit the existing 11' 1/2""hx10'w double-face, internally-illuminated pylon ID cabinet. Remove and dispose of the existing clip-mounted OYO faces. Stretch the new faces utilizing existing clips. *INCLUDES SURVEY TO CONFIRM SIZING/FRAME & RETAINER STYLE, ETC. *IF ANY ELECTRICAL SERVICE IS NEEDED, LUMINEO CAN PROVIDE ON AN ADDITIONAL ""TIME & MATERIALS"" BASIS. *Customer to provide production-ready logo & blue color specifications.",shipping to Dodge,,2026-05-18,2026-07-06,,,,MIRATEC,20260,RECEIVED,WK,WK,6916,No,,,,,,
J37830 / AZ US STORE MAINTENANCE (AUTOZONE PARTS INC),Installation,In Process,,WK,VB,Newton,The end of the long neon hash mark on the east side of the building is broken. Repair as needed,,,2026-05-19,2026-07-07,,,,,,,WK,WK,4120,No,,,,,,
J36287 / O'REILLY AUTO PARTS,Installation,In Process,,WK,VB,Newton,For O’Reilly Auto Parts #352 Newton: 1) receive & inspect one set of channel letters with 63” tall O’Reilly custom-shaped cabinets and 31” Auto Parts channel letters on raceways 2) check in/out with store manager,,,2026-05-19,2026-07-07,,,,,,,WK,WK,4120,No,,,,,,
J37874 / Barclay College,Installation,In Process,,WK,NH,Bucklin,Strap broke & dangling. Replace as needed.,,,2026-05-21,2026-07-09,,,,,,,WK,WK,,No,,,,,,
J37870 / SHELTER INSURANCE COMPANIES,Installation,In Process,,WK,NH,Dodge City,"The vertical grip rods have slipped out of the pocket, and are hanging down to the ground. Re-insert & secure them. Check over the rest of the structure to make sure all is okay.",,,2026-05-21,2026-07-09,,,,,,,WK,WK,,No,,,,,,
J37867 / GREAT PLAINS CHRISTIAN RADIO,Installation,In Process,,WK,NH,Dodge City,"Several cedar saplings are growing up under the roadsign structure, and out in front of the sign. Cut them off at grade and haul off (before they become obstructions/problems).",,,2026-05-21,2026-07-09,,,,,,,WK,WK,,No,,,,,,
J37926 / ROTO MIX,Installation,In Process,,WK,NH,Dodge City,Econo ACM -sheared to size,,Survey needed,2026-05-26,2026-07-14,,,,,,,WK,WK,,No,,,,,,
J37921 / HUTCHINSON PUBLIC SCHOOLS USD 308 ADMINISTRATION,Installation,In Process,,WK,DP,Hutchinson,Remove 4' x 8' EMC with ID Cabinet,,Survey needed,2026-05-26,2026-07-14,,,,,,,WK,WK,,No,,,,,,
J37913 / BILLBOARD BUSINESS LLC,Installation,In Process,,WK,LNI,Walton,Remove billboard structure,,Survey needed,2026-05-26,2026-07-14,,,,,,,WK,WK,,No,,,,,,
J37873 / Holcomb USD 363,Installation,In Process,,WK,NH,Dodge City,(10) blank white Econo ACM panels,,Survey needed,2026-05-26,2026-07-14,,,,,,,WK,WK,1532.18,No,,,,,,
J38038 / Hi-Plains Motel,Installation,Added,,WK,NH,Leoti,Furnish (2) sets of regular-cut 7725-10 white vinyl copy to fit the customer's door glass. Package & ship to customer. Customer to apply to first-surface glass.,,,2026-06-02,2026-07-21,,,,,,,WK,WK,198.57,No,,,,,,
J38037 / GTG Peterbilt,Installation,Added,,WK,CC,Wichita,Remove the flat panel body shop/TRP signs from the east side of building and dispose of off site.,,,2026-06-02,2026-07-21,,,,,,,WK,WK,,No,,,,,,
J37966 / GROVE CHIROPRACTIC & SPORTS INJURY,Installation,Added,,WK,NH,Dodge City,"Furnish and install (1) new regular-cut reading of ""7:00"" (7725-10 white). Peel the existing ""5:00"" vinyl on the ""FRIDAY"" line, and apply the 7:00 in its place. (All other copy remains as is).",,,2026-06-02,2026-07-21,,,,,,,WK,WK,136.28,No,,,,,,
J36188 / O'REILLY AUTO PARTS,Install - waiting on product,In Process,,NEK,VB,Emporia,"O'Reilly Auto Parts #203 Emporia repair pole sign storm damage with new flex-faces At O'Reilly Auto Parts #203, 2020 W 6th, Emporia: TAKE BEFORE & AFTER PHOTOS 1) receive & inspect new flex-faces & frame system and new LEDs for logo cabinet 2) check in/out with IVR system, 516-500-7776 or 516-200-3363, PIN #338224, WO # 341635070 3) install 10 new provided 96 LED sticks and their power supplies for the logo cabinet 4) install six new provided 96 LED sticks and their power supplies for the marquee 5) install two new provided flex-faces and extrusion kit 6) take completion photos and get customer sign-off",,Survey needed,2026-04-13,2026-06-01,,,,,,,NEK,NEK,5445,No,,,,,,
J35523 / Jones Sign - Gallagher,Install - waiting on product,In Process,,WK,CC,Wichita,"Receive and install new set of channel letters for Gallagher Furnish labor, materials, and equipment to receive/inspect/install one set of reverse channel letters and logo, per drawings provided by Jones Signs. Building manager doesn't want us set up overhead during regular business hours, so proposal is based on Saturday installation. Permit is not included in the proposal, so if issuing a PO, please add $73.00 for the permit fee, and $200 acquisition fee to this proposal amount. Work must be scheduled for a Saturday install.",Saturday,Survey needed,2026-04-13,2026-06-01,,,,,,RECEIVED,WK,WK,7496,No,,,,,,
J37974 / UNITED WIRELESS ARENA/CITY OF DODGE CITY,Install - waiting on product,Added,,WK,NH,Howell,R&I 10x24 wrap (Howell),,,2026-05-28,2026-07-16,,,,,,,WK,WK,,No,,,,,,
J37973 / UNITED WIRELESS ARENA/CITY OF DODGE CITY,Install - waiting on product,Added,,WK,NH,Dodge City,R&I 10x24 wrap (near Koch),,,2026-05-28,2026-07-16,,,,,,,WK,WK,,No,,,,,,
J37972 / BOOT HILL CASINO & RESORT,Install - waiting on product,Added,,WK,NH,Offerle,R&I wrap (Offerle),,,2026-05-28,2026-07-16,,,,,,,WK,WK,,No,,,,,,
J37971 / BOOT HILL CASINO & RESORT,Install - waiting on product,Added,,WK,NH,Ford,R&I wrap (Ford),,,2026-05-28,2026-07-16,,,,,,,WK,WK,,No,,,,,,
J37970 / BOOT HILL CASINO & RESORT,Install - waiting on product,Added,,WK,NH,Pratt,R&I wrap (Pratt),,,2026-05-28,2026-07-16,,,,,,,WK,WK,,No,,,,,,
J37872 / Dualite (DOLLAR GENERAL),Install - waiting on product,Added,,WK,NH,Liberal,"Receive & install (1) 5'x10' double-face, ACM-face sign cabinet, with top light brackets. Remove and dispose of the existing 6'x16' plate-mount cabinet. Bolt the new cabinet to the existing plate/pole. Hook up power.",,,2026-06-02,2026-07-21,,,,,,,WK,WK,3641,No,,,,,,
J37959 / EVERBRITE (STATE FARM AMY LONG AGENCY),Install - waiting on product,Added,,WK,AS,Hutchinson,"At State Farm Amy Long Agency, Hutchinson: 1) receive & inspect sign face from Everbrite 2) coordinate in advance with customer 3) remove & scrap existing wall sign face  4) install provided new 48.75” x 12’¾” flat white polycarbonate face with vinyl graphics 5) take completion photos",,,2026-06-02,2026-07-21,,,,,,,WK,WK,786,No,,,,,,
J36927 / LEWIS AUTOMOTIVE GROUP,Surveys,In Process,,WK,NH,Garden City,"Pattern the 2nd ""N"" channel letter can, and bring in a chip for plex scolor match. Remove the remnant, as not to risk blowing down. Fabricate a new 3'h trimcap face (red plex, red edging). Return to the site to install.",,,2026-05-19,2026-07-07,,,,,,,WK,WK,1046.03,No,,,,,,
J37378 / Calvary Chapel Fellowship,Surveys,Added,,WK,TC,Wichita,New Faces & LED Conversion - Calvary Chapel Fellowship,need trim size survey,,2026-05-28,2026-07-16,,,,MIRATEC,,,WK,WK,3686.31,No,,,,,,
J36163 / Coffee House,Surveys,Added,,WK,NH,Dodge City,"POLE SIGN & DIRECTIONAL SIGN RE-WORK: Furnish and install (2) flat plex faces with translucent digitally-printed vinyl graphics to fit the existing 4'x8' double-face internally-illuminated pole sign cabinet, and the existing 2'x2' double-face internally-illuminated directional sign cabinet. Remove and dispose of the existing faces. Re-paint the cabinets & poles chocolate brown. Slide the new faces into place. *INCLUDES SURVEY TO CONFIRM TRIM SIZES. . . *IF ANY ELECTRICAL SERVICE IS NEEDED, LUMINEO CAN PROVIDE ON AN ADDITIONAL ""TIME & MATERIALS"" BASIS.",,,2026-06-01,2026-07-20,,,,,,,WK,WK,4088.46,No,,,,,,
J34621 / MERITRUST CREDIT UNION,Outsourced - Vendor,Hold,,WK,CC,"Pueblo, CO","New set of internally illuminated channel letters for Pueblo branch Furnish and install one set of internally illuminated trim capped channel letters, per design CC-J34621. Drivers will need to be installed inside the building back in the work room area, as well as the wiring pulled into this room.  120V service to the drivers to be supplied and hooked up by separate contractor. Proposal also includes the removal of the flat sign panel and angle iron frame from over main entrance and disposing off site. Permit to be secured and invoiced as a separate line item on final billing. Label for job location and ship product to: DaVinci Sign Systems 4496 Bents Drive - Unit A Windsor, CO  80550",order release from hold 5/29,Survey needed,2025-12-16,2026-02-03,,,,AI Innovations,20368,ORDERED,WK,WK,14111.72,No,,,,,,
J34827 / MERITRUST CREDIT UNION,Outsourced - Vendor,In Process,,WK,CC,"Broomfield, CO","Remove the existing Premier sign from the north side of building and dispose of off site. Furnish and install a new set of internally illuminated channel letters with matching returns, trim cap and faces. Faces to be decorated with translucent printed vinyl that will match PMS 1797C red. Drivers for the LED illumination will need be be housed behind the wall, in an accessible area. 120V service to drivers to be provide and hooked up by separate contractor. Permit to be secured and invoiced as separate line item on final invoice. Reference design CC-J34827.",,Survey needed,2025-12-26,2026-02-13,,,,AI Innovations,20166,SHIPPING,WK,WK,,No,,,,,,
J34724 / MERITRUST CREDIT UNION,Outsourced - Vendor,Hold,,WK,CC,"Boulder, CO","New set of channel letters for 5360 Arapahoe Boulder Meritrust Furnish and install a new set of internally illuminated channel letters for storefront. Letters to be individually mounted on beam. Drivers and wiring to be concealed on back of beam with a fabricated aluminum wireway. 120V electrical service will need to be brought to the wireway by licensed electrician. Reference design CC-J34724. Proposal is based on getting city approval and permit. Permit to be invoiced as a separate line item on final billing statement. Ship product to: DaVinci Sign Systems 4496 Bents Drive - Unit A Windsor, CO  80550",,Survey needed,2026-01-12,2026-03-02,,,,AI Innovations,,,WK,WK,11815.53,No,,,,,,
J35645 / NKC Health,Outsourced - Vendor,In Process,,NEK,QT,KCMO,"NKCH-003 MH Vivion #Int-001 ST: IPH.M.12 NKC-003 MERITAS HEALTH - VIVION SIGN NUMBER: Int-001 SIGN TYPE: IPH.M.12 Interior Acrylic Letters - Non-Illuminated FURNISH AND INSTALL (1) SET OF NON-ILLUMINATED ACRYLICLETTERS. NKC - .5” ACRYLIC PAINTED PMS 2026C ORANGE, SEMI-GLOSS FINISH. HEALTH - .5” ACRYLIC PAINTED PMS 7650C MULBERRY, SEMI-GLOSS FINISH. VHB TAPE TO WALL",,Survey needed,2026-02-05,2026-03-26,,,,,,,NEK,NEK,,No,,,,,,
J35647 / NKC Health,Outsourced - Vendor,In Process,,NEK,QT,NKCMO,NKCH-018 main campus #172 STCA.W.18 NKC-018 NKCH MAIN HOSPITAL CAMPUS SIGN NUMBER: 172 SIGN TYPE: CA.W.18 Channel Letters - Internally-Illuminated FURNISH AND INSTALL (1) SET OF INTERNALLY-ILLUMINATED CHANNEL LETTERS. AMBULANCE - .177” #7328 WHITE ACRYLIC FACES .040” PRE-PAINTED WHITE ALUMINUM RETURNS. 1” WHITE JEWELITE TRIM CAPS. ILLUMINATES WITH WHITE LEDS. CUSTOMER TO PROVIDE POWER TO LOCATION,,Survey needed,2026-02-06,2026-03-27,,,,,,,NEK,NEK,,No,,,,,,
J34686 / Greenbush - The Southeast Kansas Service Center,Outsourced - Vendor,In Process,,NEK,QT,Girard,Greenbush Meeting Room ABC 111225 Produce and install (11) Suite Surrounds for existing electronic room ID's,,Survey needed,2026-02-06,2026-03-27,,,,,,,NEK,NEK,3955,No,,,,,,
J35653 / NKC Health,Outsourced - Vendor,In Process,,NEK,QT,KCMO,"NKCH-002 MH Landmark ST #003 STCH.WR.36 NKC-002 MERITAS HEALTH LANDMARK AT TIFFANY SPRINGS SIGN NUMBER: 003 SIGN TYPE: CH.WR.36 Illuminated Channel Letters Raceway Mounted REMOVE AND DISPOSE OF EXISTING CHANNEL LETTERS. FABRICATE AND INSTALL (1) SET OF 36” PAN CHANNEL LETTERS RACEWAY MOUNTED. NKC - .177” PLASKOLITE #2406 LD WHITE ACRYLIC OVERLAID WITH DIGITALLY PRINTED BY MIRATEC SYSTEMS TRANSLUCENT ORANGE VINYL TO MATCH PMS 2026C. OVERLAM WITH 3M 3660M 1” JEWLITE ORANGE TRIM CAP PAINTED PMS 2026C ORANGE. HEALTH - .177” #7328 WHITE ACRYLIC, 1“ JEWLITE WHITE TRIM CAP. LETTER/SYMBOL RETURNS - .050” ALUMINUM PAINTED PMS 7650C MULBERRY, SEMI-GLOSS FINISH. ILLUMINATES WITH WHITE LEDS. RACEWAY - 8” X 7” EXTRUDED ALUMINUM PAINTED TO MATCH FASCIA (TBD)",,Survey needed,2026-02-06,2026-03-27,,,,,,,NEK,NEK,,No,,,,,,
J35180 / Greenbush - The Southeast Kansas Service Center,Outsourced - Vendor,In Process,,NEK,"QT,DP",Girard,Greenbush Conference Center 121525 Produce and install two sets of non illuminated letters and logo for Conference Center sign and TV wall,,Survey needed,2026-02-06,2026-03-27,,,,,,,NEK,NEK,5191,No,,,,,,
J35780 / NKC Health,Outsourced - Vendor,In Process,,NEK,QT,NKCMO,"NKCH-018 Main #057 ST D7e.i directional w emer NKC-018 NKCH MAIN HOSPITAL CAMPUS SIGN NUMBER: 057 SIGN TYPE: D7e.i NKCH DIRECTIONAL WITH EMERGENCY Illuminated  REMOVE AND DISPOSE OF EXISTING INTERNALLY ILLUMINATED DIRECTIONAL. FABRICATE AND INSTALL (1) INTERNALLY-ILLUMINATED, DOUBLE-FACED DIRECTIONAL SIGN. INSTALLS WITH MATCH PLATE AND BOLTS TO EXISTING CONCRETE PAD. SIGN FACES - 3M PANAGRAPHICS III. DIGITALLY PRINTED BY MIRATEC. OVERLAM ENTIRE FACES WITH 3M 3660M OVERLAMINATE  #2103 SIGNCOMP EXTRUSION WITH EXPOSED SURFACES PAINTED WHITE. SIDE BIS .125"" ALUMINUM CLADDING PAINTED MULBERRY, SEMI GLOSS FINISH . EXTRUSION COVER - .125"" ALUMINUM PAINTED MULBERRY, SEMI GLOSS FINISH. CLADDING - .125"" ALUMINUM PAINTED ORANGE, SEMI GLOSS FINISH. BASE CLADDING - .125"" ALUMINUM PAINTED DARK MULBERRY, SEMI-GLOSS FINISH. ADDRESS APPLIED IN 3M WHITE REFLECTIVE VINYL. FONT: FIGTREE SEMI-BOLD",,Survey needed,2026-02-06,2026-03-27,,,,,,,NEK,NEK,,No,,,,,,
J29805 / Greenbush - The Southeast Kansas Service Center,Outsourced - Vendor,In Process,,NEK,"QT,DP",Girard,"Greenbush Dave DeMoss Center Exterior Signage Remove and dispose of current letters on North Elevation. Furnish and install non-illuminated letters with new GREENBUSH logo and Dave DeMoss Center, designed to concept.   City permits to be billed at cost on final invoice. Pricing Contingent upon access/survey etc.",,Survey needed,2026-02-06,2026-03-27,,,,,,,NEK,NEK,8447,No,,,,,,
J34684 / Greenbush - The Southeast Kansas Service Center,Outsourced - Vendor,In Process,,NEK,QT,Girard,"Greenbush logo x 10 Remove existing non illuminated logos from wall where necessary. Produce and install (10) 36""x36"" logos for main campus",,Survey needed,2026-02-06,2026-03-27,,,,,,,NEK,NEK,18166,No,,,,,,
J35779 / NKC Health,Outsourced - Vendor,In Process,,NEK,QT,NKCMO,"NKCH-018 Main #163 STP12E pylon NKC-O18 NKCH MAIN HOSPITAL CAMPUS SIGN NUMBER: 163 SIGN TYPE: P12E NKCH PYLON WITH EMERGENCY Illuminated. REMOVE AND DISPOSE OF EXISTING INTERNALLY ILLUMINATED PYLON SIGN/STRUCTURE. FABRICATE AND INSTALL (1) INTERNALLY-ILLUMINATED, SINGLE-FACED PYLON SIGN. INSTALLS WITH MATCH PLATE AND BOLTS TO EXISTING CONCRETE PAD SIGN FACES - 3M PANAGRAPHICS III. DIGITALLY PRINTED BY MIRATEC. OVERLAM ENTIRE FACES WITH 3M 366OM OVERLAMINATE #2103 SIGNCOMP EXTRUSION WITH EXPOSED SURFACES PAINTED WHITE. SIDE BIS .125"" ALUMINUM CLADDING PAINTED MULBERRY, SEMI GLOSS FINISH. • 	EXTRUSION COVER - .125"" ALUMINUM PAINTED MULBERRY, SEMI GLOSS FINISH. CLADDING - .125"" ALUMINUM PAINTED ORANGE, SEMI GLOSS FINISH. BASE CLADDING - .125"" ALUMINUM PAINTED DARK MULBERRY, SEMI-GLOSS FINISH. ADDRESS APPLIED IN 3M WHITE REFLECTIVE VINYL. FONT: FIGTREE SEMI-BOLD",,Survey needed,2026-02-06,2026-03-27,,,,,,,NEK,NEK,,No,,,,,,
J35781 / NKC Health,Outsourced - Vendor,In Process,,NEK,QT,NKCMO,"NKCH-012 9411 NOak #011 ST D4 Directional NKC-012 9411 N OAK MED CENTER SIGN NUMBER: 011 SIGN TYPE: D4 DIRECTIONAL Non-Illuminated REMOVE AND DISPOSE OF EXISTING DIRECTIONAL. FABRICATE AND INSTALL (1) NON-ILLUMINATED, SINGLE-FACED DIRECTIONAL. INSTALLS WITH MATCHPLATE AND BOLTS TO CONCRETE PAD. SIGN FACES - .125” ALUMINUM CHEM WELDED TO ALUMINUM ANGLE FACE FRAME PAINTED MULBERRY, PAINT AND MASK CORNER ARC PMS ORANGE, SEMI-GLOSS FINISH. FACE FRAMES - .125” ALUMINUM ANGLE PAINTED MULBERRY, SEMI-GLOSS FINISH. CLADDING - .125” ALUMINUM PAINTED ORANGE, SEMI-GLOSS FINIS. BASE CLADDING - .125” ALUMINUM PAINTED DARK MULBERRY, SEMI-GLOSS FINISH. DIRECTIONAL COPY AND ARROWS - 680-10 WHITE REFLECTIVE VINYL. FONT: FIGTREE SEMI-BOLD",,Survey needed,2026-02-06,2026-03-27,,,,,,,NEK,NEK,,No,,,,,,
J34683 / Greenbush - The Southeast Kansas Service Center,Outsourced - Vendor,In Process,,NEK,"QT,DP",Girard,Greenbush Haderlein Lobby 111225 Produce and install one (1) interior non illuminated wall sign display for Haderlein Building waiting room and lobby.,,Survey needed,2026-02-09,2026-03-30,,,,,,,NEK,NEK,3483,No,,,,,,
J33315 / Greenbush - The Southeast Kansas Service Center,Outsourced - Vendor,In Process,,NEK,"QT,DP",Girard,Greenbush Haderlein Exterior 090925 Produce and install two (2) sets of exterior non illuminated letters for both east and west elevation of Haderlein Building.,,Survey needed,2026-02-09,2026-03-30,,,,,,,NEK,NEK,8711,No,,,,,,
J35131 / SAINT LUKE'S HEALTH SYSTEM,Outsourced - Vendor,In Process,,NEK,QT,"Parkville, MO",SL Parkville West 121125 Remove and dispose of all signage from the west elevation. Produce and install one temporary banner to read urgent care. Produce and install one set of internally illuminated individually mounted channel letters. (remove temporary banner),,Survey needed,2026-02-24,2026-04-14,,,,,,,NEK,NEK,5636,No,,,,,,
J35952 / NKC Health,Outsourced - Vendor,In Process,,NEK,QT,KCMO,"NKC-002 #005 ST CUST-REF NKC-002_Meritas Health Landmark at Tiffany Springs 10161 N Ambassador Dr Kansas City, MO 64153 Sign # 005 Sign Type CUST-REF Reface existing cabinet with new aluminum panels painted mulberry and orange for curve, returns to be painted mulberry as well. Base below cabinet to be painted dark mulberry, leave existing stone base as is. Cabinet to be routed out with push-thru acrylic copy and applied translucent vinyl on ""NKC"". Must confirm that refacing is a viable option. Confirm existing illumination is in good working order. Replace/repair components to bring sign to full illumination",,Survey needed,2026-03-04,2026-04-22,,,,,,,NEK,NEK,8454.54,No,,,,,,
J35919 / NKC Health,Outsourced - Vendor,In Process,,NEK,QT,KCMO,"NKC-006 #100 Interior FCOs NKC-006 North Oak Building 5400 North Oak Trafficway Kansas City, MO 64118  Sign # 100 Sign Type CUST-LNIP Remove existing pictures. Patch and repair wall as needed. Produce and install one (1) set of interior non illuminated flat cut out letters.",,Survey needed,2026-03-09,2026-04-27,,,,,,,NEK,NEK,1521.11,No,,,,,,
J30808 / LATHROP GPM,Outsourced - Vendor,In Process,,NEK,SP,KCMO,"CANOPY EDGE FCO LETTERS CANOPY EDGE FCO LETTERS -- Produce/install one (1) layout of 3/8"" thick flat cut out aluminum letters stud mounted flush directly onto the canopy edge at bldg entry.  Lettering sized 2' tall and to be painted PMS 2765C dark blue, with copy to read ""Lathrop GPM"".  Small sidewalk articulating lift will be necessary to reach over to canopy edge from sidewalk due to stairs leading up to bldg entry.",,Survey needed,2026-03-11,2026-04-29,,,,,,,NEK,NEK,6100,No,,,,,,
J35943 / NKC Health,Outsourced - Vendor,In Process,,NEK,QT,KCMO,"NKC-008 #INT-002 ST IPH.M.8 NKC-008_Meritas Health Park Plaza 6450 N Chatham Ave Kansas City, MO 64151 Sign # Int-002 Sign Type IPH.M.8 Produce and install one (1) set of non illuminated 1/2"" thick acrylic flat cut out letters, VHB tape mounted",,Survey needed,2026-03-16,2026-05-04,,,,,,,NEK,NEK,1089.96,No,,,,,,
J35981 / SAINT LUKE'S HEALTH SYSTEM,Outsourced - Vendor,In Process,,NEK,QT,KCMO,SLN Interior x 10 020526 Produce and install ten (10) interior patient room signs with magnetic pieces to be labeled room # 231-240,,Survey needed,2026-03-16,2026-05-04,,,,,,,NEK,NEK,6314,No,,,,,,
J35941 / NKC Health,Outsourced - Vendor,In Process,,NEK,QT,KCMO,NKC-008 #003 and 005 ST CUST-LIF Raceway channel letters. Sign # 003 and #005 Sign Type CUST-LIF Remove and dispose of existing two (2) sets of raceway mounted channel letters. Patch repair and repaint wall as needed. Produce and install two (2) sets of raceway mounted internally LED illuminated channel letters.,,Survey needed,2026-03-19,2026-05-07,,,,,,,NEK,NEK,20954.64,No,,,,,,
J36653 / Chabad of KU,Outsourced - Vendor,In Process,,NEK,JL,Lawrence,KU Chabad - Additions Supply and install additions to donor signs previously produced.  Sign types and quantities are as follows. Donor Room Signs - Qty (3) Donor Wall: Level 8 - Qty (3) Level 9 - Qty (2) (1 of these is a replacement plaque) Level 10 - Qty (1) Level 12 - Qty (4) (3 of these are replacement plaques) Level 13 - Qty (2),,Survey needed,2026-03-20,2026-05-08,,,,,,,NEK,NEK,1230,No,,,,,,
J36313 / NKC Health,Outsourced - Vendor,In Process,,NEK,QT,NKCMO,NKC-015 Various Interior Signs  Various Interior Sign Displays. Sign #120-001 Sign Type IPH.M.8 - Sign #120-001a Sign Type CUST-LNIP - Sign #400-001 Sign Type CUST-LNIP - Sign #400-001a Sign Type CUST-LNIP - Sign # 400a Sign Type IPH.M.12 - Sign #500-001 Sign Type IPH.M.6 - Sign # 500-001a Sign Type CUST-LNIP - Sign # 500-001b Sign Type CUST-LNIP - Sign #500-004 Sign Type CUST-LNIP - Sign #500-006 Sign Type IPH.M.8 - Sign #500b Sign Type IPH.M.12,,Survey needed,2026-03-23,2026-05-11,,,,,,,NEK,NEK,10387.76,No,,,,,,
J36413 / NKC Health,Outsourced - Vendor,In Process,,NEK,QT,Platte City,NKC-019 #Int-001 ST IPH.M.12 Remove existing portraits. Patch repair and repaint wall surface to like new condition where necessary. Produce and install one (1) set of non illuminated interior flat cut out letters.,,Survey needed,2026-03-23,2026-05-11,,,,,,,NEK,NEK,1302.52,No,,,,,,
J36407 / NKC Health,Outsourced - Vendor,In Process,,NEK,QT,"Smithville, MO",NKC-020 #Int-001 Interior FCO Sign # Int-001 Sign Type IPH.M.12 Remove existing portrait. Produce and install one (1) set of custom interior flat cut out non illuminated letters.,,Survey needed,2026-03-23,2026-05-11,,,,,,,NEK,NEK,1364.14,No,,,,,,
J36404 / NKC Health,Outsourced - Vendor,In Process,,NEK,QT,"Smithville, MO",NKC-020 #002 ST CH.M.36 Sign # 002 Sign Type CH.M.36 Remove and dispose of existing exterior channel letters. Patch repair and repaint wall surface to like new conditions. Produce and install one (1) set of internally LED illuminated exterior channel letters.,,Survey needed,2026-03-23,2026-05-11,,,,,,,NEK,NEK,6612.17,No,,,,,,
J36389 / NKC Health,Outsourced - Vendor,In Process,,NEK,QT,NKCMO,"NKC-016 Interior Letters Sign #'s 10-001, 10-001a, 215-001, 215-001a, 312-002, 410a and 600a Remove and dispose of existing signs where necessary. Patch repair and repaint walls to like new condition where necessary. Produce and install custom non illuminated interior letter sets.",,Survey needed,2026-03-23,2026-05-11,,,,,,,NEK,NEK,7824.63,No,,,,,,
J35848 / Ong & Company,Outsourced - Vendor,In Process,,NEK,QT,Lenexa,Ong & Co Main Entrance V2 013026 Produce and install one (1) set of illuminated letters and logo for main entrance building sign.,,Survey needed,2026-03-26,2026-05-14,,,,,,,NEK,NEK,9726,No,,,,,,
J36244 / Ong & Company,Outsourced - Vendor,In Process,,NEK,QT,Lenexa,"Ong South Logo 021926 FABRICATE AND INSTALL (1) COMBO FACE AND HALO ILLUMINATED LOGO. LOGO - COMBO FACE AND HALO LIT CHANNEL LOGO. WHITE ACRYLIC FACES OVERLAID WITH DIGITALLY PRINTED VINYL GRAPHICS, RETURNS PAINTED PMS 5473C. HALO/FACE ILLUMINATES WITH WHITE LEDS. INSTALLS PINNED OFF FASICA 1 1/2”. SURVEY REQUIRED TO DETERMINE INSTALL REQUIREMENTS",,Survey needed,2026-03-26,2026-05-14,,,,,,,NEK,NEK,4647,No,,,,,,
J36202 / NKC Health,Outsourced - Vendor,In Process,,NEK,QT,KCMO,NKC-011 #005 006 011 ST CH.M.36 Sign #'s 005 006 and 011 Sign Type CH.M.36 Remove and dispose of existing exterior building signage where necessary. Patch repair powerwash and repaint wall as needed. Produce and install three (3) sets of raceway mounted internally LED illuminated exterior channel letters.,,Survey needed,2026-04-03,2026-05-22,,,,,,,NEK,NEK,20042.76,No,,,,,,
J36205 / NKC Health,Outsourced - Vendor,In Process,,NEK,QT,KCMO,"NKC-011 #220a ST IPH.M.12 Sign # 220a Sign Type IPH.M.12 Produce and install one (1) set of interior 12"" flat cut out non illuminated letters",,Survey needed,2026-04-03,2026-05-22,,,,,,,NEK,NEK,1302.52,No,,,,,,
J36857 / FOOTE CATTLE COMPANY,Outsourced - Vendor,In Process,,NEK,QT,"Imperial, NE",Foote Imperial Ship 032026 Produce only and ship to Imperial NE for customer to install two (2) custom painted black F logos to be halo LED illuminated.,,Survey needed,2026-04-06,2026-05-25,,,,,,,NEK,NEK,6828,No,,,,,,
J36525 / Ong & Company,Outsourced - Vendor,In Process,,NEK,QT,Lenexa,"Ong & Co Monument 030426 CUSTOMER TO REMOVE OVERGROWN LANDSCAPING AND REPAINT EXISTING, DOUBLE-SIDED NON-ILLUMINATED MONUMENT. PRODUCE AND INSTALL (2) SETS OF 1/4” THICK FLAT CUT OUT ALUMINUM LOGO PAINTED PMS 5473C, PMS 375C, PMS 625C AND 1/4” THICK FLAT CUT OUT ALUMINUM LETTERING AND ADDRESS (9900 Lackman) PAINTED WHITE. STUD MOUNTS TO MONUMENT FACES.",,Survey needed,2026-04-07,2026-05-26,,,,,,,NEK,NEK,9457,No,,,,,,
J36987 / MERITRUST CREDIT UNION,Outsourced - Vendor,In Process,,WK,CC,"Boulder, CO","Furnish and install new set of internally illuminated channel letters for Boulder Meritrust Furnish and install one set of internally illuminated channel letters with trim capped faces on store front fascia. Trim cap and returns to be painted to match face color. Faces to be white acrylic, decorated with translucent vinyl to match PMS 1797C red. Drivers for the LEDs will mount behind the wall. 120V electrical service to drivers will need to be provided and hooked up by separate contractor. Permit to be secured and invoiced as a separate line item on final billing. Reference design CC-J36987.",,Survey needed,2026-04-14,2026-06-02,,,,AI Innovations,20011,SHIPPING,WK,WK,12864.48,No,,,,,,
J34440 / STOCK EXCHANGE BANK,Outsourced - Vendor,In Process,,WK,TC,Arkansas City,Daktronics Repair - Stock Exchange Bank Remove faulty modules from south face of existing Daktronics time and temp unit. Replace with new modules.,,Survey needed,2026-04-17,2026-06-05,,,,Daktronics,20037,ORDERED,WK,WK,1954.25,No,,,,,,
J36311 / Wichita Bio Med,Outsourced - Vendor,In Process,,WK,CC,Wichita,"Fabricate and install upper south elevation signage for WBC Fabricate and install one set of internally illuminated channel letters, an internally illuminated vertical bar, and two internally illuminated logos that will install on the south elevation's penthouse level.",,Survey needed,2026-04-22,2026-06-10,,,,SIGN HOUSE,20055,SHIPPING,WK,WK,268549.47,No,,,,,,
J37163 / CAPITOL FEDERAL,Outsourced - Vendor,In Process,,NEK,VB,Topeka,"At Capitol Federal's Home Office: 1) coordinate in advance with the Bank  2) provide one set of 14"" x 14'10-9/16"" remote mount, 2” deep, halo-lit channel letters, with internal white LEDs, painted matte black to read HENRY A. BUBB AWARD  3) install on right section of newly expanded award wall on left wall past the elevator welcome wall, approximately 30” from the right end and approximately 35.25” above the finished floor—specific location to be confirmed with Capitol Federal upon arrival 4) take completion photos Drawing VB-J37163",,Survey needed,2026-04-24,2026-06-12,,,,,,,NEK,NEK,6295,No,,,,,,
J35548 / Whiting Turner,Outsourced - Vendor,In Process,,NEK,JL,Manhattan,"KSU GCGFI - ADA Room Signs Supply and install ADA Room Signs constructed as 1/4"" thick acrylic with painted finish.  Sign types and quantities are as follows. Qty (211) type A with (78) acrylic backers Qty (102) type B1 with (5) acrylic backers Qty (44) type B2 with (18) acrylic backers Qty (28) type C Qty (4) type C2 Qty (66) type E1 with (18) acrylic backers Qty (19) type F with (8) acrylic backers Qty (7) type M  Qty (10) type S1 Qty (8) type S2 Qty (12) type S3 Qty (8) type S4 Qty (5) type K Qty (6) type P Qty (16) type J",,Survey needed,2026-04-29,2026-06-17,,,,,,,NEK,NEK,48204,No,,,,,,
J37447 / MIDWEST TRUST,Outsourced - Vendor,In Process,,NEK,SP,Overland Park,"30 INTERIOR OFFICE ROOM ID SIGN PANELS - Provide/install thirty (30) VHB tape mounted, 4 1/4"" x 7"" interior office room ID sign panels that have brushed aluminum #354 striping trim on top/bottom, with a clear faced insertable PASS THRU middle sections and with #993 silver gray acrylic backers.  Also included into quote is for 2nd surface black vinyl rectangles to apply on backside of glass to hide VHB tape mounting.",,Survey needed,2026-05-04,2026-06-22,,,,,,,NEK,NEK,3471,No,,,,,,
J36338 / First Presbyterian Church,Outsourced - Vendor,In Process,,WK,TC,Derby,"Furnish and install one (1) 3'-6"" (H) x 4'-6 1/2"" (W) x 4"" (D) contour, face lit, trim cap logo. Returns and trim cap to match PMS 288C. 3M 3630-36 Blue vinyl to be applied to white plex face. Sign to install on top band on east elevation of church, near playground. Reference design TC-J36338.",size changed due to survey,Survey needed,2026-05-06,2026-06-24,,,,SIGN HOUSE,20236,SHIPPING,WK,WK,2992.4,No,,,,,,
J36056 / First Presbyterian Church,Outsourced - Vendor,In Process,,WK,TC,Derby,"Remove existing sign cabinet from South Side of Church. Fabricate and install one (1) 3'-0"" (H) x 3'-0"" (W) x 6"" (D) internally illuminated S/F trim capped wall sign with 3M 3630-36 Blue vinyl applied to flat white plex. Cabinet and trim cap to be black. Reference design TC-J36056.",,Survey needed,2026-05-06,2026-06-24,,,,SIGN HOUSE,20181,SHIPPING,WK,WK,3347.14,No,,,,,,
J37233 / ROCK CREEK MARINA AND RESORT,Outsourced - Vendor,In Process,,NEK,VB,Ozawkie,For Rock Creek Marina and Resort’s marina store: 1) check in/out with general manager Emily Hilding 2) provide a new interior 25½” x 56¼” faux neon sign with blue faux neon for Rock Creek Marina’s logo on a custom-shaped white acrylic background 3) install with stand-offs and group wires together to connect with new primary electrical in their drop ceiling   4) take completion photos Drawing VB-J37233-NEW 2,,Survey needed,2026-05-06,2026-06-24,,,,,,,NEK,NEK,4060,No,,,,,,
J36187 / EDUCATION CENTER-Olathe Schools,Outsourced - Vendor,In Process,,NEK,SP,Olathe,"REPLACE EXISTING DOUBLE FACED, INTERNALLY ILLUMINATED CHANGEABLE COPY MONUMENT SIGN WITH AN ALL NEW OF SIMILAR TYPE & REUSE EXISTING FOOTING / FOUNDATION - Remove/dispose of the one (1) existing double faced, internally illuminated, changeable copy monument (included is its removal in this quote) and produce/install an all new sign of the same type and sizing, white LED lit and placed in the same location again, reusing the existing footing/foundation.  The new sign to be an Esco Institutional Series internally illuminated double faced changeable copy monument sign with white LED lighting. Sign sizing is OAH 6'1/2"" x OAL 6' 1/2"" x 10 11/16"" OAD.  Cabinet sizing is 4' 1/2"" x 6' 1/2"" x 10 11/16"".  Sign cabinets, retainers and skirting all painted PMS 186C red.  Faces to be white and overlaid with 3630-36 Blue for school name and apple area (with both being weeded out of blue to read as white) and a digital print for the buffalo on the side area.  Included into pricing is for two (2) new changeable copy insert lettering, numerals and punctuation sets with carrying case.  ** Reusing existing power. **",,Survey needed,2026-05-06,2026-06-24,,,,,,,NEK,NEK,13720.92,No,,,,,,
J37636 / EMPRISE BANK,Outsourced - Vendor,In Process,,WK,CC,Andover,"Replace the logo face in the wall sign logo cabinet on the front of the building's west elevation, and one of the logo faces on the pylon sign.",,Survey needed,2026-05-07,2026-06-25,,,,MIRATEC,20357,SHIPPING,WK,WK,,No,,,,,,
J37256 / Hutton Construction,Outsourced - Vendor,In Process,,NEK,JL,Topeka,"Supply and install final two remaining sign types.  EX30.03c and EX10.04.    • EX10.04 - to be 1/2"" thick DHPL panel.  Sign to stand on interpretive aluminum support legs identical to EX10.01, 02, 03.  Sign panel to be 18"" x 24"" in size.  • EX30.03c to be DHPL panel 30"" x 30"" in size to mount on 3/4"" aluminum square tube frame 28"" x 28"" in size to allow panel to standoff from wall.  Frames to match previously installed EX30.03d Signs.",,Survey needed,2026-05-07,2026-06-25,,,,,,,NEK,NEK,6635,No,,,,,,
J37713 / EMPRISE BANK (S. Seneca),Outsourced - Vendor,In Process,,WK,CC,Wichita,Replace logo graphics on the logo on front (south) of building and the logo on the south side of pylon sign,,Survey needed,2026-05-12,2026-06-30,,,,MIRATEC,20357,SHIPPING,WK,WK,,No,,,,,,
J37517 / COHLMIA MARKETING,Outsourced - Vendor,In Process,RED DATE,WK,DW,Wichita,Remove Ragnar S Peerson and James M Haan and all names below those two names from existing sign. Furnish and install new vinyl names leaving off Ragnar S Peerson and James M Haan.,,Survey needed,2026-05-12,2026-06-30,,,,X-PRESS,20252 / 20302,SHIPPING,WK,WK,530.25,No,,,,,,
"J35992 / Larson, Brown & Ebert, PA",Outsourced - Vendor,In Process,Rush,WK,CC,Wichita,"Furnish and install a new set of 3/8"" thick, machine routed aluminum letters and logo. All to be sanded, primed, and painted black with a satin finish. Letters to stud mount to interior stone wall",,Survey needed,2026-05-13,2026-07-01,,,,GEMINI,20297,ORDERED,WK,WK,4821.02,No,,,,,,
J37611 / DOWER FOR JUDGE,Outsourced - Vendor,In Process,,WK,LNI,Hutchinson,"Set up provided design for production, produce and deliver 250 double sided yard signs with stakes.",,Survey needed,2026-05-13,2026-07-01,,,,X-PRESS,20226,ORDERED,WK,WK,1855,No,,,,,,
J37603 / Halstead Bank,Outsourced - Vendor,In Process,,WK,DW,Valley Center,"Fabricate and install 1 set of 3/8"" thick flat cut out acrylic letters painted to match logo colors stud mounted with stand offs on interior wall.",,Survey needed,2026-05-13,2026-07-01,,,,GEMINI,20316,ORDERED,WK,WK,2441.88,No,,,,,,
J37731 / EMPRISE BANK,Outsourced - Vendor,In Process,,WK,CC,Iola,"Replace the logo graphics on both sides of the pylon sign, and on the west face of drive thru canopy.",,Survey needed,2026-05-13,2026-07-01,,,,MIRATEC,20357,SHIPPING,WK,WK,,No,,,,,,
J37730 / EMPRISE BANK,Outsourced - Vendor,In Process,,WK,CC,McPherson,Replace the graphic on the wall mounted logo cabinet.,,Survey needed,2026-05-13,2026-07-01,,,,MIRATEC,20357,SHIPPING,WK,WK,,No,,,,,,
J37728 / EMPRISE BANK,Outsourced - Vendor,In Process,,WK,CC,Park City,Furnish new vinyl graphics for the two E logos on the pylon sign cabinet.,,Survey needed,2026-05-13,2026-07-01,,,,MIRATEC,20357,SHIPPING,WK,WK,,No,,,,,,
J37726 / EMPRISE BANK,Outsourced - Vendor,In Process,,WK,CC,Valley Center,Replace the vinyl logo graphic on the wall sign logo cabinet and the E logo on the drive thru directional sign,,Survey needed,2026-05-13,2026-07-01,,,,MIRATEC,20357,SHIPPING,WK,WK,,No,,,,,,
J37722 / EMPRISE BANK,Outsourced - Vendor,In Process,,WK,CC,Augusta,Replace the logo vinyl graphics on the east side of the pylon sign and on both logo wall sign cabinets.,,Survey needed,2026-05-13,2026-07-01,,,,MIRATEC,20357,SHIPPING,WK,WK,,No,,,,,,
J37721 / EMPRISE BANK (N. Woodlawn),Outsourced - Vendor,In Process,,WK,CC,Wichita,Furnish new vinyl logo graphics on both sides of the pylon sign,,Survey needed,2026-05-13,2026-07-01,,,,MIRATEC,20357,SHIPPING,WK,WK,,No,,,,,,
J37720 / EMPRISE BANK (E. Harry,Outsourced - Vendor,In Process,,WK,CC,Wichita,"Furnish and install replacement logo graphics on both sides of the pylon sign, and on the wall sign logo cabinets on the east and south elevations of the building.",,Survey needed,2026-05-13,2026-07-01,,,,MIRATEC,20357,SHIPPING,WK,WK,,No,,,,,,
J37719 / EMPRISE BANK (E. Patriot - Derby),Outsourced - Vendor,In Process,,WK,CC,Derby,"Replace the logo graphics on the east side of pylon sign and on the logo cabinets on front of building, back of building, and the east side of building.",,Survey needed,2026-05-13,2026-07-01,,,,MIRATEC,20357,SHIPPING,WK,WK,,No,,,,,,
J37717 / EMPRISE BANK (W. Central),Outsourced - Vendor,In Process,,WK,CC,Wichita,Replace the logo graphic on the logo wall sign cabinet on south elevation of building,,Survey needed,2026-05-13,2026-07-01,,,,MIRATEC,20357,SHIPPING,WK,WK,,No,,,,,,
J37714 / EMPRISE BANK (Haysville),Outsourced - Vendor,In Process,,WK,CC,Haysville,"Replace the logo graphics on both sides of the pylon, the wall mounted logo on the west elevation, and the logo graphic on the south elevation wall mounted logo cabinet.",,Survey needed,2026-05-13,2026-07-01,,,,MIRATEC,20357,SHIPPING,WK,WK,,No,,,,,,
"J37577 / Stone Creek Station (GC Investments, Inc)",Outsourced - Vendor,In Process,,WK,NH,Garden City,"GATE CANOPY LETTERS: Furnish and install (2) 8""h flat-cut-out aluminum letter sets (3/4"" thick, #5687 white enamel finish), each mounted to a 2""x2"" aluminum angle baseline bracket (black enamel finish). Affix the baseline bracket to the top of each gateway entrance canopy (provided by others).",shipping to Dodge,Survey needed,2026-05-14,2026-07-02,,,,GEMINI,20304,ORDERED,WK,WK,4529.42,No,,,,,,
J37765 / EMPRISE BANK (W. Central - ATM),Outsourced - Vendor,In Process,,WK,CC,Wichita,Replace vinyl logo on the South side of ATM Canopy,,Survey needed,2026-05-14,2026-07-02,,,,MIRATEC,20357,SHIPPING,WK,WK,,No,,,,,,
J37169 / HAVILAND BROADBAND,Outsourced - Vendor,In Process,,WK,DW,Conway Springs,Remove existing sign from current office and relocate onto new building. Fabricate and install new flat cut out sign to match existing installed on other building elevation.,,Survey needed,2026-05-14,2026-07-02,,,,GEMINI,20317,ORDERED,WK,WK,10896.38,No,,,,,,
J37637 / EMPRISE BANK,Outsourced - Vendor,In Process,,WK,CC,Wichita,Replace the E logo faces on the logo wall sign cabinets NMS,,Survey needed,2026-05-15,2026-07-03,,,,MIRATEC,20357,SHIPPING,WK,WK,,No,,,,,,
J37774 / EMPRISE BANK (E. Central),Outsourced - Vendor,In Process,,WK,CC,Wichita,"Replace the vinyl E logo graphics on both sides of the pylon sign, the logo cabinet on building and the west end of ATM canopy.",,Survey needed,2026-05-15,2026-07-03,,,,MIRATEC,20357,SHIPPING,WK,WK,,No,,,,,,
J37769 / EMPRISE BANK (S. Broadway),Outsourced - Vendor,In Process,,WK,CC,Wichita,"Replace vinyl graphic logos on the south side of pylon, the west side of ATM canopy, and front logo wall sign cabinet.",,Survey needed,2026-05-15,2026-07-03,,,,MIRATEC,20357,SHIPPING,WK,WK,,No,,,,,,
J37768 / EMPRISE BANK (S. Hydraulic),Outsourced - Vendor,In Process,,WK,CC,Wichita,"Replace the vinyl graphic logos on the west side of pylon sign; south side of building, and east end of ATM canopy.",,Survey needed,2026-05-15,2026-07-03,,,,MIRATEC,20357,SHIPPING,WK,WK,,No,,,,,,
J37767 / EMPRISE BANK (N. Broadway),Outsourced - Vendor,In Process,,WK,CC,Wichita,Replace the vinyl E logos on the logo cabinet on front (south side) of building and on both ends of the ATM canopy.,,Survey needed,2026-05-15,2026-07-03,,,,MIRATEC,20357,SHIPPING,WK,WK,,No,,,,,,
J32560 / SEWARD CO COMMUNITY COLLEGE,Outsourced - Vendor,In Process,,WK,NH,Liberal,"Furnish and install (1) set of LED-lighted trimcap channel letters/droplet logo (white cans, white edging, white plex, white LED, blue perf, green vinyl, translucent digital print logo graphics). Flush-mount the individual letters on the block fascia. *ASSUMES OPEN ACCESS BEHIND THE FASCIA, FOR WIRING & REMOTE POWER SUPPPLIES. -Hook up to existing power.",,,2026-05-19,2026-07-07,,,,DSW,20354,ORDERED,WK,WK,28876.34,No,,,,,,
J37691 / EQUITY BANK,Outsourced - Vendor,In Process,,WK,DW,Macksville,"Remove and discard existing ""ATM inside"" decal from front door and drive thru window.  Furnish and install (2) new vinyl decal with Equity Bank branding and ATM inside copy.",,,2026-05-19,2026-07-07,,,,GREGORY,20355,ORDERED,WK,WK,588,No,,,,,,
"J37614 / TYREE AG, INC",Outsourced - Vendor,In Process,,WK,NH,Kinsley,"Furnish (4) 8""h x 6' 8""w digitally-printed opaque white vinyl overlays (back copy on white). Ship directly to the customer. Customer to apply to each side of their existing double-face post & panel signs (covering the old salesman name & phone number).",shipping to customer,,2026-05-19,2026-07-07,,,,GREGORY,20352,ORDERED,WK,WK,338.52,No,,,,,,
J37764 / SPX COOLING TECHNOLOGIES INC,Outsourced - Vendor,In Process,,NEK,SP,Overland Park,"STUDIO ROOM FCO ACRYLIC LOGO - Produce and ship to Olathe Shop for Shelly to deliver to customer for their own install of one (1) 3/8"" thick pigmented white acrylic ""arrow"" logo (sized 2'6"" x 2'6"") with 3M VHB tape mounting and providing a mounting pattern.",,,2026-05-20,2026-07-08,,,,,,,NEK,NEK,758,No,,,,,,
J37484 / Cornejo Holdings,Outsourced - Vendor,In Process,,WK,DW,Wichita,"Fabricate and install 1 LED illuminated trim cap logo. Signage to have black returns, black trim cap, white acrylic faces and perforated black vinyl.",,,2026-05-20,2026-07-08,,,,SIGN HOUSE,20353,ORDERED,WK,WK,5743.2,No,,,,,,
J37311 / Empirical Foods,Outsourced - Vendor,In Process,,WK,NH,Garden City,interior acrylic sign (large; breakroom),shipping to Dodge,Survey needed,2026-05-26,2026-07-14,,,,GEMINI,20370,ORDERED,WK,WK,10589.27,No,,,,,,
J37312 / Empirical Foods,Outsourced - Vendor,In Process,,WK,NH,Garden City,FCO acrylic (small set; hallway),shipping to Dodge,Survey needed,2026-05-26,2026-07-14,,,,GEMINI,20372,ORDERED,WK,WK,3174.08,No,,,,,,
J37911 / MCP GROUP,Outsourced - Vendor,In Process,,WK,DP,Salina,"TM/Add-on: Furnish and install (1) 4"" x 8"" ADA sign reading ""MECHANICAL""  with 1/32"" raised tactile braille.  Sandblasted acrylic,  second surface painted white. Black raised copy. (This is to match the signs that were just produced - this is an Add on sign that was not  on the original order but customer has asked us to order).",,Survey needed,2026-05-26,2026-07-14,,,,bg automation,20330,ORDERED,WK,WK,,No,,,,,,
J37839 / Knights of Columbus (St. Edwards Council),Outsourced - Vendor,In Process,,WK,NH,Kinsley,"Furnish (2) 4'x8' single-face, aluminum composite material sign panels with digitally-printed vinyl graphics/UV laminate. Send to the Lumineo-Dodge City shop. (Nathan & fellow Knights to install/rebuild the existing wood structure).",,Survey needed,2026-05-26,2026-07-14,,,,GREGORY,20365,ORDERED,WK,WK,1205.18,No,,,,,,
J37798 / DISABILITY SUPPORTS,Outsourced - Vendor,In Process,,WK,AS,McPherson,T/M Amber Mannel,,Survey needed,2026-05-26,2026-07-14,,,,GEMINI,20337,ORDERED,WK,WK,,No,,,,,,
J37808 / Reign Wealth Advisors,Outsourced - Vendor,In Process,,WK,NH,Dodge City,interior FCO letters,shipping to Dodge,Survey needed,2026-05-27,2026-07-15,,,,GEMINI,20333,ORDERED,WK,WK,1749.42,No,,,,,,
J30649 / Snodgrass & Sons Construction (McConnel AFB),Outsourced - Vendor,In Process,,WK,DW,Wichita,McConnell AFB Dog Kennel - Dimensional Letters,,Survey needed,2026-05-27,2026-07-15,,,,GEMINI,20282,ORDERED,WK,WK,5536.36,No,,,,,,
J37613 / WIENS & COMPANY (Hutchinson Public Library),Outsourced - Vendor,In Process,,WK,AS,Hutchinson,1 wall covering,,Survey needed,2026-05-27,2026-07-15,,,,,,,WK,WK,2786.87,No,,,,,,
J31589 / Snodgrass & Sons Construction (Central Christian Academy),Outsourced - Vendor,Added,,WK,TC,Wichita,Central Christian Academy - ADA,,,2026-05-28,2026-07-16,,,,,,,WK,WK,1494.53,No,,,,,,
J36711 / Bridger Companies,Outsourced - Vendor,Added,,WK,DW,Wichita,Pawnee Crossing North Monument Revision,,,2026-05-28,2026-07-16,,,,GEMINI,20285,Artwork Approved,WK,WK,7977.28,No,,,,,,
J36710 / Bridger Companies,Outsourced - Vendor,Added,,WK,DW,Wichita,Pawnee Crossing South Monument Revision,,,2026-05-28,2026-07-16,,,,GEMINI,20285,Artwork Approved,WK,WK,4832.46,No,,,,,,
J37807 / Reign Wealth Advisors,Outsourced - Vendor,Added,,WK,NH,Dodge City,interior digital print,,,2026-05-28,2026-07-16,,,,,,,WK,WK,329.5,No,,,,,,
J37878 / HEARTLAND CREDIT UNION (Rock Rd),Outsourced - Vendor,Added,,WK,CC,Wichita,Furnish and install a set of internally illuminated letters for east elevation,,,2026-05-28,2026-07-16,,,,STEEL ART,20332,ORDERED,WK,WK,18894.7,No,,,,,,
J30940 / Snodgrass & Sons Construction (McConnell AFB),Outsourced - Vendor,Added,,WK,DW,Wichita,McConnel AFB Dog Kennel - ADA,,,2026-05-28,2026-07-16,,,,bg automation,20213,ORDERED,WK,WK,3547,No,,,,,,
J37905 / FIDELITY BANK (S. Seneca),Outsourced - Vendor,Added,,WK,CC,Wichita,Remove existing window graphics and replace with new for S Seneca branch,,,2026-05-28,2026-07-16,,,,,,,WK,WK,1412.06,No,,,,,,
J19254 / Scott City HealthMart Pharmacy,Outsourced - Vendor,Added,,WK,NH,Scott City,wall sign LED retrofits,,,2026-05-29,2026-07-17,,,,,,,WK,WK,,No,,,,,,
J37853 / FIDELITY BANK,Outsourced - Vendor,Added,,WK,CC,Wichita,"Furnish and install a set of edge lit/back lit channel letters for the 5th floor elevator lobby area. Letters to be 2"" deep, with black faces and returns, with 1/4"" white acrylic backs. Letters to mount flush to wall, as shown on design CC-J37853. Letters to be populated with white LED to create edge lighting around the back perimeter of each letter. Wires will need to be pulled through and up the wall, into the area above the drop ceiling where the LED drivers will be placed. 120V electrical service will need to be provided to the drivers by licensed electrician. Coordination between facilities and Lumineo to make sure we can have access to pull wiring.",,,2026-06-01,2026-07-20,,,,,,,WK,WK,1002.7,No,,,,,,
J35285 / Rockwell Library,Outsourced - Vendor,Added,,WK,CC,Wichita,"Furnish labor and material to fabricate and install a total of six wall signs with printed copy for art pieces. Reference design CC-J35285 for size, style, and copy on each sign. NOTE: Copy on sign faces is too small for raised lettering, so all copy to be digitally printed on sign faces.",,,2026-06-01,2026-07-20,,,,,,,WK,WK,1014.89,No,,,,,,
J35289 / Angelou Library,Outsourced - Vendor,Added,,WK,CC,Wichita,"Furnish labor and materials to produce and install two interior signs and one exterior sign for Angelou Library art pieces. Reference design CC-J35289 for sign sizes, style, and copy per each sign. NOTE: Copy on sign faces are too small for raised lettering, so all copy to be digitally printed on sign faces.",,,2026-06-01,2026-07-20,,,,,,,WK,WK,549.24,No,,,,,,
J35287 / Alford Library,Outsourced - Vendor,Added,,WK,CC,Wichita,"Furnish and install two interior room signs for art pieces. Reference design CC-J35287. NOTE: Copy on face plates is too small for raised lettering, so all copy to be directly printed to face plates.",,,2026-06-01,2026-07-20,,,,,,,WK,WK,398.96,No,,,,,,
J38014 / CONV/VISITORS BUREAU LIBERAL,Outsourced - Vendor,Added,,WK,NH,Liberal,"SOUTH HWY 83: Furnish and install (1) new 10'x24' vinyl wrap, to fit the customer-owned roadsign structure. Dispose of the old wrap & install the new one, using the existing rod & straps. **ASSUMES THE EXISTING PLYWOOD BAKER PANELS & HARDWARE ARE IN GOOD CONDITION.",shipping to dodge,,2026-06-02,2026-07-21,,,,INDEPENDENT'S,20367,ORDERED,WK,WK,1649.2,No,,,,,,
J37430 / Childrens Mercy Hospital-Clinic,Outsourced - Vendor,Added,,WK,CC,Wichita,Furnish and install interior ADA and room signs and vinyl,,,2026-06-02,2026-07-21,,,,bg automation,20314,ORDERED,WK,WK,,No,,,,,,
J37931 / Elite Landscape Solutions LLC,Outsourced - Vendor,Added,,WK,DW,Wichita,Small Pylon LED conversion,,,2026-06-02,2026-07-21,,,,GRIMCO,20347,ORDERED,WK,WK,1629.26,No,,,,,,
J37864 / Benjamin F. Edwards Investments,Outsourced - Vendor,Added,,WK,DP,Abilene,"Extensive rusting was found on (3) awnings when they were removed from the building. Quote needed to remove (3) existing, non-illuminated awnings from side elevation of building. (This has been done) Furnish and install (3) new frames with awning covers (No graphics or hanging valance) Awning color: Ferrari Precontraint 502-2161 Blue",,,2026-06-03,2026-07-22,,,,Endura,20358,ORDERED,WK,WK,9860.86,No,,,,,,
J36568 / EQUITY BANK,Equity Bank Upcoming,In Process,,WK,DW,Liberal,"Liberal S Kansas Teller Desk Sign Non-Illuminated Fabricate and install (1) 2""deep foam logo with black laminate and black edges.",Sept. 1 install?,Survey needed,2026-04-29,2026-06-17,,,,"GEMINI,GREGORY",,,WK,WK,3133.23,No,,,,,,
J35774 / Gene's Heartland Foods,Upcoming Mfg.,In Process,,NEK,JL,Eudora,Gene's Heartland Foods - EMC Retrofit in pylon Supply and install new 6mm resolution 3' x 6' watchfire electronic message center in existing pylon to replace 3' x 6' changeable copy board.  Message center to be installed above tenant panels and below Gene's signage.,top and bottom angle iron. need to test EMC and send to NEK. wait for filler sizes,Survey needed,2026-04-02,2026-05-21,,,,,,,NEK,NEK,33000,No,,,,,,
J36133 / Peachy Cheeks Co.,Upcoming Mfg.,In Process,Rush,WK,DP,Salina,"Halo-Lit Formed Letters on Aluminum Pan Furnish and install halo letters on aluminum pan sign. Letters to be fabricated 2""d trimless aluminum with warm white LEDs. Letters to flush mount to aluminum pan sign. Pan sign to be painted Blue (color match of blue on building (Light Navy 197/PMS 289 C), letters to be brushed bronze finish. Copy to be ""Peachy Cheeks Co"". *Survey wood band to make sure sign will fit - It can not go on the upper brick and tile band area",need to survey band area,Survey needed,2026-04-13,2026-06-01,,,,GEMINI,,,WK,WK,8302.03,No,,,,,,
J36982 / OUTLAW GOLF CARTS,Upcoming Mfg.,In Process,,NEK,SP,Olathe,"SERVICE CENTER WALL SIGN CABINET NEW SERVICE CENTER WALL SIGN CABINET - Produce/install one (1) single faced, internally illuminated aluminum fabricated wall sign cabinet (sized  9' x 18') with white flex face having digital print graphics to match 3630-33 red and 7125-22 black. Sign to be mounted flush onto the EIFS facade wall area. Cabinet to be painted a TBD custom duranodic bronze to match the new bldg facade color and with white LED lighting.  ** Customer to provide electrical feed to sign location and substrate backing in sign area to support sign installation. City review and sign permit fees are additional charge, billed at cost of what city charges. **",start production late may,Survey needed,2026-04-28,2026-06-16,,,,,,,NEK,NEK,22184,No,,,/,/,,
J36566 / EQUITY BANK,Upcoming Mfg.,In Process,,WK,DW,Liberal,Liberal S Kansas ITM Wrap & Topper Install (2) ITM wraps and toppers from bulk inventory.  Install will be done at Wichita warehouse staging area. TOPPERS TO BE INSTALLED ON LAST TRIP,9/1/26 Install target,Survey needed,2026-04-29,2026-09-01,,,,,,,WK,WK,1567,No,,,,,,/
J36563 / EQUITY BANK,Upcoming Mfg.,In Process,,WK,DW,Liberal,Liberal S Kansas ITM Surround Fabricate and install 1 painted aluminum pan sign surround to existing inwall ITM unit.,9/1/26 Install target,Survey needed,2026-04-29,2026-09-01,,,,,,,WK,WK,2367.66,No,,Metal Only,/,,/,/
J37683 / Air Capital Wealth Management,Upcoming Mfg.,In Process,,WK,AS,Hutchinson,"Remove wall sign.  Bring to Lumineo shop, take routed faces off, install new routed faces with perforated vinyl on plex face.  Sand cabinet, and paint new colors (tbd).  Reinstall in existing location.",,,2026-05-21,2026-07-09,,,,,,,WK,WK,4724.89,No,,,,,,
J37684 / Air Capital Wealth Management,Upcoming Mfg.,In Process,,WK,AS,Hutchinson,"Remove logo of Rolling Plains Financial logo at top.  Furnish and install (1) new cut white vinyl reading of customer logo.  Furnish and install (1) reading saying ""Wyatt Fouts, CRPC (registration mark), this to be placed in blank space under Debra Caffrey.",,,2026-05-20,2026-07-08,,,,,,,WK,WK,239.81,No,,,,,,
J36701 / DODGE CITY USD #443,Upcoming Mfg.,In Process,,WK,NH,Dodge City,"DIRECTIONAL SIGN (@ MEMORIAL STADIUM ENTRANCE): Furnish and install (1) 2' 6""h x 5'w double-face, non-illuminated aluminum post & panel sign (PMS 661 blue enamel finish, 4""x4"" aluminum posts, vinyl graphics). Hand-dig holes & set the posts in Sackcrete to grade. (4' 6"" OAH). *10' setback from the curb.",,,2026-05-20,2026-07-08,,,,,,,WK,WK,3729.93,No,,,,,,
J37685 / Air Capital Wealth Management,Upcoming Mfg.,In Process,,WK,AS,Hutchinson,"Remove and dispose of (2) parking signs with customer old logo and Client Parking Only, measuring 12""x18"".  Furnish and install (2) where existing signs are (2) slightly bigger client parking signs.  Signs to be rounded corner aluminum panels with digital print applied and installed on brick wall.  Signs will have new logo at the top and ""Client Parking Only"" on digital print.",,,2026-05-20,2026-07-08,,,,,,,WK,WK,580.97,No,,,,,,
J35025 / BLUESTEM COMMUNITIES - CORPORATE,Upcoming Mfg.,In Process,,WK,AS,McPherson,Post and panel directional,,Survey needed,2026-05-26,2026-07-14,,,,,,,WK,WK,3045.36,No,,,,,,
J35023 / BLUESTEM COMMUNITIES - CORPORATE,Upcoming Mfg.,In Process,,WK,AS,McPherson,Pan on existing monument - E. 1st & Maxwell,,Survey needed,2026-05-26,2026-07-14,,,,,,,WK,WK,4808.98,No,,,,,,
J35022 / BLUESTEM COMMUNITIES - CORPORATE,Upcoming Mfg.,In Process,,WK,AS,McPherson,Pan overlay on existing monument - 1st & Cedar,,Survey needed,2026-05-26,2026-07-14,,,,,,,WK,WK,7635.2,No,,,,,,
J37794 / Reign Wealth Advisors,Upcoming Mfg.,In Process,,WK,NH,Dodge City,re-face wall sign cabinet,need survey on trim size,Survey needed,2026-05-27,2026-07-15,,,,,,,WK,WK,1956.78,No,,,,,,
J37279 / Koch Fertilizer,Upcoming Mfg.,Added,,WK,NH,Dodge City,OPT 2A -4x20 ACM,,,2026-05-28,2026-07-16,,,,,,,WK,WK,1892.19,No,,,,,,
J19253 / Scott City HealthMart Pharmacy,Upcoming Mfg.,Added,,WK,NH,Scott City,wall sign re-face Opt 2,,,2026-05-29,2026-07-17,,,,MIRATEC,,,WK,WK,2729.48,No,,,,,,
J34808 / Salina First United Methodist Church,Upcoming Mfg.,Added,,WK,DP,Salina,"Furnish and install (3) total aluminum pan signs with digitally printed applied graphics.  (1) 5' x 5'  Front entrance aluminum pan sign. Returns to be painted to match graphic. Sign to mount to brick wall to left of main entrance doors.  (1) 2' 3"" x 1' 3"" Elevator and Sanctuary Entrance sign with handicap accessible image. Returns to be painted to match graphic. Sign to mount to right of main entrance doors. Signs to not mount flush to ground.   (1) Dimensional pan sign that will mount to a slightly curved wall. Customer does not want any space between the sign and stone above and below signs and may need filler at top and bottom of each sign (painted to match Dk Bronze backer pan). Backer panel to be  5' x 8' 11 3/4"" and will be painted Dk. Bronze with Dk. Bronze returns. On bronze backer pan, install (3) raised pans with digitally prints applied to each face. Returns on each raised panel to be painted to color match graphic base colors of red, purple and blue.   *See notes to city about mounting method that we need to use.",,,2026-06-01,2026-07-20,,,,,,,WK,WK,9601.75,No,,,,,,
J38015 / PEOPLES BANK & TRUST,Upcoming Mfg.,Added,,WK,CC,McPherson,"Remove the existing panels from two development signs at the Autumn Wood housing development, leaving wood post uprights. Bring panels back to Hutch shop. Receive new art files, for new prints. Apply new prints and then re-install the panels on wood posts.",printed and given to Chuck,,2026-06-02,2026-07-21,,,,,,,WK,WK,,No,,,,,,
J37599 / Cathedral of Our Lady of Guadalupe,Upcoming Mfg.,Added,,WK,NH,Dodge City,"LED DISPLAY & FLAT ALUMINUM LOGO ON MASONRY MONUMENT SIGN BASE (OPTION 3A): Furnish and install (1) 4' 5""h x 8' 3""w single-face, 6mm, 192x384, RGB full-color ""WatchFire"" electronic message center cabinet to mount flush on the masonry sign base (being constructed by others. Furnish and install (1) 3' 8""h x 3' 1/8”w flat-cut-out aluminum ""Sacred Heart"" logo (1/2"" thick, stud-mount flush, #3130 Duranodic bronze enamel finish, with applied digitally-printed vinyl/UV laminate). *ORIGINAL PAN LOGO THAT WAS QUOTED DIRECT TO HUTTON TO BE DELETED. . . *THE CUSTOMER IS RESPONSIBLE FOR RUNNING POWER TO THE SIGN LOCATION (EMC load = 23amps, 120v). Includes GOLD PLAN 5yr parts & labor warranty, Broadband wireless communications (with prepaid lifetime data plan), ‘lab near me’ temp reference, grounding accommodations, programming software for customer's PC, setup, on-site software training, access to LN Help Desk, (5) start up slides, and programmer retraining for 5yrs if needed.",,,2026-06-03,2026-07-22,,,,,,,WK,WK,42767.85,No,,,,,,
J29295 / OUR LADY OF PRESENTATION CATHOLIC CHURCH,Mfg. Ready for Planning,In Process,,NEK,SP,"Lee's Summit, MO","NEW PLANTER BOXES WITH BELL TOWER NEW PLANTER BOXES WITH BELL TOWER IN LANDSCAPING BED (   Option C    )  - Produce/install four (4) individual Benchmark EPS custom faux stone planter boxes like Benchmark EPS monument sign bases with planters having aluminum caps painted Sherwin SW7505 Stone Lion and boxes to be secured/attached to a new concrete perimeter pads which Lumineo is to produce. Then produce/install one (1) four sided 13'9"" tall x 4' square bell tower structure (using churches existing approx 1500 # bell) with an FCO aluminum cross at top - entire structure painted Sherwin SW7048 Urbane Bronze.",,Survey needed,2026-03-10,2026-04-28,,,,,,,WK,NEK,50341,No,,,,,,
J33678 / DISABILITY SUPPORTS,Mfg. Ready for Planning,In Process,,WK,AS,Hutchinson,"airport space Work with Howerton White design to specify, furnish and install airport display.  Customer to contract with electrician for modifications to existing electrical, and provide 37"" monitor and wall mount device for monitor.  Customer to determine if airport Wi Fi adequate for providing changing content to the monitor or if it should be provided via flash drive.",,Survey needed,2026-04-30,2026-06-18,,,,GEMINI,,,WK,WK,16634.77,No,,,/,/,/,
J37837 / HUTCHINSON COMMUNITY COLLEGE,Mfg. Ready for Planning,In Process,,WK,AS,Hutchinson,T/M alumni of year,,Survey needed,2026-05-26,2026-07-14,,,,,,,WK,WK,,No,,,,,,
J30941 / Snodgrass & Sons Construction (McConnel AFB),Mfg. Ready for Planning,Added,Rush,WK,DW,Wichita,McConnel AFB Dog Kennel - Panel Signs,6/29 date,,2026-05-28,2026-07-16,,,,,,,WK,WK,1180.6,No,,,,,,
J37689 / EQUITY BANK,Mfg. Ready for Planning,Added,,WK,DW,"Altus, OK",Remove existing vinyl. Furnish and install new first surface white vinyl.,,,2026-06-02,2026-07-21,,,,,,,WK,WK,715.62,No,,,,,,
J37854 / McPherson Co Building,Mfg. Ready for Planning,Added,,WK,DP,McPherson,"Furnish and install white cut applied vinyl graphics on the following doors:   West glass entrance door: ""County Building Hours: 8:00 a.m. - 5:00 p.m. After Hours Public Meetings: USE EAST ENTRANCE"" Northeast glass entrance door: ""After Hours Public Meeting Entrance"" and ""200 North Maple"" above entrance doors (centered). East glass entrance doors:  ""County Building Hours: 8:00 a.m. - 5:00 p.m. After Hours Public Meeting Entrance: USE ENTRANCE TO NORTH""",,,2026-06-03,2026-07-22,,,,,,,WK,WK,620.86,No,,,,,,
J36039 / The Coop Chicken Fingers,Mfg. Ready for Planning,Added,RED DATE,WK,AS,Wichita,"Furnish and Install (1) 2'-8 3/8""(h) x 8-1 3/4""(w) Internally Illuminated routed cabinet backed with white plex with digital print overlay.  Sign to install on side elevation.  Customer to check with electrician about power to the wall. Permits to be added to final invoice",,,2026-06-03,2026-07-22,,,,MIRATEC,,,WK,WK,11040.24,No,,,,,,
J36077 / The Coop Chicken Fingers,Mfg. Ready for Planning,Added,RED DATE,WK,AS,Wichita,Remove old faces to directional sign. Furnish and install (2) plex faces with digitally printed translucent vinyl over lays.  Faces to have the logo up top and Drive Thru below and an arrow. Lighting repairs not included in this quote.,,,2026-06-03,2026-07-22,,,,MIRATEC,,,WK,WK,1371.11,No,,,,,,
J36040 / The Coop Chicken Fingers,Mfg. Ready for Planning,Added,RED DATE,WK,AS,Wichita,"Remove and dispose of lower cabinet on pole.  On existing pole, furnish and install (1) 5' tall x 10' wide double sided internally illuminated sign cabinet.  Cabinet to be painted customer outline color and to have white plex and full digital print overlays with customer brand and Drive Thru on sign face.  Customer to check with electrician to see if power is present. Cost of permit to be added to final invoice.",,,2026-06-03,2026-07-22,,,,MIRATEC,,,WK,WK,12457.79,No,,,,,,
J37417 / The Coop Chicken Fingers,Mfg. Ready for Planning,Added,RED DATE,WK,AS,Wichita,Furnish & Install (1) 5’-0”(h) x 5’-0.75”(w) irregular shaped pan logo with flush mounted LED Flexibrite stripes to create a Sign to install on the front elevation facing rock road centered on over windows,,,2026-06-03,2026-07-22,,,,GRIMCO,,,WK,WK,7315.77,No,,,,,,
J33999 / G Alexander Construction LLC - Disability Supports,Refurb - Awaiting Removal,In Process,,WK,AS,McPherson,"204 monument Remove sign from base and poles.  Bring to shop for full refurb.  Replace damaged faces with ""Disability Supports"" and logo element. Routed push thru copy with clear plex with applied white vinyl backing for replacement faces as it was previously, digital prints for logo element. Bondo top of sign before paint of any hail damage.  Sand, prime, and repaint sign.    Any needed sign permits to be added onto final invoice.  Refurb pricing does not include any retrofitting internal illumination to LED components.",,Survey needed,2026-04-30,2026-06-30,,,,,,,WK,WK,10610.18,No,,Metal w/ Push thru,/,/,/,
J34000 / G Alexander Construction LLC - Disability Supports,Refurb - Awaiting Removal,In Process,,WK,AS,McPherson,"501 Monument Remove sign from base and poles.  Bring to shop along with listing cabinet stored in the basement of their office.  Replace damaged faces with ""Disability Supports"" and logo element. Routed push thru copy with clear plex with applied white vinyl backing for replacement faces as it was previously, digital prints for logo element. Bondo top of sign before paint of any hail damage.  Sand, prime, and repaint sign.   Any needed sign permits to be added onto final invoice.  Refurb pricing does not include any retrofitting internal illumination to LED components.",,Survey needed,2026-04-30,2026-06-30,,,,,,,WK,WK,9702.69,No,,Metal w/ Push thru,/,/,/,
J37422 / Cris Corey State Farm (Refurb Copy),Refurb - Awaiting Removal,Placeholder,,WK,AS,Hutchinson,"Refurb Remove, repaint sign, base and reveal black, replace lighting, furnish two new plex faces 36x96 same graphics as current, graphics on pole cover per new layout, 21x96, reinstall.  Proposal includes 5-year parts and labor warranty.  Please coordinate removal with paint and with the acrylic face timeline so they can have a quick turnaround once the sign has been removed and will not be without sign too long.",,Survey needed,2026-04-29,2026-06-17,,,,MIRATEC,20132,SHIPPING,WK,WK,,No,"Hutch,Outsourced",,,/,/,/
J37290 / Fine Art of Family Dentistry (Refurb Copy),Refurb - Awaiting Removal,Placeholder,,WK,DP,Salina,"Remove existing 2'6"" x 8' single face monument sign, move to Lumineo Plant. Sand, patch and repaint all finishes, new paint to be black. Remove ""Lynn R. Wuthnow, DDS"" and add ""Sara E. Gassman, DDS"". Reinstall at same location.",,Survey needed,2026-05-11,2026-06-29,,,,GEMINI,20331,ORDERED,WK,WK,,No,,,,/,,
J34403 / MERITRUST CREDIT UNION,MFG - Routing,In Process,,WK,CC,"Boulder, CO","New internallly illuminated single face cabinet for Gunbarrel branch Boulder Remove existing sign cabinet from the front of tenant space. Furnish and install a new, internally illuminated sign cabinet with routed copy. The routed copy will be backed with white acrylic, decorated with translucent vinyl to match PMS 1797C red. Proposal also includes removing and disposing of the wall sign on the rear elevation. This sign will not be replaced with a new sign. Reference design CC-J34403. Permit to be secured and invoiced as a separate line item on final invoice. Label for job location and ship product to: DaVinci Sign Systems 4496 Bents Drive - Unit A Windsor, CO  80550",order released from hold 5/29,Survey needed,2025-12-16,2026-07-17,,,,,,,WK,WK,8981.84,No,Hutch,Metal & Backed,/,/,/,
J34830 / MERITRUST CREDIT UNION,MFG - Routing,In Process,,WK,CC,"Broomfield, CO","Remove and dispose of the existing monument sign off site. Furnish and install a new internally illuminated all aluminum construction monument sign with routed copy. Routed copy to be backed with white acrylic, with white LED illumination. The topper section will have white reflective vinyl applied to each side. Reference design CC-J34830. Permit to be secured and invoiced as a separate line item on final billing.",off hold 5/1 permit waver (original order day 12/26/25),Survey needed,2026-05-01,2026-06-23,,,,,,,WK,WK,,No,Hutch,Metal w/ Push thru,/,/,/,/
J37095 / Intellicents,MFG - Routing,In Process,,WK,TC,Wichita,"Interior Reception Sign - Intellicents Remove and dispose of existing acrylic sign. Furnish and Install one (1) 4'-0"" (H) x 8'-0"" (W) x 1/2"" (D) clear acrylic with applied digitally printed vinyl graphics of Intellicents logo. Re-use existing ACM backer panel and standoffs. Reference design TC-J37095.",,Survey needed,2026-04-27,2026-06-15,,,,GREGORY,20117,RECEIVED,WK,WK,2408.65,No,Outsourced,1/2 plex,,,/,
"J31949 / Stone Creek Station (GC Investments, Inc)  (Routing Copy)",MFG - Routing,Placeholder,,WK,NH,Garden City,"MONUMENT SIGN @ THE COURTYARD: Furnish and install (1) new single-face sign, consisting of (1) 2' 4 13/16""h x 8'w x 8""d irregular-shaped single-face aluminum cabinet (white enamel finish) with routed copy/logo, internal-LED-illumination, push-thru plex letters, custom digitally-printed gold vinyl overlay, 3630-22 black vinyl overlay), with a 3-piece flat-cut-out aluminum ""accent bars"" (3/8"" deep, Pantone #4515 enamel finish), stud-mounted flush, and (1) 2'h x 7' 8""w x 4""d painted aluminum polecover (black enamel finish). Set new base steel (excavation through dirt, concrete to grade). *ASSUMES THE CUSTOMER WILL LANDSCAPE AROUND THE SIGN. On the return trip, weld the signage to the poles. *THE CUSTOMER IS RESPONSIBLE FOR RUNNING POWER TO THE SIGN LOCATION.",,Survey needed,2026-05-01,2026-06-19,,,,"GEMINI,GREGORY",20320 / 20327,ORDERED,WK,WK,,No,"Hutch,Outsourced",1/2 plex,,,,
J36938 / Community National Bank and Trust (Routing Copy),MFG - Routing,Placeholder,,WK,CC,Wichita,"Furnish new pylon sign for CNB&T Wichita Provide labor, materials, and equipment to fabricate and install a new, internally illuminated CNB ID cabinet and pole cover with address numerals. Reference design CC-J36938. Upper ID cabinet to have routed copy, backed with 1/2"" thick, push-thru acrylic. The CNB logo on the faces of the cabinet to be internally illuminated trim capped logos, with vinyl graphics applied to white acrylic faces. The top of cabinet to have a custom fabricated topper, trimmed with red, LED tube. Address numerals on pole cover base to be attached, 1/4"" thick, machine routed aluminum. The LED display to be provided by separate vendor, but this proposal includes providing framed out section to accommodate installers LED modules. The stone base to be supplied by GC. Lumineo Signs will coordinate with site super and electrician when we dig our footing for the new support pipe. Permit will be secured by Lumineo Signs and invoiced at cost on final billing.",1st of July install,Survey needed,2026-04-16,2026-06-30,,,,"SIGN HOUSE,GEMINI",20161 / 20162,ORDERED,WK,WK,,No,Hutch,Metal w/ Push thru,/,/,/,
J34000 / G Alexander Construction LLC - Disability Supports (Routing Copy),MFG - Routing,Placeholder,,WK,AS,McPherson,"501 Monument Remove sign from base and poles.  Bring to shop along with listing cabinet stored in the basement of their office.  Replace damaged faces with ""Disability Supports"" and logo element. Routed push thru copy with clear plex with applied white vinyl backing for replacement faces as it was previously, digital prints for logo element. Bondo top of sign before paint of any hail damage.  Sand, prime, and repaint sign.   Any needed sign permits to be added onto final invoice.  Refurb pricing does not include any retrofitting internal illumination to LED components.",,Survey needed,2026-04-30,2026-06-30,,,,,,,WK,WK,,No,,Metal w/ Push thru,/,/,/,
J33999 / G Alexander Construction LLC - Disability Supports (Routing Copy),MFG - Routing,Placeholder,,WK,AS,McPherson,"204 monument Remove sign from base and poles.  Bring to shop for full refurb.  Replace damaged faces with ""Disability Supports"" and logo element. Routed push thru copy with clear plex with applied white vinyl backing for replacement faces as it was previously, digital prints for logo element. Bondo top of sign before paint of any hail damage.  Sand, prime, and repaint sign.    Any needed sign permits to be added onto final invoice.  Refurb pricing does not include any retrofitting internal illumination to LED components.",,Survey needed,2026-04-30,2026-06-30,,,,,,,WK,WK,,No,,Metal w/ Push thru,/,/,/,
J33316 / Greenbush - The Southeast Kansas Service Center (Routing Copy),MFG - Routing,Placeholder,,NEK,"QT,DP",Girard,Greenbush Reception 090925 Produce and install graphics display for reception gathering area.,,Survey needed,2026-02-06,2026-06-16,,,,,,,NEK,NEK,,No,,,,,,
J34690 / Greenbush - The Southeast Kansas Service Center (Routing Copy),MFG - Routing,Placeholder,,NEK,"QT,DP",Girard,Greenbush Timeline 111225 Produce and install one custom wall mounted interior non illuminated wall sign display of timeline,,Survey needed,2026-02-09,2026-06-16,,,,,,,NEK,NEK,,No,,,,,,
J34689 / Greenbush - The Southeast Kansas Service Center (Routing Copy),MFG - Routing,Placeholder,,NEK,"QT,DP",Girard,Greenbush Legacy Builders 111225 Produce and install one custom interior non illuminated wall sign display for Legacy Builders Wall.,,Survey needed,2026-02-09,2026-06-16,,,,,,,NEK,NEK,,No,Outsourced,Metal Only,,,,
J36938 / Community National Bank and Trust,MFG - Chris Metal Fab,In Process,,WK,CC,Wichita,"Furnish new pylon sign for CNB&T Wichita Provide labor, materials, and equipment to fabricate and install a new, internally illuminated CNB ID cabinet and pole cover with address numerals. Reference design CC-J36938. Upper ID cabinet to have routed copy, backed with 1/2"" thick, push-thru acrylic. The CNB logo on the faces of the cabinet to be internally illuminated trim capped logos, with vinyl graphics applied to white acrylic faces. The top of cabinet to have a custom fabricated topper, trimmed with red, LED tube. Address numerals on pole cover base to be attached, 1/4"" thick, machine routed aluminum. The LED display to be provided by separate vendor, but this proposal includes providing framed out section to accommodate installers LED modules. The stone base to be supplied by GC. Lumineo Signs will coordinate with site super and electrician when we dig our footing for the new support pipe. Permit will be secured by Lumineo Signs and invoiced at cost on final billing.",1st of July install,Survey needed,2026-04-16,2026-06-30,,,,"SIGN HOUSE,GEMINI",20161 / 20162,ORDERED,WK,WK,47040.16,No,Hutch,Metal w/ Push thru,/,/,/,
"J36940 / Stone Creek Station (GC Investments, Inc)",MFG - Chris Metal Fab,In Process,,WK,NH,Garden City,"CORNER SIGN (OPTION 2): Furnish and install (1) 12""h x 30'w x 8""d single-face aluminum cabinet (black enamel finish) with individual non-illuminated reverse-channel letters (30""h, Pantone 4515 gold enamel finish, full painted backs), mounted to the face of the 12""h base cabinet, along with flat-cut-out aluminum ""hex bolt heads"" (3/8"" deep, white enamel finish), stud-mounted at the corners. Excavate & form a 31'w x 1' 4""d x 5.5""h concrete mow pad, with steel j-bolts throughout. On the return trip, mount the sign sections on the pad. . . *THE CUSTOMER IS RESPONSIBLE FOR ADDING LANDSCAPING LIGHTS/CAST FIXTURES, AS DESIRED. . . *CUSTOMER TO PLACE A REPLICA PUMPJACK BEHIND THE SIGN, COMPLETELY INDEPENDENT OF THE SIGN. (PRIOR TO PLACEMENT OF THE SIGN).",,Survey needed,2026-05-01,2026-07-03,,,,,,,WK,WK,21836.19,No,Outsourced,Routing Complete,/,/,,
"J31949 / Stone Creek Station (GC Investments, Inc)",MFG - Terry Metal Fab,In Process,,WK,NH,Garden City,"MONUMENT SIGN @ THE COURTYARD: Furnish and install (1) new single-face sign, consisting of (1) 2' 4 13/16""h x 8'w x 8""d irregular-shaped single-face aluminum cabinet (white enamel finish) with routed copy/logo, internal-LED-illumination, push-thru plex letters, custom digitally-printed gold vinyl overlay, 3630-22 black vinyl overlay), with a 3-piece flat-cut-out aluminum ""accent bars"" (3/8"" deep, Pantone #4515 enamel finish), stud-mounted flush, and (1) 2'h x 7' 8""w x 4""d painted aluminum polecover (black enamel finish). Set new base steel (excavation through dirt, concrete to grade). *ASSUMES THE CUSTOMER WILL LANDSCAPE AROUND THE SIGN. On the return trip, weld the signage to the poles. *THE CUSTOMER IS RESPONSIBLE FOR RUNNING POWER TO THE SIGN LOCATION.",,Survey needed,2026-05-01,2026-06-19,,,,"GEMINI,GREGORY",20320 / 20327,ORDERED,WK,WK,10408.44,No,"Hutch,Outsourced",Routing Complete,/,/,/,
J35730 / FUQUA CONSTRUCTION,MFG - Len Metal Fab,In Process,,WK,DP,McPherson,"McPherson Co Office Building - Rev2: Attached you will find our renderings of the signage and elevations of the signage. There are three signs in total, all to be backlit with color changeable LEDs. This is for the McPherson County Building, which is an office structure being remodeled for County use catty-corner from the courthouse. The signs will be mounted on existing walls.",didn't get final info till 3/4/26,Survey needed,2026-02-20,2026-06-29,,,,STEEL ART,19639,RECEIVED,WK,WK,52924.52,No,,,/,/,,
J33724 / Dough Co Donuts,MFG - Need Material Cut,In Process,,WK,AS,Hutchinson,Survey for cut size. Remove existing faces in pole sign. Furnish and install (2) new plex faces with vinyl graphics in pole sign.,survey received 5/18,Survey needed,2026-05-06,2026-06-24,,,,GREGORY,20327,ORDERED,WK,WK,2308.21,No,Outsourced,,,,/,
J36873 / BILLBOARD BUSINESS LLC,MFG - Need Material Cut,In Process,,WK,LNI,Hutchinson,Luke is asking Lumineo to produce and furnish 50 qty. billboard ID tags (3 ft.) for The Billboard Business. Refer to prior discussions with Alex regarding details. See uploaded mockup.,,Survey needed,2026-05-08,2026-06-26,,,,,,,WK,WK,5182.72,No,Hutch,,,,/,/
J37515 / Dodge City Smiles,MFG - Need Material Cut,In Process,,WK,NH,Dodge City,"OPTION 2: Furnish and install (2) new flat plex faces to fit the existing 4'x6' top section of the existing pylon sign (translucent digitally-printed vinyl graphics, UV laminate). Remove and dispose of the existing faces. Slide the new ones into place. *Reference trim size from original order #24627.1... *IF THE SIGN NEEDS ANY ELECTRICAL SERVICE, LUMINEO CAN PROVIDE ON AN ADDITIONAL ""TIME & MATERIALS"" BASIS.",,Survey needed,2026-05-14,2026-07-02,,,,MIRATEC,20262,SHIPPING,WK,WK,2374.87,No,Outsourced,,,,/,
J33316 / Greenbush - The Southeast Kansas Service Center,MFG - Paint Prep / Paint,In Process,,NEK,"QT,DP",Girard,Greenbush Reception 090925 Produce and install graphics display for reception gathering area.,,Survey needed,2026-02-06,2026-06-16,,,,,,,NEK,NEK,5272,No,,,,,,
J34690 / Greenbush - The Southeast Kansas Service Center,MFG - Paint Prep / Paint,In Process,,NEK,"QT,DP",Girard,Greenbush Timeline 111225 Produce and install one custom wall mounted interior non illuminated wall sign display of timeline,,Survey needed,2026-02-09,2026-06-16,,,,,,,NEK,NEK,16210,No,,,,,,
J34689 / Greenbush - The Southeast Kansas Service Center,MFG - Paint Prep / Paint,In Process,,NEK,"QT,DP",Girard,Greenbush Legacy Builders 111225 Produce and install one custom interior non illuminated wall sign display for Legacy Builders Wall.,,Survey needed,2026-02-09,2026-06-16,,,,,,,NEK,NEK,6059,No,Outsourced,Metal Only,,,,
J35471 / MERITRUST CREDIT UNION,MFG - Paint Prep / Paint,In Process,RED DATE,WK,CC,Wichita,"Fabricate and install two, internally illuminated single face sign cabinets with routed, push thru copy. Sign cabinets to install over transom windows on the north and west elevations of tenant space. Cabinets painted DK Bronze to match mullion color. Copy will be clear matt acrylic, pushed through routed copy on faces, and backed with translucent white vinyl. Permit, as required by the city will be invoiced at cost on final billing as a separate line item. 120V service to each sign by others. Reference design CC-J35471.",Install by end of June.,Survey needed,2026-02-19,2026-06-15,,,,,,,WK,WK,19738.43,No,Hutch,Routing Complete,X,/,,
J36861 / First Security Bank,MFG - Paint Prep / Paint,In Process,,WK,DW,Conway Springs,Conway Springs Pylon Option 5 NEEDS SURVEY! Remove and discard existing double face pylon. Reusing pole structure fabricate and install new LED illuminated double face pylon with routed push thru graphics.,,Survey needed,2026-04-06,2026-06-17,,,,,,,WK,WK,34622.35,No,Hutch,Routing Complete,/,/,/,
J37422 / Cris Corey State Farm,MFG - Paint Prep / Paint,In Process,,WK,AS,Hutchinson,"Refurb Remove, repaint sign, base and reveal black, replace lighting, furnish two new plex faces 36x96 same graphics as current, graphics on pole cover per new layout, 21x96, reinstall.  Proposal includes 5-year parts and labor warranty.  Please coordinate removal with paint and with the acrylic face timeline so they can have a quick turnaround once the sign has been removed and will not be without sign too long.",,Survey needed,2026-04-29,2026-06-29,,,,MIRATEC,20132,SHIPPING,WK,WK,7091.19,No,"Hutch,Outsourced",,,/,/,/
"J37303 / Stone Creek Station (GC Investments, Inc)",MFG - Paint Prep / Paint,In Process,,WK,NH,Garden City,"BIG SKY EXTERIOR SIGNS: Furnish & install (1) 4'h x 5' 11 1/2'w single-face, internal-LED-lit oval-shaped wall sign cabinet (red enamel finish, flat plex face, translucent digitally-printed graphics, UV laminate). Mount on the east elevation, centered over the entrance. *THE CUSTOMER IS RESPONSIBLE FOR RUNNING POWER TO THE SIGN LOCATION. . . Furnish and install (3) 6'h x 9' 9 5/8""w single-face, non-illuminated, oval-shaped aluminum pan signs (red enamel finish, opaque digitally-printed graphics, UV laminate). Mount on the south/west/north elevations, centered under the gooseneck fixtures (SUPPLIED BY OTHERS).",,Survey needed,2026-05-01,2026-06-19,,,,,,,WK,WK,17036.17,No,Outsourced,Routing Complete,X,/,/,
"J36888 / Carlson Hydraulics, LLC",MFG - Paint Prep / Paint,In Process,,WK,TC,Wichita,"Furnish and Install one (1) set of 3/8"" (D) non-illuminated, aluminum flat cut out letters (FCOs), painted blue. FCOs to mount on 4'-0"" (H) x 10'-0"" (W) x 2"" (D) brushed aluminum pan sign with radius corners. FCOs to mount to pan sign with 1"" standoffs. Reference design TC-J36888.",,Survey needed,2026-05-08,2026-06-26,,,,GEMINI,20324,ORDERED,WK,WK,5762.7,No,,,X,/,,
J37290 / Fine Art of Family Dentistry,MFG - Paint Prep / Paint,In Process,,WK,DP,Salina,"Remove existing 2'6"" x 8' single face monument sign, move to Lumineo Plant. Sand, patch and repaint all finishes, new paint to be black. Remove ""Lynn R. Wuthnow, DDS"" and add ""Sara E. Gassman, DDS"". Reinstall at same location.",,Survey needed,2026-05-11,2026-07-01,,,,GEMINI,20331,ORDERED,WK,WK,5904.47,No,,,,/,,
J36774 / THRIVE RESTAURANT GROUP,MFG - Paint Prep / Paint,In Process,,WK,DW,"Cedar Falls, IA",Remove and discard existing cabinet. Fabricate and install new LED illuminated sign cabinet with digitally printed flexible faces.  Customer responsible for any applicable sales or use tax to appropriate local taxing authority.,,Survey needed,2026-05-13,2026-07-01,,,,MIRATEC,20235,SHIPPING,WK,WK,21362.84,No,,,X,/,,
J37420 / Commerce Bank C/O CBRE,MFG - Paint Prep / Paint,In Process,,NEK,QT,Kansas City,"Provide labor, equipment and necessary materials to remove and dispose of existing damaged ""Enter"" sign. Produce and install replacement internally LED illuminated sign cabinet.",,Survey needed,2026-05-14,2026-06-16,,,,,,,NEK,NEK,6052.86,No,,Routing Complete,X,/,/,
J34926 / Greenbush - The Southeast Kansas Service Center,MFG - Assembly,In Process,,NEK,"QT,DP",Girard,Greenbush Audiology 112525 Produce and install one (1) single sided non illuminated sign pan with flat cut out lettering for Greenbush logo and Audiology Clinic Main Entrance with a left arrow.,,Survey needed,2026-02-09,2026-06-16,,,,,,,WK,NEK,5441,No,Outsourced,,X,/,,
J34368 / Goodwin Outdoors,MFG - Assembly,In Process,,NEK,QT,Overland Park,Walnut Reserve monument Produce and install one single sided illuminated sign cabinet to mount to customer provided stone base.,,Survey needed,2026-03-16,2026-06-10,,,,,,,WK,NEK,17800,No,Outsourced,,X,/,,
J36121 / Greenbush - The Southeast Kansas Service Center,MFG - Assembly,In Process,,NEK,"QT,DP",Girard,"Greenbush Monument 021326 REMOVE AND DISPOSE OF EXISTING MONUMENT SIGN AND WOOD SUPPORT STRUCTURE INSIDE SIGN. LEAVE STONE PLANTER. PROVIDE EQUIPMENT AND LABOR TO EXCAVATE AND SET NEW STEEL SUPPORT POLE. FURNISH AND INSTALL NEW DOUBLE-SIDED, NON-ILLUMINATED MONUMENT SIGN. ALUMINUM CABINET PAINTED PMS 298C DARK BLUE WITH (2) 3” SQUARE CHANNEL SURROUNDS. 1/4” THICK FLAT CUT OUT LOGO PAINTED PMS 3395C MINT, 725U BROWN AND WHITE. FLAT CUT OUT ADDRESS ON POLE COVER.",,Survey needed,2026-03-26,2026-06-16,,,,,,,WK,NEK,28289,No,Outsourced,,X,/,,
J35899 / Food Bank of Reno County,MFG - Assembly,In Process,,WK,AS,Hutchinson,"Pole sign revision Remove top two pole sign ID cabinets and two arched pole covers above tenant sign, discard.  Furnish and install new internally illuminated flex faced cabinet, 8' x 12' with Food Bank Branding at top in 6 x 12 space and blank space below for future tenant graphics to be added at later date.  Install on existing pole structure after trimming down to needed height. Paint existing cabinet and pole covers black.  This option could meet opposition from city in permitting due to location being grandfathered.  **POWER LINES PRESENT",survey for pole structure / Survey received 5/21,Survey needed,2026-04-10,2026-06-26,,,,MIRATEC,20261,SHIPPING,WK,WK,23584.29,No,Outsourced,,X,/,,
"J36950 / Stone Creek Station (GC Investments, Inc)",MFG - Assembly,In Process,,WK,NH,Garden City,"NORTH EXTERIOR FASCIA SIGN: Furnish and install (1) new 5' 4"" 3/16""h x 22' 3/8""w x 4""d irregular-shaped single-face aluminum cabinet (black enamel finish) with LED-lighted trimcap channel letters (white cans, white plex, white edging, custom digitally-printed gold vinyl overlay, white LED), flat-cut-out aluminum ""hex bolt heads"" (1"" deep, white enamel finish), stud-mounted at the corners, with an aluminum channel ""oil rig"" top ornament (4"" deep, black enamel finish, with mounting plate).  Mount on the ribbed metal siding. *WILL NEEED TRUCK ACCESS PRIOR TO DEVELOPMENT OF THE  COURTS OUT FRONT. . . *THE CUSTOMER IS RESPONSIBLE FOR RUNNING POWER TO THE SIGN LOCATION.",,Survey needed,2026-05-01,2026-06-19,,,,"SIGN HOUSE,GEMINI",20256 / 20319,ORDERED,WK,WK,19691.06,No,,Routing Complete,X,/,,
J36182 / CITY OF GODDARD,MFG - Assembly,In Process,,WK,TC,Goddard,"Fabricate and install two (2) 11'-0"" (H) x 4'-0"" (W) x 1'-0"" (D) single faced, non-illuminated, entryway signs at Goddard North Park. Sign to be painted PMS 7686C, PMS 2985C, with surface mounted 1/2"" (D) brushed aluminum flat cut out letters reading ""GODDARD"" & ""LEGACY BANK PARK"" and feature a brushed aluminum side panel, similar to existing signage on US-54. Sign structure to mount above 5-1/2"" (H) x 4'-6"" (W) x 1'-6"" (D) mow pad. Reference design TC-J36182.",,Survey needed,2026-05-05,2026-06-23,,,,GEMINI,20321,ORDERED,WK,WK,22738.47,No,,Routing Complete,X,/,,
"J37539 / Carlson Hydraulics, LLC",MFG - Assembly,In Process,,WK,TC,Wichita,"Furnish and Install one (1) set of 1'-0"" (H) x 3/8"" (D) non-illuminated, aluminum flat cut out letters (FCOs), reading ""3414"", in a brushed aluminum finish. FCOs to mount flush to a 1'-6"" (H) x 4'-8"" (W) x 1"" (D) backer panel with radius corners, painted blue. Reference design TC-J37539.",,Survey needed,2026-05-08,2026-06-26,,,,GEMINI,20322,ORDERED,WK,WK,2383.59,No,Outsourced,,X,/,,
J36878 / - Leroy Career Technical College,MFG - Assembly,In Process,,NEK,DP,Leroy,PRODUCE AND INSTALL NEW BUILDING SIGNAGE “TITAN” SHIELD - 1/4” THICK FLAT CUT OUT ALUMINUM SHIELD PAINTED WHITE OVERLAID WITH DIGITALLY PRINTED VINYL GRAPHIC (NEED ART FROM CUSTOMER) “CAREER & TECHNICAL EDUCATION” - 1/4” THICK FLAT CUT OUT ALUMINUM LETTERS PAINTED White INSTALL ON 1” DEEP BACKGROUND PAN PAINTED Ash Grey to match building accent colors.,,Survey needed,,2026-06-16,,,,,,,WK,NEK,7988,No,Outsourced,,X,/,,
J35260 / MERITRUST CREDIT UNION,MFG - Assembly & Graphics,In Process,,WK,CC,"Erie, CO","@Furnish and install new double face monument sign for Erie branch Fabricate and install a new internally illuminated monument sign with routed copy and internal LED lighting per design CC-J35260. Routed copy on both faces to be 1/2"" push thru white acrylic, with the exception of the address copy which will just be backed with white acrylic. Main sign cabinet to be painted to match PMS 1797C Red, with the reveals painted to match PMS Grey1C. Proposal includes new footing, new support pipe, block and bricking of the base, using customer supplied brick. Permit to be invoiced as a separate line item on final statement. 120V service to sign by others.",off hold 4/14/26,Survey needed,2026-04-14,2026-06-09,,,,,,,WK,WK,30600.63,Yes,Hutch,Routing Complete,X,/,/,
"J36343 / Presbyterian Manors of MId-America, Inc.",MFG - Assembly & Graphics,In Process,,NEK,DW,Lawrence,Lawrence Monument Sign Refurb Remove existing faces. Fabricate and install new routed acrylic backed faces. Paint cabinet and pole cover in field. Will require pulling rocks back from around bottom of pole cover. Convert to LED illumination.,,Survey needed,2026-03-23,2026-06-12,,,,MIRATEC,20020,RECEIVED,WK,NEK,11159.52,No,Outsourced,Routing Complete,X,/,/,/
J29155 / Morton Buildings,MFG - Assembly & Graphics,In Process,,WK,DW,"Atkinson, IL",Remove and discard (1) existing double face sign cabinet off site. Furnish and install (1) 5'x10' double face full bleed extrusion retainerless sign cabinet with digitally printed flexible sign faces. Sign cabinet to be UL listed with multi-voltage LED lighting system. Sign cabinet to have integral steel structural pole with match plate to match existing structure. Sign cabinet to be painted black with polyurethane enamel finish. Existing pole to be painted PMS 877 metallic silver. Furnish and install 1 vinyl reading for front door glass.,,,2026-03-25,2026-06-09,,,,MIRATEC,20012,RECEIVED,WK,Sub-Installer,22381.08,Yes,Outsourced,,X,/,,/
J36879 / Inland Ocean Vineyards,MFG - Assembly & Graphics,In Process,,WK,AS,Hutchinson,"Option 5 Furnish and deliver 60” x 120"" non-illuminated sign cabinet. (Customer plans to install sign themselves between two wood beams that they will be putting in), sign to have 2"" tube on top and bottom of sides with flanges to mount to posts.  Pan cabinet to be painted light gray with white 1/2"" FCO letters and border. Contour shape to mount on light gray oval space with a white raised border to match border on the rest of the sign on the rest of the sign. *Lumineo will need to provide brackets for mounting on each side of the sign for hanging.",,Survey needed,2026-04-09,2026-06-11,,,,"GEMINI,GREGORY",20029 /20117,RECEIVED,WK,WK,16708.76,No,Outsourced,,X,/,/,
J35522 / Jones Sign,MFG - Assembly & Graphics,In Process,,WK,CC,Wichita,"Furnish and install routed tenant panels on two monuments for Jones Sign Fabricate and install two pairs of routed tenant panels for existing multi-tenant monument signs. One set of small panels for the tenant sign at the building, and two larger panels for the 21st St tenant sign. Each to be fabricated with 1"" angle returns and routed copy in faces with 1/2"" clear matte push through acrylic, with white diffuser film applied on second surface. All panels painted black with a satin finish. Dispose of removed faces, off site.",,Survey needed,2026-04-14,2026-06-12,,,,,,,WK,WK,6748.37,No,Hutch,Routing Complete,X,/,/,/
J36983 / Agri Trails Co-op,MFG - Assembly & Graphics,In Process,,WK,DP,Durham,"New ID Cabinet and Price Changer Cabinet Remove damaged ID cabinet and price changer cabinet and bring to Lumineo plant. Furnish and install new double-faced illuminated pylon display for ""DURHAM STATION"" and ""Agri Trails Coop"". Cabinet and retainers to be painted black. Plex faces with digitally printed applied vinyl graphics. Keep ""Unleaded"" & ""Diesel"" faces and price changers to install into cabinet. Return and install at same location.  Colors: 374 C - Lt. Green ""Trail Designating Line"", PMS.M 7406C - Gold Wheat PMS Fades of Yellow for background of Kansas, PMS 5361C Medium Green",,Survey needed,2026-04-23,2026-06-26,,,,MIRATEC,20131,RECEIVED,WK,WK,20968.21,No,Outsourced,,X,/,/,
J36787 / Stevens County Hospital,MFG - Assembly & Graphics,In Process,,WK,NH,Hugoton,"REPAIR WIND-DAMAGED SIGN: Pattern the existing 3' 10""h x 9' 8""w irregular-shaped LED-lit can. Fabricate a new plex/trimcap face with vinyl graphics. Remove and dispose of the face remnant. Affix the new face using painted fasteners.",Need pattern for face,Survey needed,2026-05-04,2026-06-11,,,,,,,WK,WK,3355.02,No,Hutch,,,,/,/
J34645 / BUILDERS INC PARKLANE SHOPPING,MFG - Vinyl Cut,In Process,,WK,DW,Wichita,"South Rock RD Multi-Tenant Remove and discard existing multi-tenant sign. Cut poles at grade. Set new steel pole so edge of sign cabinet is closer to Rock Rd. Fabricate and install new double face LED illuminated multi-tenant sign cabinet. Top cabinet to be ID cabinet reading ""Cedar Lakes Village"" and tenant section to have 6 tenant spaces with floating divider bars giving ability to convert two tenant spaces into one. All tenant panels and ID cabinet to have white acrylic panels.  Tenant panels to be blank and ID cabinet to have full coverage reverse cut vinyl reading ""Cedar Lakes Village"" Cabinet to be painted neutral color and pole to be painted black.",,Survey needed,2025-12-05,2026-06-11,,,,,,,WK,WK,24425.5,No,Outsourced,,X,X,/,/
J36912 / Wichita State University,MFG - Vinyl Cut,In Process,,WK,CC,Wichita,"Furnish and install a new clearance bar at WSU parking garage Furnish and install a new clearance bar on the east side of the Rhatigan Center parking garages north entrance lane. Clearance bar to be produced from 8"" diameter, black PVC pipe, with matching PVC end caps. New yellow, reflective vinyl graphic to be applied. Reference design 6919 (CB-1). Existing brackets to be used with new steel cabling.",,Survey needed,2026-04-03,2026-06-11,,,,,,,WK,WK,2526.81,No,Hutch,,X,,/,/
J36376 / Community National Bank and Trust,MFG - Vinyl Cut,In Process,,WK,CC,Wichita,"Two new direction signs for CNB Wichita Fabricate and install two, double sided, non-illuminated directional signs with vinyl graphics. Each sign to have a two paint color, with the logo and copy applied in reflective white vinyl. Each cabinet to be 3"" deep, and set on concrete mow pad. Reference design CC-J36376 for copy and color layouts. Permit, as required by the city will be secured by Lumineo Signs and invoiced at cost on final billing statement. Chuck to flag locations",July 1st install,Survey needed,2026-04-23,2026-06-30,,,,,,,WK,WK,6600.5,No,Hutch,,X,/,/,/
"J36881 / NEWTON HEALTHCARE CORPORATION, D/B/A NMC HEALTH",MFG - Vinyl Cut,In Process,,WK,DW,Newton,"Remove and discard faces from bottom cabinet. Bring back into shop all retainers. Repaint retainers to match rest of sign fabricate new acrylic panel reading ""Physical Therapy & Rehabilitation""",survey done 5/18/26,Survey needed,2026-04-24,2026-06-12,,,,,,,WK,WK,3229.59,No,Hutch,,,,/,/
"J37535 / Schramm Feedlot, Inc.",MFG - Vinyl Cut,In Process,Rush,WK,NH,"Yuma, CO","Furnish (2) full sign replacements (white ACM panels, with 7725-12 black & 7725-47 intense blue vinyl graphics, and digital print logo in bottom-right corner. Breakdown: (1) 6' 8"" x 20' sign (in 4 pieces), and (1) 4' 6"" x 15' sign (in 2 pieces). -Original sketch references attached. Crate & ship to the site. Customer to take down the old panels & install new panels. **LN DOES NOT HAVE A COLORADO RETAIL TAX NUMBER; CUSTOMER IS RESPONSIBLE FORPAYING ANY APPLICASBLE TAXES TO LOCAL AUTHORITIES.",,Survey needed,2026-05-01,2026-06-09,,,,,,,WK,WK,,No,Hutch,,,,/,/
"J36733 / CHCT Kansas, LLC",MFG - Vinyl Cut,In Process,,WK,TC,Wichita,"Fabricate and install one (1) 6'-0"" (H) x 4'-0"" (W) x 4"" (D) S/F wayfinding sign. Sign to match others on property, painted (PMS TBD). Top of sign to read ""CYPRESS MEDICAL BLDG 300"" in white vinyl, applied over a black vinyl background. Tenant information to be applied in white vinyl on a black background. Reverse weeded Up & Left arrow to be applied in black vinyl directly to painted surface next to tenant information. Backside of sign to have ""CYPRESS MEDICAL"" in white vinyl, applied over a black vinyl background. Building 300 tenants are as follows, reference design TC-J36733:",,Survey needed,2026-05-06,2026-06-24,,,,,,,WK,WK,3595.86,No,Hutch,,X,,/,/
J37607 / MIKE NOLTE,MFG - Vinyl Cut,In Process,,WK,DD,Buhler,"Clear plex panel with 2nd surface cut vinyl & white backer vinyl. Panel size is 8 3/8""H x 49 1/4""W",,Survey needed,2026-05-13,2026-06-10,,,,,,,WK,WK,308.04,No,Hutch,,,,/,/
J37863 / FIDELITY BANK (E. English),MFG - Vinyl Cut,In Process,,WK,CC,Wichita,Provide new stop sign panel for end of parking deck ramp,,Survey needed,2026-05-22,2026-06-12,,,,,,,WK,WK,382.91,No,,,X,,/,/
J34687 / Greenbush - The Southeast Kansas Service Center,MFG - Vinyl Application,In Process,,NEK,"QT,DP",Girard,Greenbush Observatory Exterior 111225 Remove existing non illuminated pan signs. Produce and install two (2) single sided non illuminated exterior sign displays with digitally printed vinyl graphics.,,Survey needed,2026-02-09,2026-06-16,,,,,,,WK,NEK,14641,No,Outsourced,,X,,/,
J36382 / COHLMIA MARKETING,MFG - Vinyl Application,In Process,,WK,DW,Wichita,"Breast Care Specialist Acrylic Stand Off Revision #2 Fabricate and install 1 acrylic standoff sign with 1/4"" thick acrylic flat cut out and vinyl graphics.",,Survey needed,2026-03-10,2026-06-08,,,,GEMINI,19900,RECEIVED,WK,WK,3150,No,,,,X,X,X
J36515 / Children's Mercy,MFG - Vinyl Application,In Process,,WK,CC,Wichita,Non Illuminated Wayfinding Sign for Childrens Mercy Wichita Furnish and install two new non-illuminated wayfinding signs,tall side to the building,Survey needed,2026-04-06,2026-06-09,,,,,,,WK,WK,20149.95,No,Hutch,Routing Complete,X,X,/,/
J36516 / Children's Mercy,MFG - Vinyl Application,In Process,,WK,CC,Wichita,"New Non Illuminated monument sign for Childrends Mercy Wichita Furnish and install one new double faced, non-illuminated monument sign for entry.",,Survey needed,2026-04-06,2026-06-09,,,,,,,WK,WK,15506.95,No,Hutch,Routing Complete,X,X,/,/
J37094 / Intellicents,MFG - Vinyl Install,In Process,,WK,TC,Wichita,"Interior Vinyl - Intellicents Remove and dispose of existing vinyl. Furnish and install two (2) 66-1/4"" (H) x 21"" (W) readings of regular cut Etch Look vinyl. Reference design TC-J37094.",,Survey needed,2026-04-27,2026-06-09,,,,,,,WK,WK,952.06,No,Hutch,,,,,X
"J36732 / CHCT Kansas, LLC",MFG - Vinyl Install,In Process,,WK,TC,Wichita,"Furnish and install the following vinyl readings at 9300 W 29th St N, Bldg 300, reference design TC-J36732:  ""BUILDING 300"" - 3M 7725-10 White Vinyl - To install on transom windows directly above sliding glass entrance doors ""ENTER THIS SIDE"" - Digital Print Vinyl Strips - To install directly above divider bar on left entrance door - QTY 2 ""EXIT THIS SIDE"" - Digital Print Vinyl Strips - To install directly above divider bar on left entrance door, opposite side of glass as ""ENTER"" vinyl - QTY 2",,Survey needed,2026-05-06,2026-06-09,,,,,,,WK,WK,687.61,No,Hutch,,,,,X
"J36890 / Carlson Hydraulics, LLC",MFG - Vinyl Install,In Process,,WK,TC,Wichita,"Remove existing vinyl. Furnish and install one (1) new reading of 3M 7725-10 White Vinyl, with company logo and repair hours. Reference design TC-J36890.",,Survey needed,2026-05-08,2026-06-26,,,,,,,WK,WK,446.74,No,Hutch,,,,,X
"J36892 / Carlson Hydraulics, LLC",MFG - Vinyl Install,In Process,,WK,TC,Wichita,"Clean door of any debris. Furnish and install one (1) reading of 3M 7725-397 Dark Blue vinyl, reading ""Customer Repair Drop Off."" Vinyl to install directly on door at SE elevation of building. Reference design TC-J36892.",,Survey needed,2026-05-08,2026-06-26,,,,,,,WK,WK,327.91,No,Hutch,,,,,X
J37648 / DISABILITY SUPPORTS,MFG - Vinyl Install,In Process,,WK,AS,Hutchinson,Remove current window graphics from back door and side light.  Furnish and install (1) new set of frosted crystal cut and printed graphics (West Gallery door and window graphics only all others remain the same).  *Replacing all graphics due to overspray from exterior paint job.   Remove and dispose of frosted crystal cut vinyl reading on East sliding door.  Furnish and install (1) new set of frosted crystal cut vinyl with hours.,,Survey needed,2026-05-12,2026-06-10,,,,GREGORY,20231,,WK,WK,665.6,No,,,,,,
J28989 / KIEWIT ENGINEERING GROUP INC,NEK - Production,In Process,,NEK,SP,Lenexa,"TEMP COPY CHANGES FOR 3 EXISTING DIRECTIONAL SIGNS ON SIGNS #1, 9 AND 11 COPY & REINSTALL SIGN #9 - Make vinyl copy changes using 7125-22 matte black vinyl on three (3) existing directionals at the site for Signs #1, 9 and 11; and reinstall existing previously removed sign #9 back at its same sod/dirt location having new pole support and concrete footing with mow pad (this sign is being stored in a trash enclosure area at Kiewit site and Lonny Stump can be contacted to gain access to sign . His cell # is 816.668.5523 or office direct # 913.689.1962 or office admin asst # 816.701.5000)",,Survey needed,2025-01-29,2025-03-19,,,,,,,NEK,NEK,2209,No,,,,,,
J31749 / Multistudio,NEK - Production,In Process,,NEK,QT,KCKS,American Royal ADA sample Create a sample referencing sketch J31578.   N/C,,Survey needed,2025-06-03,2025-07-22,,,,,,,NEK,NEK,,No,,,,,,
J31961 / CHILDREN'S MERCY HOSPITALS,NEK - Production,In Process,,NEK,SP,KCMO,"INTERIOR DON CHISHOLM BLDG LEGACY DISPLAY WITH DIG PRINTS & PLAQUES DON CHISHOLM BLDG LEGACY DISPLAY -  Customer to remove/relocate on their own the AED Unit, AED Sign, Small Wall Plaque and Light Box, but 2 Rm ID Signs on far right to remain as-is since the new display doesn't cover that area. Lumineo to produce/install one (1) Legacy Wall display for the 7'8"" x 17'4"" wall area which consists of:  one (1) large digital print graphic with matte laminate finish to overlay onto the painted sheetrock wall area,   three (3) clear acrylic plaques all 3/8"" thick with polished edges (and all edges of acrylic plaques need to have corner edges of acrylic rounded off due to being in a metal health bldg, using brushed silver button spacers for mounting attached flush up to wall, having digital print images, graphics and vinyl copy with 1 plaque sized 2' x 2'6"" and 2 sized 1'6"" x 3'6""),    one (1) black sintra panel 1/2"" thick sized 2'6"" x 2'2"" with a digital print image having matte laminate finish and VHB tape mounting;    and one (1) layout of white acrylic 1/4""",,Survey needed,2025-11-25,2026-01-13,,,,,,,NEK,NEK,10612,No,,,,,,
J33873 / Speeks Technology,NEK - Production,In Process,,NEK,QT,"Maplewood, MO",PayMore STL Tenant Monuments 100725 Produce and install four (4) tenant monument panels for PayMore for two (2) double sided tenant monument signs.,,Survey needed,2026-02-04,2026-03-25,,,,,,,NEK,NEK,2813,No,,,,,,
J34688 / Greenbush - The Southeast Kansas Service Center,NEK - Production,In Process,,NEK,"QT,DP",Girard,Greenbush Suite Surrounds 111225 Produce and install (11) Suite Surrounds for existing electronic room ID's,,Survey needed,2026-02-09,2026-03-30,,,,,,,NEK,NEK,,No,,,,,,
J35123 / Greenbush - The Southeast Kansas Service Center,NEK - Production,In Process,,NEK,"QT,DP",Girard,Greenbush Photo Plaques 121125 Fabricate and install sixteen (16) informational plaques to go along with existing photo plaques.,,Survey needed,2026-02-06,2026-03-27,,,,,,,NEK,NEK,4756,No,,,,,,
J35949 / NKC Health,NEK - Production,In Process,,NEK,QT,KCMO,"NKC-002 #001 ST V1 NKC-002_Meritas Health Landmark at Tiffany Springs 10161 N Ambassador Dr Kansas City, MO 64153 Sign # 001 Sign Type V1 Remove and dispose of existing graphics from door glass. Clean surface of all residue. Produce and install replacement vinyl graphics.",,Survey needed,2026-03-04,2026-04-22,,,,,,,NEK,NEK,577.64,No,,,,,,
J35950 / NKC Health,NEK - Production,In Process,,NEK,QT,KCMO,"NKC-002 Sign#002 ST CUST-W-NIL NKC-002_Meritas Health Landmark at Tiffany Springs 10161 N Ambassador Dr Kansas City, MO 64153 Sign # 002 Sign Type CUST-W.NIL Remove and replace insert inside cabinet with new flat panel (match existing)with new full color graphics,",,Survey needed,2026-03-04,2026-04-22,,,,,,,NEK,NEK,835.52,No,,,,,,
J35928 / NKC Health,NEK - Production,In Process,,NEK,QT,KCMO,"NKC-007 Pole Parking Signs NKC-007_Tremont Imaging Center 5501 NW 62nd Terrace, Suite 200 Kansas City, MO 64151 All Regulatory Small Pole Parking Signs Sign Type RP3. (11) in total. Sign #'s 003a, 003b,003c,008a,008b,008c,010a,010b,010c,12a,12b Remove and dispose of 9 existing post and panel parking signs. Produce and install eleven (11) replacement small regulatory parking pole signs",,Survey needed,2026-03-10,2026-04-28,,,,,,,NEK,NEK,5226.83,No,,,,,,
J35942 / NKC Health,NEK - Production,In Process,,NEK,QT,KCMO,"NKC-008 #004 ST CUST-REF NKC-008_Meritas Health Park Plaza 6450 N Chatham Ave Kansas City, MO 64151 Sign # 004 Sign Type CUST_REF Reface existing cabinet with new aluminum panels painted mulberry and orange for curve, returns to be painted mulberry as well. Base below cabinet to be painted dark mulberry, leave existing stone base as is. Cabinet to be routed out with push-thru acrylic copy and applied translucent vinyl on ""NKC"". Must confirm that refacing is a viable option. Confirm existing illumination is in good working order. Replace/repair components to bring sign to full illumination.",,Survey needed,2026-03-16,2026-05-04,,,,,,,NEK,NEK,5658.07,No,,,,,,
J35940 / NKC Health,NEK - Production,In Process,,NEK,QT,KCMO,"NKC-008 Sign #001 ST V1, #002 Removal, # Int-001 Removal Sign #001 ST V1, sign #002 Removal and Sign # Int-001 Sign Type Removal Remove and dispose of existing signage where necessary. Clean surface of all residue. Produce and install replacement vinyl graphics. Remove and leave with customer primary care letters and portraits. Patch repair and repaint wall as necessary",,Survey needed,2026-03-16,2026-05-04,,,,,,,NEK,NEK,1206.84,No,,,,,,
J36782 / KU School of Pharmacy,NEK - Production,In Process,,NEK,AW,Lawrence,"KU Pharmacy School Shield Produce digitally printed vinyl graphics to install to customer-supplied shield. Install completed shield after April 27. Gene Hotchkiss Distinguished Service Award Pharmacy Class of 1969 Burlingame, KS",,Survey needed,2026-03-17,2026-05-05,,,,,,,NEK,NEK,318,No,,,,,,
J36201 / NKC Health,NEK - Production,In Process,,NEK,QT,KCMO,"NKC-011 Removals Sign #'s 001,004,200-001, 220-002 Remove and dispose of any existing vinyl graphics as necessary. Clean surface of all residue. Produce and install vinyl door and glass graphics",,Survey needed,2026-03-18,2026-05-06,,,,,,,NEK,NEK,745.16,No,,,,,,
J36200 / NKC Health,NEK - Production,In Process,,NEK,QT,KCMO,"NKC-011 Door Vinyls Sign #'s 001,004,200-001, 220-002 Remove and dispose of any existing vinyl graphics as necessary. Clean surface of all residue. Produce and install vinyl door and glass graphics",,Survey needed,2026-03-18,2026-05-06,,,,,,,NEK,NEK,1993.62,No,,,,,,
J36289 / NKC Health,NEK - Production,In Process,,NEK,QT,KCMO,NKC-013 Vinyl 022326 Sign # 001 and 100-004 sign Type V1 and V2 Remove and dispose of existing. Clean surface of all residue. Produce and install replacement graphics.,,Survey needed,2026-03-18,2026-05-06,,,,,,,NEK,NEK,1155.28,No,,,,,,
J36293 / NKC Health,NEK - Production,In Process,,NEK,QT,KCMO,NKC-013 #100-001 & 100-003 022326 sign # 100-001 and #100-003 sign Type SP1 and SP2 Remove and dispose of existing. Clean surface of all residue. Produce and install replacement interior suite plaques,,Survey needed,2026-03-18,2026-05-06,,,,,,,NEK,NEK,918.2,No,,,,,,
J36292 / NKC Health,NEK - Production,In Process,,NEK,QT,KCMO,NKC-013 Monument #003 ST CUST-REF 022326 Sign # 003 Sign Type Cust-REF Remove and dispose of existing two (2) monument sign faces from double sided monument sign. Produce and install replacement sign faces.,,Survey needed,2026-03-18,2026-05-06,,,,,,,NEK,NEK,2120.89,No,,,,,,
J36401 / NKC Health,NEK - Production,In Process,,NEK,QT,KCMO,NKC-021 Vinyl Sign # EXT-004 Sign Type V1 and Sign # INT-002 Sign Type V2 Remove and dispose of existing vinyl where necessary. clean surfaces of all residue. Produce and install custom vinyl graphics.,,Survey needed,2026-03-23,2026-05-11,,,,,,,NEK,NEK,1155.28,No,,,,,,
J36399 / NKC Health,NEK - Production,In Process,,NEK,QT,KCMO,NKC-021 Monument EXT-001 Sign # EXT-001 Sign Type CUST-REF Remove and dispose of existing faces from double sided tenant monument sign. Produce and install replacement faces for both sides of double sided tenant monument sign.,,Survey needed,2026-03-23,2026-05-11,,,,,,,NEK,NEK,3949.82,No,,,,,,
J36402 / NKC Health,NEK - Production,In Process,,NEK,QT,"Smithville, MO",NKC-020 Vinyl #001 ST V1 Sign # 001 Sign Type V1 Remove and dispose of existing vinyl. clean surface of all residue. Produce and install replacement custom vinyl graphics,,Survey needed,2026-03-23,2026-05-11,,,,,,,NEK,NEK,628.08,No,,,,,,
J36405 / NKC Health,NEK - Production,In Process,,NEK,QT,"Smithville, MO",NKC-020 Pylon Sign # 004 Sign Type CUST-REF Remove and dispose of existing two (2) MERITAS tenant panels from both sides of double sided tenant pylon sign. Produce and install replacement tenant panels with translucent color vinyl.,,Survey needed,2026-03-23,2026-05-11,,,,,,,NEK,NEK,2074.4,No,,,,,,
J36408 / NKC Health,NEK - Production,In Process,,NEK,QT,Platte City,NKC-019 Door Vinyl Sign # 001 Sign Type V1 Remove and dispose of existing vinyl graphics where necessary. Clean surface of all residue. Produce and install custom vinyl door graphics.,,Survey needed,2026-03-23,2026-05-11,,,,,,,NEK,NEK,628.08,No,,,,,,
J36315 / NKC Health,NEK - Production,In Process,,NEK,QT,NKCMO,NKC-015 Vinyl Sign # 240-001 Sign Type V2 - Sign # 500-003 Sign Type V2 - Sign # 500-005 Sign Type V2 Remove and dispose of existing vinyl where necessary. Clean surfaces of all residue. Produce and install replacement vinyl.,,Survey needed,2026-03-23,2026-05-11,,,,,,,NEK,NEK,1561.32,No,,,,,,
J36393 / NKC Health,NEK - Production,In Process,,NEK,QT,NKCMO,"NKC-016 #312-001 ST V2 NKC-016_2750 Medical Plaza 2750 Clay Edwards Dr. North Kansas City, MO 64115 Sign # 312-001 Sign Type V2 Remove and dispose of existing signage. Clean surface of all residues. Produce and install new custom vinyl graphics.",,Survey needed,2026-03-23,2026-05-11,,,,,,,NEK,NEK,492.61,No,,,,,,
J36654 / AAA CLUB ALLIANCE CENTRAL PARKWAY,NEK - Production,In Process,,NEK,VB,Topeka,"AAA Travel & Insurance Wanamaker replace east & west channel letters' trim cap faces At AAA Travel & Insurance, Wanamaker Rd: 1) check in/out with manager on duty 2) remove & scrap badly fading east entrance and rear/west wall channel letter trim faces 3) pattern both sets of faces for production 4) provide and install new white acrylic faces with overlaid with 3M 3630-143 poppy red vinyl graphics for the logo and 3630-157 sultan blue vinyl graphics for the letters 5) take completion photos Drawing VB-J36618",,Survey needed,2026-03-26,2026-05-14,,,,,,,NEK,NEK,10530,No,,,,,,
J36686 / NKC Health,NEK - Production,In Process,,NEK,QT,NKCMO,"NKC-017 Interior 031126 sign # Cardiac-001 , Cath-001 , CVICU-004 Provide labor, materials and necessary equipment to remove existing and produce and install digitally printed overlays to be be applied over glass.",,Survey needed,2026-03-26,2026-05-14,,,,,,,NEK,NEK,4376.55,No,,,,,,
J36214 / NKC Health,NEK - Production,In Process,,NEK,QT,KCMO,"NKC-012 #100-002, 200-001,202a & 205a Sign #'s 100-002, 200-001, 202a and 205a Remove and dispose of existing signage where necessary. Patch repair and repaint wall surfaces as needed. Produce and install one (1) non illuminated small suite plaque and three (3) sets of non illuminated flat cut out letters.",,Survey needed,2026-03-26,2026-05-14,,,,,,,NEK,NEK,4324.45,No,,,,,,
J36398 / NKC Health,NEK - Production,In Process,,NEK,QT,NKCMO,NKC-017 ceiling and removal Sign # Cardiac-002 Sign Type CUST-REF & Removal for Sign # CCD-001 Sign Type REMOVE Reface existing double sided cabinet faces with new acrylic panels with full color vinyl.,,Survey needed,2026-03-26,2026-05-14,,,,,,,NEK,NEK,1132.17,No,,,,,,
J36212 / NKC Health,NEK - Production,In Process,,NEK,QT,KCMO,"NKC-012 #011 013 & 014 ST D4 Sign #'s 011, 013 and 014 Sign Type D4 Remove existing three (3) non illuminated directional signs. Produce and install replacement non illuminated directional signs.",,Survey needed,2026-03-26,2026-05-14,,,,,,,NEK,NEK,9528.84,No,,,,,,
J36211 / NKC Health,NEK - Production,In Process,,NEK,QT,KCMO,"NKC-012 Regulatorys Sign #'s 005a, 005b, 007f, 007g, 009a, 009b, 009c, 009d and 009e sign Type RP3 Remove existing regulatory signs and posts as necessary. Produce and install replacement regulatory post and panel signs.",,Survey needed,2026-03-26,2026-05-14,,,,,,,NEK,NEK,7443.72,No,,,,,,
J36394 / NKC Health,NEK - Production,In Process,,NEK,QT,NKCMO,"NKC-017 Vinyl Sign #'s 1200-001, 1235-001, 1250-001, 500-001, 520-001a, 530-001, 570-001, 600-002, 625-001 and 630-001 Remove and dispose of existing where necessary. Clean surfaces of all residue. Produce and install custom vinyl.",,Survey needed,2026-03-26,2026-05-14,,,,,,,NEK,NEK,5204.4,No,,,,,,
J36208 / NKC Health,NEK - Production,In Process,,NEK,QT,KCMO,NKC-012 #002 ST CUST-REF Sign # 002 Sign Type CUST-REF Remove and dispose of existing sign faces from double sided multi tenant internally illuminated sign. Produce and install replacement two (2) sign faces for both sides of double sided tenant monument sign,,Survey needed,2026-03-26,2026-05-14,,,,,,,NEK,NEK,1996.53,No,,,,,,
J36397 / NKC Health,NEK - Production,In Process,,NEK,QT,NKCMO,"NKC-017 Interior FCO Letters Sign #'s 1200a, 1235a, 1250a, 500a, 520a, 530a, 570-002, 600-001, 625a, 630-002, CVICU-002, CVICU-002a, Wound and Wounda Remove and dispose of existing non illuminated signage where necessary. Patch repair and repaint wall surfaces to like new condition where necessary. Produce and install various interior non illuminated letter sets.",,Survey needed,2026-03-26,2026-05-14,,,,,,,NEK,NEK,16581.32,No,,,,,,
J36206 / NKC Health,NEK - Production,In Process,,NEK,QT,KCMO,"NKC-012 Door & Glass Vinyls Sign #'s 001, 200-001a, 202-001, 205-002a, 260-001 Remove and dispose of existing vinyl where necessary. Clean surface of all residue. Produce and install vinyl door and glass graphics",,Survey needed,2026-03-26,2026-05-14,,,,,,,NEK,NEK,2465.8,No,,,,,,
J35951 / NKC Health,NEK - Production,In Process,,NEK,QT,KCMO,"NKC-002 #003 #006 #007 #008 Building Signs NKC-002_Meritas Health Landmark at Tiffany Springs 10161 N Ambassador Dr Kansas City, MO 64153 Sign # 003 Sign Type CH.WR.36 Sign #006 Sign Type CH.W.36 Sign #007 Sign Type CV.WR.30 Sign # 008 Sign Type CH.WR.36 Remove and dispose of existing three (4) sets of illuminated building sign letters. Patch repair powerwash and repaint wall as needed.  Produce and install three (4) sets of raceway mounted internally LED illuminated channel letters",,Survey needed,2026-03-26,2026-05-14,,,,,,,NEK,NEK,24953.15,No,,,,,,
J36724 / Harvesters,NEK - Production,In Process,,NEK,JL,Lawrence,"Harvesters Wall Graphic Supply and install new wall graphic 112"" tall x 26' in width using client provided art (will match design on existing banner).  Graphic to be placed so fire alarm falls in specific location on graphic.  Graphic is sized at 112"" to fall below conduit wall penetrations near top of wall.  Graphic will go from steel beam on right hand side all the way to the wall termination at left.",,Survey needed,2026-04-01,2026-05-20,,,,,,,NEK,NEK,3554,No,,,,,,
J36400 / NKC Health,NEK - Production,In Process,,NEK,QT,KCMO,"NKC-021 Exterior letters NKC-021_Physical Therapy & Sports Medicine 9401 N. Oak Trafficway Kansas City, MO 64155 Sign # EXT-002 Sign Type CH.W.36, Sign #EXT-002a Sign Type CUST-LNIC, Sign # EXT-003 Sign Type CH.W.36 Remove and dispose of existing address numbers. Produce and install replacement white address numbers. Produce and install exterior internally LED illuminated raceway mounted channel letters.",,Survey needed,2026-04-09,2026-05-28,,,,,,,NEK,NEK,15477.96,No,,,,,,
J36213 / NKC Health,NEK - Production,In Process,,NEK,QT,KCMO,"NKC-012 #015 ST M4a NKC-012_9411 N. Oak Medical Center 9411 North Oak Trafficway Kansas City, MO 64155  Sign # 015 Sign Type M4a Remove and dispose of existing monument sign. Produce and install one (1) double sided internally LED illuminated monument sign.",,Survey needed,2026-04-09,2026-05-28,,,,,,,NEK,NEK,14466.59,No,,,,,,
J36210 / NKC Health,NEK - Production,In Process,,NEK,QT,KCMO,"NKC-012 #003 #003a Exterior letters NKC-012_9411 N. Oak Medical Center 9411 North Oak Trafficway Kansas City, MO 64155 Sign # 003 and #003a Sign Type CH.MR.36 and CUST-LNIC Remove and dispose of existing exterior building signage and address numbers. Patch repair powerwash and repaint wall surface as needed. Produce and install one (1) set of raceway mounted internally LED illuminated channel letters and one (1) set of non illuminated address numbers.",,Survey needed,2026-04-09,2026-05-28,,,,,,,NEK,NEK,9776.27,No,,,,,,
J36291 / NKC Health,NEK - Production,In Process,,NEK,QT,KCMO,"NKC-013 N Oak Medical Bldg letters 032326 NKC-013_9500 N. Oak Medical Center 9501 North Oak Trafficway Kansas City, MO 64155 Sign # 002 and 004 Sign Type CH.WR.36 Remove and dispose of two (2) existing sets of raceway mounted channel letters from exterior building elevations. Patch repair powerwash and repaint wall surface to like new conditions as needed. Produce and install two (2) internally LED illuminated sets of raceway mounted channel letters.",,Survey needed,2026-04-09,2026-05-28,,,,,,,NEK,NEK,12935.38,No,,,,,,
J36441 / NKC Health,NEK - Production,In Process,,NEK,QT,NKCMO,"NKC-018 Various Regulatory/Parking NKC-018_NKCH Main Hospital Campus 2800 Clay Edwards Dr North Kansas City, MO 64115 Various Regulatory signs and parking/directional signs.  Remove and dispose of existing signs where necessary. Cover existing when called out. Produce and install replacements and coverings for various regulatory and parking signs  Sign #'s -  026a, 042a, 042b, 046, 048a, 048b, 048c, 048d, 048e, 048f, 048g, 058a, 058b, 058c, 058d, 120, 129, 130, 159a, 163a, 168a, 168b, 168c, 168d, 168e, 178, 179, 180, 181, 182, 183, 184,",,Survey needed,2026-04-13,2026-06-01,,,,,,,NEK,NEK,19733.8,No,,,,,,
J37228 / NKC Health,NEK - Production,In Process,,NEK,QT,NKCMO,"NKC-018 Clearance Wall signs NKC-018_NKCH Main Hospital Campus 2800 Clay Edwards Dr North Kansas City, MO 64115 Produce and install aluminum panel with cut vinyl graphics. Remove old and clean wall as necessary. Sign# 089a, 089b, 140, 140a",,Survey needed,2026-04-13,2026-06-01,,,,,,,NEK,NEK,5254.6,No,,,,,,
J36439 / NKC Health,NEK - Production,In Process,,NEK,QT,NKCMO,"NKC-018 Various Custom Reface NKC-018_NKCH Main Hospital Campus 2800 Clay Edwards Dr North Kansas City, MO 64115 Remove and dispose of existing sign faces where necessary. Produce and install replacement painted sign faces with regular and reflective vinyl graphics where necessary. Field paint where applicable.  Sign #'s 014, 015, 021, 025, 027, 028, 038, 047, 062, 066, 088, 097a, 097b, 097c, 097d, 097e, 100, 112, 117, 131, 139, 141, 143, 145, 146, 154, and 166",,Survey needed,2026-04-13,2026-06-01,,,,,,,NEK,NEK,30576.6,No,,,,,,
J36437 / NKC Health,NEK - Production,In Process,,NEK,QT,NKCMO,"NKC-018 Various Vinyl NKC-018_NKCH Main Hospital Campus 2800 Clay Edwards Dr North Kansas City, MO 64115 Various Vinyl applications. Remove and dispose of existing vinyl signage where necessary. clean surfaces of all residue. Produce and install applied vinyl graphics.  Sign #'s : 004, 009, 017, 022, 035, 037, 050a, 051, 053, 064a, 067, 074, 085, 090, 095, 104, 116, 124, 136, 137, 152, and 176",,Survey needed,2026-04-13,2026-06-01,,,,,,,NEK,NEK,8555,No,,,,,,
J36444 / NKC Health,NEK - Production,In Process,,NEK,QT,NKCMO,"NKC-018 Routed faces with new cabinets NKC-018_NKCH Main Hospital Campus 2800 Clay Edwards Dr North Kansas City, MO 64115 Produce and install six (6) new internally-illuminated cabinets with routed faces backed flush with white acrylic Signs# 010, 013, 019, 121, 126, and 148 Sign Type CUST-W-IL",,Survey needed,2026-04-13,2026-06-01,,,,,,,NEK,NEK,49600,No,,,,,,
J36766 / NKC Health,NEK - Production,In Process,,NEK,QT,NKCMO,"NKC-018 Sign 65 NKC-018_NKCH Main Hospital Campus 2800 Clay Edwards Dr North Kansas City, MO 64115 Sign # 65 Sign Type CUST-M Remove and dispose of existing sign cabinet. Produce and install replacement internally LED illuminated sign cabinet.",,Survey needed,2026-04-13,2026-06-01,,,,,,,NEK,NEK,10569.96,No,,,,,,
J36443 / NKC Health,NEK - Production,In Process,,NEK,QT,NKCMO,"NKC-018 Various Non-Illuminated NKC-018_NKCH Main Hospital Campus 2800 Clay Edwards Dr North Kansas City, MO 64115 Various Non-Illuminated Sign #'s : 022a, 034, 036, 087, 128, and 173",,Survey needed,2026-04-13,2026-06-01,,,,,,,NEK,NEK,20878.12,No,,,,,,
J37227 / NKC Health,NEK - Production,In Process,,NEK,QT,NKCMO,"NKC-018 Digital Graphic Displays NKC-018_NKCH Main Hospital Campus 2800 Clay Edwards Dr North Kansas City, MO 64115 Produce and install digital print graphics for displays throughout the campus. Sign# 006, Wom-001, Wom-002, Wom-003, and ER-001",,Survey needed,2026-04-13,2026-06-01,,,,,,,NEK,NEK,6569.8,No,,,,,,
J36412 / NKC Health,NEK - Production,In Process,,NEK,QT,"Platte City, MO","NKC-019 Monument NKC-019_Meritas Health Platte City 2600 Running Horse Road Platte City, MO 64115 Sign # 006 Sign Type CUST-REF Remove and dispose of existing two (2) sign faces from double sided illuminated monument sign. Leaving stone base as is.  Field paint base below cabinet dark mulberry. Produce and install replacement routed sign faces.",,Survey needed,2026-04-14,2026-06-02,,,,,,,NEK,NEK,6566.07,No,,,,,,
J36411 / NKC Health,NEK - Production,In Process,,NEK,QT,"Platte City, MO","NKC-019 Exterior Signs NKC-019_Meritas Health Platte City 2600 Running Horse Road Platte City, MO 64115 Sign # 003 Sign Type CH.WR.36 and Sign # 005 Sign Type CH.WR.36 Remove and dispose of existing exterior illuminated building signs. Patch repair powerwash and repaint wall surfaces to like new condition where necessary. Produce and install two (2) sets of replacement raceway mounted internally LED illuminated channel letters.",,Survey needed,2026-04-14,2026-06-02,,,,,,,NEK,NEK,12935.38,No,,,,,,
J37288 / EQUITY BANK,NEK - Production,In Process,,NEK,DW,"Moberly, MO",Moberly ATM Vinyl Repair Repair vinyl on freestanding ATM.,sent SO to JF 4/21/26,Survey needed,2026-04-17,2026-06-05,,,,,,,NEK,NEK,,No,,,,,,
J37287 / EQUITY BANK,NEK - Production,In Process,,NEK,DW,"Memphis, MO",Memphis ATM vinyl repairs Repair vinyl on free standing ATM.,sent SO to JF 4/21/26,Survey needed,2026-04-17,2026-06-05,,,,,,,NEK,NEK,,No,,,,,,
J36203 / NKC Health,NEK - Production,In Process,,NEK,QT,KCMO,"NKC-011 #007 ST Remove NKC-011_Meritas Health BarryPointe - Cardiology/Surgery. 9151 NE 81st Terrace Kansas City, MO 64158 Sign # 007 Sign Type Remove        Remove and dispose of existing monument sign.    4/16/26 decision was made to remove instead of replacing.  Cost will need to be changed at final billing.",,Survey needed,2026-04-17,2026-06-05,,,,,,,NEK,NEK,,No,,,,,,
J37221 / NKC Health,NEK - Production,In Process,,NEK,QT,NKCMO,"NKC-018 Clearance vinyl NKC-018_NKCH Main Hospital Campus 2800 Clay Edwards Dr North Kansas City, MO 64115 Produce and install Clearance vinyl for various locations across campus.  Remove existing and clean wall before install of new. Sign type: CUST-V Sign #013a, 121a, 126a,",,Survey needed,2026-04-21,2026-06-09,,,,,,,NEK,NEK,3351.01,No,,,,,,
J36446 / NKC Health,NEK - Production,In Process,,NEK,QT,NKCMO,"NKC-018 Various Remove Replace NKC-018_NKCH Main Hospital Campus 2800 Clay Edwards Dr North Kansas City, MO 64115 Various Remove and Replace directional signs.  Sign #'s 024, 026, 099, 113",,Survey needed,2026-04-22,2026-06-10,,,,,,,NEK,NEK,46317.02,No,,,,,,
J36442 / NKC Health,NEK - Production,In Process,,NEK,QT,NKCMO,"NKC-018 Illuminated Emergency sign reface. Various Illuminated sign reface. Illuminated Emergency sign reface. Remove and dispose of existing illuminated faces where necessary. Field paint cabinet and retainers where needed. Produce and install various translucent sign faces.  Sign #'s 110, 114",,Survey needed,2026-04-22,2026-06-10,,,,,,,NEK,NEK,4158.11,No,,,,,,
J37326 / NKC Health,NEK - Production,In Process,,NEK,QT,KCMO,NKC-011 001a Cust-V NKCH-011 Sign # 001a CUST-V Produce and install custom applied vinyl graphics for tenant listing to front entrance glass.,,Survey needed,2026-04-23,2026-06-11,,,,,,,NEK,NEK,,No,,,,,,
J35352 / Gene's Heartland Foods,NEK - Production,In Process,,NEK,JL,Eudora,"Renovate Existing Pylon Faces Remove and replace Red vinyl on ""Heartland"" portion of sign.",,Survey needed,2026-04-30,2026-06-18,,,,,,,NEK,NEK,1172,No,,,,,,
J37552 / COREFIRST BANK & TRUST,NEK - Production,In Process,,NEK,VB,Topeka,"1) check in/out with manager at each location 2) using customer-provided art, provide one 2' x 8' and five 2' x 10' single-faced banners with grommets every foot all around 3) replace existing banners in one day: Main Bank 3035 SW Topeka Blvd Southwest Wanamaker 3711 SW Wanamaker Rd (8' banner) Wanamaker 2129 SW Wanamaker Rd Fleming Place 1105 SW Gage Blvd North Plaza 2010 NW Central Croco Crossing 3641 SW Croco Rd 4) take completion photos",,Survey needed,2026-05-01,2026-06-19,,,,,,,NEK,NEK,,No,,,,,,
J37408 / City of Baldwin City,NEK - Production,In Process,,NEK,AW,Lawrence,"Produce and install vinyl graphics to customer truck. 680-10 White Reflective, 680-85 Black Reflective, 680-72 Red Reflective, 680-75 Blue Reflective and digitally printed logos on White Reflective.",,Survey needed,2026-05-04,2026-06-22,,,,,,,NEK,NEK,935.36,No,,,,,,
J37452 / NKC Health,NEK - Production,In Process,,NEK,QT,North Kansas City,"N/C-create and provide 2 temporary panels for sign number 120-001 and 500-001 since it will be a bit before the new signs will be installed.  Can be black vinyl on white panel, see Justin for best way to attach.",,Survey needed,2026-05-05,2026-06-23,,,,,,,NEK,NEK,,No,,,,,,
J37661 / LUMINOUS NEON LLC,NEK - Production,In Process,,NEK,LNI,Topeka,"""622"" Topeka door vinyl (NC)",,Survey needed,2026-05-11,2026-06-29,,,,,,,NEK,NEK,,No,,,,,,
"J37668 / CUTLER REPAVING, INC",NEK - Production,In Process,,NEK,AW,Lawrence,Produce for customer pick up: (20) cut vinyl logos in 7725-12 Black. NOTE: PAPER BACKED VINYL.,,Survey needed,2026-05-12,2026-06-30,,,,,,,NEK,NEK,502,No,,,,,,
J37650 / SENIOR RESOURCE CENTER,NEK - Production,In Process,,NEK,AW,Lawrence,Produce and install (2) digitally printed graphic and 7725-12 Black vinyl logos to (2) doors on separate vans. (1) passenger door and (1) driver door.,,Survey needed,2026-05-14,2026-07-02,,,,,,,NEK,NEK,225,No,,,,,,
"J36307 / GODFATHER'S PIZZA, INC",NEK - Production,In Process,,NEK,VB,Topeka,"At Godfather's Pizza 5300 SW Fairlawn Road: 1) survey roof sign’s mounting structure 2) remove & scrap existing cabinet 3) provide & install a new 4’ x 24’ single-faced cabinet with internal white LED illumination, digitally printed flex-faces, including three colors for new Godfather’s Pizza logo, and cabinet painted black 4) take completion photos Drawing VB-J36307",,,2026-05-21,2026-07-09,,,,,,,NEK,NEK,16925,No,,,,,,
"J35814 / GODFATHER'S PIZZA, INC",NEK - Production,In Process,,NEK,VB,Topeka,At Godfather's Pizza 5300 SW Fairlawn Road: 1) survey to confirm cabinet & cut sizes 2) remove & scrap existing pole sign faces  3) install new LED Kwik Stiks and their power supplies 4) provide and install new pan-formed faces with PMS 200 red background and white Godfather's Pizza logo 5) take completion photos Drawing VB-J35814,,,2026-05-21,2026-07-09,,,,,,,NEK,NEK,6675,No,,,,,,
J37672 / AAA CLUB ALLIANCE CENTRAL PARKWAY,NEK - Production,In Process,,NEK,VB,Topeka,"Warranty At AAA Travel & Insurance Wanamaker Rd: 1) on west (nonilluminated) side, replace white acrylic with sultan blue vinyl trim cap face for one letter 2) take completion photos",,,2026-05-21,2026-07-09,,,,,,,NEK,NEK,,No,,,,,,
"J37790 / RIVER CITY PROPERTY MANAGEMENT, LLC",NEK - Production,In Process,,NEK,AW,Lawrence,River City Property Interior Vinyl,,Survey needed,2026-05-27,2026-07-15,,,,,,,NEK,NEK,242,No,,,,,,
J37269 / SAINT LUKE'S HEALTH SYSTEM,NEK - Production,Added,,NEK,QT,Overland Park,SLS Surgery 041426,,,2026-05-28,2026-07-16,,,,,,,NEK,NEK,251,No,,,,,,
J37967 / PROVIDENCE MEDICAL CENTER,NEK - Production,Added,,NEK,AW,Kansas City,Providence Medical Directory,,,2026-05-29,2026-07-17,,,,,,,NEK,NEK,261,No,,,,,,
J35064 / DOUGLAS COUNTY PUBLIC WORKS,NEK - Production,Added,,NEK,JL,Lawrence,Douglas County Treasurer - EMC Monument R1,,,2026-05-29,2026-07-17,,,,,,,NEK,NEK,70078,No,,Metal & Backed,/,/,,
J37296 / DCCCA,NEK - Production,Added,,NEK,JL,Lawrence,Freestanding Donor Display R1,,,2026-05-29,2026-07-17,,,,,,,NEK,NEK,8618.4,No,,,,,,
J37457 / KYLE ZELLER AGENCY - AMERICAN FAMILY INSURANCE,NEK - Production,Added,,NEK,SP,Mission,REWORK EXISTING MONUMENT SIGN,,,2026-05-29,2026-07-17,,,,,,,NEK,NEK,2974,No,,,,,,
J37488 / Kansas Department of Administration,NEK - Production,Added,,NEK,JL,Topeka,Docking Building - Directory Updates,,,2026-05-29,2026-07-17,,,,,,,NEK,NEK,1702,No,,,,,,
J33044 / University of Kansas Edwards Campus,NEK - Production,Added,,NEK,QT,Overland Park,Remove and leave with customer existing set of flat cut out letters. Produce and install replacement flat cut out pin mounted metal letters in a larger size.,,,2026-06-01,2026-07-20,,,,,,,NEK,NEK,5914,No,,,,,,
J37397 / Ong & Company,NEK - Production,Added,,NEK,QT,Lenexa,"T&M to remove sign from current location (9225 Indian Creek Pkwy, Overland Park, KS 66210) and transport to the new office and reinstall.  We will need to have a pattern reproduced.",,,2026-06-01,2026-07-20,,,,,,,NEK,NEK,,No,,,,,,
J38029 / LAWRENCE MEMORIAL HOSPITAL,NEK - Production,Added,,NEK,AW,Lawrence,LMH Interior Office Vinyl,,,2026-06-02,2026-07-21,,,,,,,NEK,NEK,152,No,,,,,,
J37802 / DIPASQUALE MOORE LAW,NEK - Production,Added,,NEK,SP,Topeka,N/C phone # vinyl copy,,,2026-06-02,2026-07-21,,,,,,,NEK,NEK,,No,,,,,,
J38009 / DCCCA,NEK - Production,Added,,NEK,JL,Lawrence,"Supply and deliver temporary donor display constructed as digital print applied to PVC or similar material approximately 3' x 4' in size.  Customer has requested to include images of the 3 panels for the final display as well as an overall image of the final display noting it is ""Coming Soon"".  Temporary display is intended to install on easel by customer.  Client needs this for an event on 6/4.",,,2026-06-02,2026-07-21,,,,,,,NEK,NEK,,No,,,,,,
J37925 / NKC Health,NEK - Production,Added,,NEK,QT,North Kansas City,"Provide, labor, equipment and necessary materials to produce and install one (1) set of non illuminated flat cut out Cancer Care letters.",,,2026-06-03,2026-07-22,,,,,,,NEK,NEK,1244.1,No,,,,,,
J33844 / Dondlinger & Sons Construction,Hold - Product Ready,Hold,,WK,DW,Wichita,"Goodwill West Central North Building Elevation Fabricate and install 1 set of face lit LED illuminated channel letters to read ""Goodwill"" with white trim caps, returns, to match Reflex Blue and white faces and digitally printed perforated vinyl to match Reflex Blue. All signage to be flush mounted to building.",,Survey needed,2026-02-25,2026-04-15,,,,SIGN HOUSE,19677,RECEIVED,WK,WK,7707.9,No,,,,,,
J36544 / T&T Landscaping,Hold - Product Ready,Hold,,WK,NH,Montezuma,"S/F monument OPT 1A OPTION 1A : Furnish and install (1) set of reverse-channel aluminum LED-halo-lit letters (#2025 black & custom Pantone 377 green enamel finish, with 7725-120 silver & 7725-136 lime green vinyl detail, white LED halo, on 1"" stand-offs), and a non-illuminated flat-cut-out aluminum address (6""h copy, 3/8"" thick, #2025 black enamel finish, stud-mount flush). Mount on the single-sided stone/masonry base that is being constructed by the customer. **TOP CAP NEEDS TO BE REMOVALBLE, TO ACCESS THE INTERNAL CAVITY, WHRE WE WILL LOCATE THE REMOTE POWER SUPPLIES & WIRING. *THE CUSOTMER IS RESPONSIBLE FOR RUNNING POWER TO THE SIGN LOCATION.",,Survey needed,2026-03-23,2026-05-11,,,,"SIGN HOUSE,GEMINI",19831 / 19833,RECEIVED,WK,WK,10150.71,No,,,,,,
J36375 / Community National Bank and Trust,Hold - Product Ready,Hold,,WK,CC,Wichita,"Furnish and install channel letters and logo on north and south elevations for new CNB Branch Furnish and install two sets of internally illuminated channel letters and logos. One set to install on the north elevation, and one for the south elevation on tower feature. Letters to be fabricated with aluminum returns, black trim cap and white faces decorated with perforated day / night graphics. Letters will be black during the day, and illuminate white at night. The logos will be reverse channel aluminum elements with black faces and returns. The CNB letters will be routed from the face and backed with white acrylic. Logos will mount on wall surface with spacers to allow for halo lighting around the logo at night. Drivers for the internal LED lighting will mount remotely behind each wall. 120V service to each area, and final hook up of power to drivers will be responsibility of the site electrician. Reference design CC-J36375. Permit, as required by the city will be secured by Lumineo Signs and invoiced at cost on final billing statement. We need to get full size patterns, for both sets of letters, with electrical penetrations marked, and delivered to GC as soon as possible",End of June install?,Survey needed,2026-03-24,2026-05-12,,,,SIGN HOUSE,19861,RECEIVED,WK,WK,18233.3,No,,,,,,
J31581 / Snodgrass & Sons Construction,Hold - Product Ready,Hold,,WK,TC,Wichita,"Central Christian Academy - Interior Logo Lumineo Signs to furnish and install the following interior signage at Central Christian Academy, per design TN-J31581.  One (1) 5'-2"" (H) x 5'-1"" (W) x 1/4"" (D) S/F, N/I Metal Logo.",,Survey needed,2026-04-20,2026-06-08,,,,GEMINI,20042,RECEIVED,WK,WK,6345.34,No,,,,,,
J35361 / CITY OF GODDARD,Hold - Product Ready,Hold,,WK,TC,Goddard,"Public Works FCOs - City of Goddard Furnish and install one (1) set of 1/2"" (D) aluminum flat cut out letters (FCOs), in a brushed aluminum finish, reading ""Public Works"", installed flush mount. Cap height on ""P"" and ""W"" is 10"" (H). Reference TC-J35361.",Oct. install,Survey needed,2026-04-21,2026-06-09,,,,GEMINI,20077,RECEIVED,WK,WK,2101.46,No,,,,,,
J25590 / / Luminous Neon LLC (west 4th Hutchinson),Hold - Local,Hold,,WK,LNI,Hutchinson,"Road sign structure on W 4th came down during recent storm.  There is not a current contract for this board, but in the meantime we need an order to fix the board so we can rent it in the future. (Current wrap on the board is for Riverside Baptist) Located on W. 4th just West of the K96 overpass on the right side of the road before Fun Valley. *See Photos.","on hold with land owner/size location/steel order produced, going back with steel poles",Survey Complete,2024-07-03,2024-08-21,,,,,,,WK,WK,,No,,,,,,
J31717 / KS STATEBANK,Hold - Local,Hold,,WK,DW,Manhattan,Manhattan Westloop Directional NC Survey Survey 4 non-illuminated directionals for potential replacements or overlays.  Need straight on photos of both sides and all measurements.,scan to Dan,Survey needed,2025-05-30,2025-07-18,,,,,,,WK,WK,,No,,,,,,
"J35607 / RESER'S FINE FOODS, INC.",Hold - Local,Hold,,NEK,VB,Topeka,"Reser's Distribution Center expansion exterior dock door signs SURVEY  For Reser’s plant expansion, for exterior dock doors: 1) contact with general contractor Leon Methvin 2) verify the current dock sign's dimensions and numeral height for the west side of the original building prior to fabrication of new signs on plant expansion  3) take close-up photo",,Survey needed,2026-01-30,2026-03-20,,,,,,,NEK,NEK,2750,No,,,,,,
J36747 / CENTRAL NATIONAL BANK,Hold - Local,Hold,,WK,VB,Great Bend,"At Central National Bank’s new location in Great Bend: 1) verify dimensions for new monument sign faces 2) after the previous business’ faces have been removed, repaint the cabinet frame and top PMS 288 blue 3) provide and install new white LED Kwik Stiks for internal illumination and power supplies 4) provide and install two new 5’ x 10’ routed sign faces for the Central National Bank logo, painted PMS 288 blue, with push-thru acrylic, overlaid with white vinyl 5) take completion photos Drawing VB-J36747",,Survey needed,2026-04-27,2026-06-15,,,,,,,WK,WK,16885,No,Hutch,Metal w/ Push thru,/,/,/,
J30978 / City of McPherson,Hold - Permit,Hold,,WK,DP,McPherson,"Northbound & Southbound Gateway EMC Project - 10mm Option - 8' x 17' Viewable Area Furnish and install (2) SF 8’4”h x 18’w 10mm, 240 x 306 pixel (8' x 17' viewing area), RGB full-color ""WatchFire"" electronic message center cabinet. Mount on the top of the existing concrete block sign at each elevation, Southbound and Northbound Gateway signage on I-135 in McPherson.",,Survey needed,2025-08-15,2025-10-03,,,,,,,WK,WK,182722.14,No,,,,,,
J35524 / MERITRUST CREDIT UNION,Hold - Permit,Hold,,WK,CC,"Estes Park, CO","Furnish and install new building wall sign for Estes Park Meritrust Remove and dispose of the existing Premier CU cabinet from wall fascia. Fabricate and install one set of internally illuminated channel letters with trim capped faces. Faces decorated with translucent vinyl. Drivers for the LEDs to be mounted remotely behind the wall. Reference design CC-J35524. Permit, as required by the City of Estes Park to be secured and invoiced as a separate line item on final billing. Have product shipped to: DaVinci Sign Systems 4496 Bents Drive - Unit A Windsor, CO  80550",,Survey needed,2026-02-03,2026-03-24,,,,,,,WK,WK,11835.71,No,,,,,,
J35307 / MERITRUST CREDIT UNION,Hold - Permit,Hold,,WK,CC,"Firestone, CO","Two sets of internally illuminated channel letters for Firestone CO building Remove and dispose of the two wall signs from the buildings north and south elevations and dispose of off site. Furnish and install two new sets of internally illuminated channel letter sets, mounted flush to each wall. Access behind each wall will be required for wiring and placing new LED drivers. Letters to have red returns, and trim cap, with white faces decorated with translucent vinyl to match PMS 1797C red. Permit, as required by the city will be invoiced as a separate line item on final billing statement. Reference design CC-J35307. Ship to DaVinci Sign Systems: 4496 Bents Dr - Unit A Windsor, CO  80550",,Survey needed,2026-02-13,2026-04-03,,,,,,,WK,WK,22688.53,No,,,,,,
J35306 / MERITRUST CREDIT UNION,Hold - Permit,Hold,,WK,CC,"Firestone, CO","New internally illuminated double faced cabinets for Firestone CO Remove and dispose of the two existing double-faced monument sign cabinets. Fabricate and install two new 6' (H)  x 14' (W) x 2' (D), internally illuminated sign cabinets to install on existing brick bases. Cabinets to be aluminum construction, sanded, primed, and painted to match PMS 1797C Red. Faces will be digitally printed, heavy weight vinyl ""flex"" faces, printed with translucent inks so red background will illuminate at night along with copy. Permit to be secured and invoiced as a separate line item on final billing. Reference design CC-J35306. Ship to DaVinci Sign Systems: 4496 Bents Dr - Unit A Windsor, CO  80550",,Survey needed,2026-02-13,2026-04-03,,,,,,,WK,WK,40376.62,No,,,,,,
J33727 / Crossland Construction,Hold - Permit,Hold,,WK,CC,Park City,New 70' OAH Crosswinds Casino HiWay Sign Furnish and install new 70' tall pylon with 16mm Watchfire display per the new drawings provided by Crossland Const,,Survey needed,2026-03-12,2026-04-30,,,,,,,WK,WK,789588.14,No,,,,,,
J37402 / EDUCATION CENTER-Olathe Schools,Hold - Permit,Hold,,NEK,SP,Olathe,PERMIT FOR OLATHE SCHOOLS - PRAIRIE CTR ELEMENTARY SIGN,,Survey needed,2026-05-06,2026-06-24,,,,,,,NEK,NEK,,No,,,,,,
J37698 / EDUCATION CENTER-Olathe Schools,Hold - Permit,Hold,,NEK,SP,Olathe,new monument sign permit fee,,Survey needed,2026-05-12,2026-06-30,,,,,,,NEK,NEK,,No,,,,,,
J38043 / Dualite (DOLLAR GENERAL),Hold - Permit,Added,,WK,NH,Liberal,staff time/permit,,,2026-06-02,2026-07-21,,,,,,,WK,WK,,No,,,,,,
J26318 / / THRIVE RESTAURANT GROUP - Carlos O'Kelly's,Hold - Customer,Hold,,WK,DW,Hutchinson,"Furnish and install 1 set of non-illuminated 2"" deep open face aluminum channel letters reading ""Tequila Love"". Outside and inside returns of all letters and heart to be painted to match SW6760. The inside flat face of letters on ""Tequila Love"" to be painted to match SW6664 and the flat face of the heart is to paint to match SW0080. Signage to be flush mounted to interior SHEETROCK wall.  909 E. 30TH AVE HUTCHINSON, KS 67502",Still a ways out on the wall - Customer may want to have us install on a different wall and then move this once thew wall is ready,Survey needed,2024-09-17,2024-11-05,,,,SIGN HOUSE,16357,RECEIVED,WK,WK,6347.7,No,,,,,,
J28103 / / COHLMIA MARKETING - Kanssa Spine & Specialty Hospital,Hold - Customer,Hold,,WK,DW,Wichita,Survey Sign to make sure push thru graphics can be removed without breaking to repaint sign face. Check sign to determine lighting properly. If not LED illuminated get survey information to convert to LED.,"survey to sign per order, scan notes and pics to Dan (order is in Mike's office)",Survey needed,2024-11-08,2024-12-27,,,,,,,WK,WK,,No,,,,,,
J33422 / MIDWAY MOTORS SUPERCENTER,Hold - Customer,Hold,,WK,DP,Hutchinson,"8' x 20' vinyl wrap Furnish and install (1) 8' x 20' vinyl wrap (9' x 21' with bleed) as part of a new 36 month contract. (C) #37187 South facing/lower board on Yoder Rd., 2.5 miles South of HWY 50.",10/8 - waiting on artwork,Survey needed,2025-09-16,2025-11-04,,,,INDEPENDENT'S,,,WK,WK,,No,,,,,,
J32650 / SPEARVILLE USD #381,Hold - Customer,Hold,,WK,NH,Spearville,"contour-cut digital prints/reg-cut black vinyl VINYL GRAPHICS AT AUX GYM: Furnish and install (2) sets of contour-cut digitally-printed vinyl logos, with regular-cut 7725-12 black vinyl copy, and (2) regular-cut 7725-12 black vinyl readings of ""AUXILIARY GYM"". Apply to the exterior metal panels, and the interior sheetrock wall, as shown.",Nathan to install,Survey needed,2025-09-29,2025-11-17,,,,GREGORY,18719,RECEIVED,WK,WK,1413.44,No,"Hutch,Outsourced",,,,,X
J34378 / BRETZ INJURY LAW,Hold - Customer,Hold,,WK,DP,Hutchinson,"8' x 20' wrap_Yoder_NF, Upper Board Furnish and install (1) 8' x 20' vinyl wrap for Yoder Rd. road sign lease (9' x 21' with bleed) as part of 36 mo contract. Agreement to go into effect on 10/25. Structure #1 - North facing/Upper board.  Lease SC000056 Current wrap on board is a Bretz graphic - photo attached.",,Survey needed,2025-10-29,2025-12-17,,,,,,,WK,WK,,No,,,,,,
J34377 / BRETZ INJURY LAW,Hold - Customer,Hold,,WK,DP,Hutchinson,"8' x 20' wrap_Yoder_NF, Lower board Furnish and install (1) 8' x 20' vinyl wrap for Yoder Rd. road sign lease (9' x 21' with bleed) as part of 36 mo contract. Agreement to go into effect on 10/25. Structure #1 - North facing/Lower board.  Lease SC000055 Current wrap on board is a Bretz graphic - photo attached.",,Survey needed,2025-10-29,2025-12-17,,,,,,,WK,WK,,No,,,,,,
J35420 / HUTCHINSON COMMUNITY COLLEGE,Hold - Customer,Hold,RED DATE,WK,AS,Wichita,"T/M: Remove (2) N/I signs, reinstall at Newton campus TM: Remove existing non-illuminated signs from Wichita location (4939 S Lulu Ct. Suite 16).  Front elevation (South) sign is 4' x 12' and the back elevation (North) is a 3' x 6' sign. Customer would like us to remove these and then install them at their Newton Campus the same day.  (Location TBD before removal of current signs). Removal RED DATE is 1/22/26",,Survey needed,2026-01-07,2026-02-25,,,,,,,WK,WK,,No,,,,,,
J35583 / HOMEWOOD SUITES - SALINA,Hold - Customer,Hold,,WK,DP,McPherson,10' x 30' Homewood wrap Furnish and install (1) 10' x 30' vinyl wrap.  This is part of a renewal contract for 36.00 month.  Contract #31956 This board is south facing and is on the right side of the road. Agreement to go into effect on 1/2026,waiting on artwork,Survey needed,2026-01-14,2026-03-04,,,,,,,WK,WK,,No,,,,,,
J34288 / USD #308 HUTCHINSON,Hold - Customer,Hold,,WK,DP,Hutchinson,"Lil' Hawks Monument Sign - Option 2 Augur hole and set pole. Pour mow pad. Furnish and install (1) 4'h x 5' double-sided monument sign with digitally printed applied vinyl logo and ""CHILDCARE CENTER"" copy and ""2701"" copy on pole cover. Sign two have 2"" reveals and top crown molding. Sign permit cost to be added onto final invoice. Customer responsible for providing needed required electrical service.",,Survey needed,2026-01-16,2026-04-03,,,,GREGORY,19424,RECEIVED,WK,WK,10713.59,No,"Hutch,Outsourced",,X,X,X,X
J36328 / EMPRISE BANK,Hold - Customer,Hold,,WK,CC,Andover,"Remove pylon and re-install after road work has completed at Andover Branch Provide labor, materials, and equipment to remove the existing pylon sign. Leave pole in place. Transport sign back to Lumineo Signs Hutchinson office for temporary storage while road expansion work is being done. Upon completion of the road work, set new pole in new concrete footing, and re-install pylon sign in new location on property. Proposal also includes removing and disposing of the ATM canopy in front of bank.",,Survey needed,2026-03-04,2026-04-22,,,,,,,WK,WK,13491.13,No,,,,,,
J36794 / Southwest KS Storm Football,Hold - Customer,Hold,,WK,NH,Dodge City,"exterior banners Per sponsorship trade, furnish and install (2) 19' 8""h x 14'w exterior banner with perimeter grommets, installed on the existing frame/spring system at the main entrance (south end of the arena). Carefully roll up the existing 'cowboy' banners & store at the LN shop.  *Leave the order open; Includes re-installing UWA's original banner following the football season -end of June).... *See attached diagram for grommet placement.",,Survey needed,2026-03-20,2026-05-08,,,,INDEPENDENT'S,19822,SHIPPING,WK,WK,,No,,,,,,
J37082 / HUTCHINSON COMMUNITY COLLEGE,Hold - Customer,Hold,,WK,AS,Hutchinson,"N/C samples N/C : 2 sample ADA signs on clear, 3X2-101 (Matte/Clear) and 3XX-101 (Clear) Use 3X1-506 Sapphire for the Blue",,Survey needed,2026-04-02,2026-05-21,,,,bg automation,19955,RECEIVED,WK,WK,,No,,,,,,
J37110 / KANSAS WESLEYAN UNIVERSITY,Hold - Customer,Hold,,WK,DP,Moundridge,"12 x 30 Road sign (C) #404  Furnish and install (1) 12 x 30 road sign wrap as part of new three year contract. Contract to begin on 4/1/26 Board is Bottom board, North facing, Righthand read, south structure. *Board is currently advertising Kansas Wesleyan.",waiting on artfile,Survey needed,2026-04-02,2026-05-21,,,,,,,WK,WK,,No,,,,,,
J36233 / First Security Bank,Hold - Customer,Hold,,WK,DW,Conway Springs,Conway Springs ATM Pylon Cabinet SURVEY NEEDED! Remove and discard existing TOP CABINET ONLY. Fabricate and install new LED illuminated plex face cabinet with digitally printed vinyl graphics.,,Survey needed,2026-04-06,2026-05-25,,,,,,,WK,WK,9610.18,No,Outsourced,,/,/,/,
J36976 / Benjamin F. Edwards Investments,Hold - Customer,Hold,,WK,DP,Abilene,Recover Existing Awnings (3) Remove existing non-illuminated (3) awnings from side elevation of business and bring back to shop. Recover awnings (no graphics & no hanging valance). Awning color: Ferrari Precontraint 502-2161 blue,Need to let Adam know when planning on removing to deliver to Endura,Survey needed,2026-04-14,2026-06-02,,,,,,,WK,WK,4104.34,No,,,,,,
J37576 / Kansas State University at Salina,Hold - Customer,Hold,,WK,DP,Salina,"Furnish and install (1) set of internally illuminated channel letters with trim cap faces that will install on a wire way painted color to match wall - Power supplies to be inside wire way. Wall and raceway to be painted TBD (Color match has been provided to fab). Returns and trim cap to be Purple (PMS 268), faces to be white acrylic. Copy to be Myriad Pro.","Waiting on artwork, sketch request",Survey needed,2026-05-11,2026-06-29,,,,SIGN HOUSE,,,WK,WK,19131,No,,,,,,
J37211 / Five Below,Hold - Customer,Added,,WK,AS,Hutchinson,Trip 4 - Final Removal *4 weeks after opening-Remove temporary banner from front elevation Take at least 5 completion photos including distance and close up. Due Date 10/16/2026,,,2026-06-01,2026-07-20,,,,,,,WK,WK,236.8,No,,,,,,
J37209 / Five Below,Hold - Customer,Added,,WK,AS,Hutchinson,"Trip 2 – Main Sign Install Install 48” channel letters on front elevation, center sign per placement on sheet 2. Connect the sign to primary  power, take illumination photos and distance photos.  -Install temporary banner to storefront windows per sheet 8 of the provided drawings.  -Install under canopy sign centered above the entrance doors with a minimum 8’-6” clearance from grade -Install Five Below tenant panel vinyl on both sides of the pylon per placement on sheet 5 of the drawing  -Install Five Below tenant panel on both sides of the pylon per placement on sheet 6 of the drawing  -Install Five Below tenant panel on both sides of the pylon per placement on sheet 7 of the drawing  Take at least 15 completion photos, including secondary wiring, illumination, & distance.  Please No install trucks in completion photos.",,,2026-06-01,2026-07-20,,,,,,,WK,WK,3491.25,No,,,,,,
J37210 / Five Below,Hold - Customer,Added,,WK,AS,Hutchinson,Trip 3 - Now Open (scheduled the afternoon before the Grand Opening) - Firm Date-Flip temporary banner to Now Open side Take at least 5 completion photos including distance and close up. Due Date 9/17/2026,,,2026-06-01,2026-07-20,,,,,,,WK,WK,236.8,No,,,,,,
J38031 / EQUITY BANK,New Order this week,Upcoming,,WK,DW,"Kirksville, MO",Kirksville Main Debrand,,,2026-06-04,2026-07-23,,,,,,,WK,WK,2680.25,No,,,,,,
J37521 / EQUITY BANK,New Order this week,Upcoming,,WK,DW,Liberal,Liberal Sign relocate to Neodesha,,,2026-06-04,2026-07-23,,,,,,,WK,WK,2337.5,No,,,,,,
J38081 / Modern Market,New Order this week,Upcoming,,WK,DW,"Boston, MA",Modern Market No charge letter repair,,,2026-06-04,2026-07-23,,,,,,,WK,WK,,No,,,,,,
J37405 / Sunflower Stores LLC c/o Wesley Goforth,New Order this week,Upcoming,,WK,DP,Concordia,"Furnish and install (1) 12' x 24' vinyl wrap (13' x 25' with bleed) as part of a new 3-year contract. Board is located on US 81, South Facing, Lefthand, Top Board",,,2026-06-04,2026-07-23,,,,INDEPENDENT'S,20361,ORDERED,WK,WK,,No,,,,,,
J37825 / LEGACY RESTAURANT GROUP,New Order this week,Upcoming,,NEK,VB,Lawrence,Wendy's #120 W 23rd Lawrence install raceway-mounted channel letters,,,2026-06-04,2026-07-23,,,,,,,NEK,NEK,,No,,,,,,
J37624 / FEDERAL HEATH SIGN COMPANY,New Order this week,Upcoming,,NEK,VB,Topeka,Kwik Shop #796 add Krispy Krunchy Chicken,,,2026-06-04,2026-07-23,,,,,,,NEK,NEK,3100,No,,,,,,
J34185 / MERITRUST CREDIT UNION,New Order this week,Upcoming,,WK,CC,Louisville,"Remove current directional sign and post and dispose of offsite. Furnish and install one, non-illuminated, single faced aluminum post and panel sign with vinyl copy applied. Reference design CC-J34185. Subject to city approval. Permit fee to be invoiced as a separate line item on final invoice statement.",,,2026-06-05,2026-07-24,,,,,,,WK,WK,3387.03,No,,,,,,
J34183 / MERITRUST CREDIT UNION,New Order this week,Upcoming,,WK,CC,Louisville,"Remove and dispose of the three existing exterior wall signs and seal exposed mounting and electrical pass through holes. Replace with new Meritrust letters on the north, south, and west elevations. Letters to be internally illuminated, channel letters with trim capped faces. Drivers to install remotely behind the wall. Subject to city approval. Permit to be secured and invoiced as a separate line item on final statement. Reference design CC-J34183.",,,2026-06-05,2026-07-24,,,,,,,WK,WK,33257.46,No,,,,,,
J35552 / JACAM CATALYST,New Order this week,Upcoming,,WK,DD,Sterling,"3 ACM panels with digitally printed vinyl graphics installed on interior walls per customer, install with black truss head screws 4' 11 ½ "" x 10'0'' Laboratory - West wall above the water station 4ft x 14ft Inside the lab office between the bathrooms 4’X14’  Inside of Building 8",,,2026-06-05,2026-07-24,,,,,,,WK,WK,4594.67,No,,,,,,
J38080 / B33 WEST RIDGE PLAZA LLC,New Order this week,Upcoming,,NEK,VB,Topeka,"At West Ridge Plaza: 1) at 21st Street exit next to Target’s building, provide one breakaway post with standard stop sign 2) install on exit median for left-turning traffic near the missing sign's cut bolts 3) at the Wanamaker Road entrance, the panel that directs traffic to the right is upside down, straighten and reinstall it 4) take completion photos",,,2026-06-05,2026-07-24,,,,,,,NEK,NEK,,No,,,,,,
"J35477 / KBS CONSTRUCTORS, INC.",New Order this week,Upcoming,,NEK,VB,Topeka,"At White Lakes Business Park: 1) dig, set and pour a new double-pole foundation at an undetermined new flat site on the property, including a concrete mow pad 2) provide & install a new 14’ x 12’ double-faced pylon sign for White Lakes Business Park to an overall height of 26’, including a routed aluminum logo section backed with white acrylic for its name, lighting as white letters only at night, a multitenant logo section with fully lit flat white acrylic faces, separated by metal dividers which allows for easier future tenant changes, the top tenant panels for a single tenant, six additional smaller flat white acrylic tenant panels for future tenants,  internal white LED illumination, cabinet and pole covers painted to match Sherwin-Williams 7039 Virtual Taupe 3) take completion photos Drawing VB-35477 NEW (without graphics) NOTES:  New primary electrical by others.  Above includes $310 engineering fee, but it normally takes 30 days to receive it and the foundation cost may need to be adjusted.   EXCLUSIONS:  Excludes demolition & removal of existing sign and its foundation.  Excludes bollards which may be needed to keep traffic from hitting it, and could also be installed by Lumineo Signs.   Excludes cost of tenants’ vinyl graphics.",,,2026-06-05,2026-07-24,,,,,,,NEK,NEK,83446,No,,,,,,
J37747 / COREFIRST BANK & TRUST,New Order this week,Upcoming,,NEK,VB,Topeka,CoreFirst Bank North Plaza new graphics for office suites,,,2026-06-05,2026-07-24,,,,,,,NEK,NEK,1575,No,,,,,,
J37746 / CAPITOL FEDERAL,New Order this week,Upcoming,,NEK,VB,Lawrence,Capitol Federal 740 New Hampshire replace missing freestanding parking sign,,,2026-06-05,2026-07-24,,,,,,,NEK,NEK,1155,No,,,,,,
J38030 / EQUITY BANK,New Order this week,Upcoming,,NEK,DW,"Kirksville, MO","Debrand location. Bring back to Equity Corporate for storage pylon, routed building sign, and interior pan sign. Leave pylon pole structure in place.  Apply black out vinyl to all logos on freestanding ATM. Remove all vinyl logos from door glass and drive thru window.",,,2026-06-05,2026-07-24,,,,,,,NEK,NEK,7302.3,No,,,,,,
J30841 / BRETZ INJURY LAW,New Order this week,Upcoming,,WK,DP,Hutchinson,"Furnish and install (1) 11' x 24' vinyl wrap on board structure at 2nd & Poplar (south face) for road sign lease contract renewal.  Dispose of previous wrap.  Theme is ""Bretz Injury Law - A 34-Yeaar Tradition of Excellence!"".",,,2026-06-05,2026-07-24,,,,,,,WK,WK,,No,,,,,,
J37952 / HUTCHINSON COMMUNITY COLLEGE,New Order this week,Upcoming,,WK,AS,Hutchinson,Furnish and install (1) new wrap measuring 13' x 31' Overall (VO 12’ x 30’) for new contract on MP7N,,,2026-06-05,2026-07-24,,,,,,,WK,WK,,No,,,,,,
J28214 / / DAIRY QUEEN #11314,Service or Contract Order,Service,,NEK,VB,Topeka,"At Dairy Queen North Topeka: 1) check in/out with Matt Pettit or manager on duty 2) the NW corner red LEDs are out, he says they sometimes have to reset the GFI 3) take completion photos",,Survey needed,2024-11-15,2025-01-03,,,,,,,NEK,NEK,,No,,,,,,
J28500 / / GOLDEN PLAINS CREDIT UNION,Service or Contract Order,Service,,WK,NH,Garden City,Customer reports that the north half of their reverse-channel letter set is out. (east fascia). Check and repair as needed.,,Survey needed,2024-12-06,2025-01-24,,,,,,,WK,WK,,No,,,,,,
J29320 / BARREL HOUSE LIQUOR,Service or Contract Order,Service,,NEK,VB,Topeka,"At Barrel House Liquor, two neon-lit channel letters are out.  There are concerns it's not wired correctly, so the sign should be turned off. 1) check in/out with Brian Walker 2) determine whether it can be repaired easily or if the entire set of letters needs wiring redone Call Scott Walker to discuss 845-7268 3) take photos",,Survey needed,2025-01-31,2025-03-21,,,,,,,NEK,NEK,,No,,,,,,
"J29913 / HAAG OIL COMPANY, LLC",Service or Contract Order,Service,,NEK,VB,Auburn,"At Max's BP Auburn: 1) check in/out with manager on duty 2) the pole sign's diesel price changer is not working 3) take completion photos If questions, call JP 383-6716",,Survey needed,2025-03-05,2025-04-23,,,,,,,NEK,NEK,,No,,,,,,
"J30240 / HAAG OIL COMPANY, LLC",Service or Contract Order,Service,,NEK,VB,Topeka,"At BP 29th & Wanamaker: 1) check in/out with manager on duty 2) price changer on 29th Street sign not working, the sign has been turned off 3) take completion photos",,Survey needed,2025-03-24,2025-05-12,,,,,,,NEK,NEK,,No,,,,,,
J32086 / LEGACY RESTAURANT GROUP - Wendy's #214,Service or Contract Order,Service,,NEK,VB,KCMO,Wendy's #214 pattern & replace pole sign cameo faces,,Survey needed,2025-06-27,2025-08-15,,,,,,,NEK,NEK,,No,,,,,,
J32302 / SCOTCH DRY CLEANERS,Service or Contract Order,Service,,NEK,VB,Topeka,"Scotch 29th & California repair pole sign At Scotch's California Ave location: 1) check in/out with manager on duty 2) the pole sign's marquee is partly out, repair it and remainder of the pole sign 3) take completion photos and of any other work needed",,Survey needed,2025-07-10,2025-08-28,,,,,,,NEK,NEK,,No,,,,,,
J32476 / MCDONALD'S,Service or Contract Order,Service,,WK,NH,Dodge City,"lot light service Manager reports a lot light flickering along the south side of the property, directly outside the drive-up pay window. Check and repair as needed.",,Survey needed,2025-07-21,2025-09-08,,,,,,,WK,WK,,No,,,,,,
"J32703 / SPANGLES, INC",Service or Contract Order,Service,,NEK,VB,Topeka,"Spangles #24 repair east blue border neon At Spangles #24, 29th & Topeka Blvd:   1) check in/out with manager on duty   2) east border neon is reported out   3) while there, check all other signs & lighting, excluding parking lot lights, if goosenecks are needed, use customer's stock   4) take completion photos",,Survey needed,2025-08-04,2025-09-22,,,,,,,NEK,NEK,,No,,,,,,
J33513 / DOBSKI & ASSOCIATES - McDonald's #7244,Service or Contract Order,Service,,NEK,VB,Topeka,McDonald's #7244 29th & California SE pole sign face coming apart At McDonald's #7244 29th & California: 1) check in with manager on duty 2) the pole sign's SE faces red section is coming apart 3) put the panels back in place 4) verify other faces are in place 5) take completion photos,,Survey needed,2025-09-22,2025-11-10,,,,,,,NEK,NEK,,No,,,,,,
J33986 / THE BIG BISCUIT,Service or Contract Order,Service,,NEK,VB,KCMO,"Big Biscuit Barry Road service  At The Big Biscuit on Barry Road: 1) check in/out with manager on duty 2) the biscuit baker logo on the front is out 3) while there, check both signs 4) also survey front wall entrance's sign band to possibly install a new nonilluminated awning, measurements of all five sides, including the interior measurements of the darker background below the channel letters, if we need to move the sign/raceways up, verify whether we can move them and still have access to power 5) take completion photos",,Survey needed,2025-10-10,2025-11-28,,,,,,,NEK,NEK,,No,,,,,,
J34022 / LUMINOUS NEON LLC,Service or Contract Order,Service,,NEK,VB,Topeka,repair sod damage from McDonald's #7244 pole sign repairs Contract with Dobski & Associates' landscaping company to repair two ruts from truck getting stuck while leaving after repairs to McDonald's #7244 pole sign.,,Survey needed,2025-10-15,2025-12-03,,,,,,,NEK,NEK,,No,,,,,,
"J34073 / SPANGLES, INC",Service or Contract Order,Service,,NEK,VB,Topeka,"Spangles #23 border neon out on south side At Spangles #23 Hwy 24: 1) check in/out with manager on duty 2) two pieces of blue border neon are reported out 3) while there, check other signs & lighting, except for parking lot lights, if gooseneck lamps are needed, use customer's stock 4) take completion photos",,Survey needed,2025-10-16,2025-12-04,,,,,,,NEK,NEK,,No,,,,,,
J34107 / Gibson Mall (Chaffin Family Trust),Service or Contract Order,Service,,WK,NH,Dodge City,"gooseneck light svc, lot lights On the building, the gooseneck lights aren't coming on. Check with maintenance man, Tim Heitkamp, 701-238-3190, for the timeclock/breakers. Reset timer (for DST)/replace bulbs as needed. . . Also check the parking lot lights, and make repairs as needed. . . Also, remove and dispose of the plywood banding (with tenant vinyl copy) across the front of the Mall, filling holes with caulk. If there is significant damage/discoloration underneath, get photos so NH can advise the customer that a painter needs to get involved. (GIBSON MALL letters remain as is).",,Survey needed,2025-10-16,2025-12-04,,,,,,,WK,WK,,No,,,,,,
J34475 / KS STATEBANK,Service or Contract Order,Service,,NEK,VB,Manhattan,"KS StateBank Hwy 24 Manhattan update time & temp At KS StateBank 8003 US Hwy 24 in Manhattan: 1) check in/out with manager on duty 2) update time & temp to correct time 3) LEDs are reported out in time & temp, repair if possible 4) if time & temp can't be repaired, get manufacturer's information and measurements for possible replacement 5) take completion photos",,Survey needed,2025-11-03,2025-12-22,,,,,,,NEK,NEK,,No,,,,,,
J34500 / MILLIGAN ENTERPRISES,Service or Contract Order,Service,,WK,NH,Garden City,"multiple outages (GC east) Channel letters sets are completely out on the east & west elevations, along with an arch logo on the west elevation. The channel letters on the west PlayPlace elevation are half out. Both directionals are out. Also check the yellow awnings, which have horizontal bands that wash light onto the awnings, and the lighting on the rooftop french fries. Repair as needed.",,Survey needed,2025-11-03,2025-12-22,,,,,,,WK,WK,,No,,,,,,
J34499 / MILLIGAN ENTERPRISES,Service or Contract Order,Service,,WK,NH,Garden City,"multiple outages (GC west) The north pylon has outages in the arch & red base cabinet. The channel letters on the south elevation have dim spots. The ENTER directional isn't lit. Also check the yellow awnings, which have horizontal bands that wash light onto the awnings, and the lighting on the rooftop french fries. Repair as needed.",,Survey needed,2025-11-03,2025-12-22,,,,,,,WK,WK,,No,,,,,,
"J34589 / Cherry Hills Properties, LLC",Service or Contract Order,Service,,NEK,LNI,Lawrence,Service to The Malls pylon 23rd The Malls on 23rd st. Lawrence KS has outages on both sides east and west on the pylon sign on 23rd st.,,Survey needed,2025-11-07,2025-12-26,,,,,,,NEK,NEK,,No,,,,,,
J34591 / Chiropractic Health Center,Service or Contract Order,Service,,NEK,LNI,Lawrence,Service to front monument sign Front monument sign not lighting correctly.,,Survey needed,2025-11-07,2025-12-26,,,,,,,NEK,NEK,,No,,,,,,
J34605 / HARRIS AUTO REPAIR,Service or Contract Order,Service,,NEK,LNI,Lawrence,Service Harris auto pylon  Service to pylon sign not lighting correctly.,,Survey needed,2025-11-10,2025-12-29,,,,,,,NEK,NEK,,No,,,,,,
J34784 / CENTRAL NATIONAL BANK,Service or Contract Order,Service,,NEK,VB,Manhattan,"Central National Bank Manhattan repair time & temp At Central National Bank, College Ave, Manhattan: 1) check in/out with Doug Haverkamp or another manager 2) the time & temp is out again, see if it can be reset 3) take photos",,Survey needed,2025-11-18,2026-01-06,,,,,,,NEK,NEK,,No,,,,,,
J34986 / SUCCESS VISION EXPRESS,Service or Contract Order,Service,,NEK,VB,Manhattan,"SuccessVision Manhattan service pole sign At SuccessVision's Manhattan location: 1) check in/out with manager on duty 2) the pole sign logo cabinet is partly out in the middle 3) verify the entire pole sign, channel letters and awnings are lighting properly 4) take completion photos NOTE:  This was converted to LEDs by another company, past that warranty.",,Survey needed,2025-12-02,2026-01-20,,,,,,,NEK,NEK,,No,,,,,,
J35004 / BURLINGAME FEDERATED CHURCH,Service or Contract Order,Service,,NEK,VB,Burlingame,"Burlingame Federated Church service message center At Burlingame Federated Church, the message center is not working properly and has been turned off 1) coordinate in advance with Gary Masters, cell 633-0454. 2) see emailed info on how to determine what's needed from manufacturer, if questions, contact Vernon at Stewart, 800-237-3928 3) determine what's needed before ordering parts 4) take completion photos",,Survey needed,2025-12-05,2026-01-23,,,,,,,NEK,NEK,,No,,,,,,
J35047 / DOBSKI & ASSOCIATES - McDonald's #317,Service or Contract Order,Service,,NEK,VB,Topeka,"McDonald's #317 SW Topeka Blvd repair parking lot lights At McDonald's #317 SW Topeka Blvd: 1) check in/out with manager on duty 2) one LED parking lot light is reported out, need information on fixture and whether the others are the same for replacement 3) replace old with new LED parking lot light fixture when in hand 4) take completion photos",,Survey needed,2025-12-05,2026-01-23,,,,,,,NEK,NEK,,No,,,,,,
J35183 / FLINTHILLS MALL,Service or Contract Order,Service,,NEK,VB,Emporia,Flinthills Mall service message center,,Survey needed,2025-12-16,2026-02-03,,,,,,,NEK,NEK,,No,,,,,,
J35451 / FOLEY EQUIPMENT,Service or Contract Order,Service,,NEK,QT,KCMO,"Foley-KCMO Rental sign on the pole outage The rental sign on the Pole sign is only half illuminated. There was a similar issue reported in September/October.  Please let Quintin know if this is warranty or something unrelated.   ( Appears that there was a wire problem in the main ID sign cabinet (north side, bottom left and that the ""service sign"" and the entrance monument on the far east sign. )Please include the IVR instructions with the work order.",,Survey needed,2026-01-07,2026-02-25,,,,,,,NEK,NEK,,No,,,,,,
J35666 / THE BIG BISCUIT,Service or Contract Order,Service,,NEK,VB,"Raymore, MO","Big Biscuit Raymore repair rear sign At The Big Biscuit in Raymore: 1) check in/out with manager on duty 2) ""Bisc"" is out on rear channel letters 3) make sure both sets of letters are working properly while there 4) take completion photos",,Survey needed,2026-01-19,2026-03-09,,,,,,,NEK,NEK,,No,,,,,,
J35682 / TB OF AMERICA,Service or Contract Order,Service,,NEK,VB,Holton,"Taco Bell Holton repair pole sign storm damage At Taco Bell #20719 Holton, a windstorm damage has blown out one pole sign logo face and damaged the other: 1) travel to site and tie in other face before it also blows out 2) take photos After new faces have been produced, 3) receive & inspect new customer faces from Everbrite 4) remove old faces 5) verify sign is lighting properly 6) reinstall the new faces 7) take completion photos, including entire cabinet from the bucket for insurance purposes NOTE:  Requested store to call if the other face blows out before we can get there",,Survey needed,2026-01-19,2026-03-09,,,,,,,NEK,NEK,,No,,,,,,
J35668 / LEGACY RESTAURANT GROUP - Wendy's #218,Service or Contract Order,Service,,NEK,VB,KCMO,"Wendy's #218 North Oak repair parking lot light At Wendy's North Oak: 1) check in/out with manager on duty 2) one parking lot light is reported out by entrance between Wendy's and a bank 3) while there, check all other signs & lighting 4) take completion photos If needed, call Bill Fleming with questions, 816-659-4589",,Survey needed,2026-01-19,2026-03-09,,,,,,,NEK,NEK,,No,,,,,,
"J35788 / SPANGLES, INC",Service or Contract Order,Service,,NEK,VB,Topeka,Spangles #23 Hwy 24 repair monument sign At Spangles #23 Hwy 24: 1) check in/out with manager on duty 2) the monument sign appears to be flickering inside 3) the red neon border may not be working properly 4) take completion photos,,Survey needed,2026-01-28,2026-03-18,,,,,,,NEK,NEK,,No,,,,,,
J35995 / LEGACY RESTAURANT GROUP,Service or Contract Order,Service,,NEK,VB,Lawrence,"Wendy's #121 delivery  truck has hit a corner of the building again At Wendy's #120, W 23rd St, Lawrence, a delivery truck has hit the corner of the building again: 1) check in/out with manager on duty 2) repair corner as well as possible 3) take completion photos",,Survey needed,2026-02-06,2026-03-27,,,,,,,NEK,NEK,,No,,,,,,
J36071 / CITY OF LAWRENCE PARKS & REC.,Service or Contract Order,Service,,NEK,JL,Lawrence,Amtrak - Service Neon Signage Service call to repair neon sign.  Customer says multiple pieces are out on Southeast and West elevations.  Note: Photos provided are not current and additional outages may be present.  Sign to be tested prior to ordering replacement parts.,,Survey needed,2026-02-11,2026-04-01,,,,,,,NEK,NEK,,No,,,,,,
J36195 / LARRY'S EXPRESS MART,Service or Contract Order,Service,,NEK,VB,Topeka,"Larry's Express Mart check nonworking message center At Larry's Express Mart: 1) check in with Zafar Ansari 2) for existing nonworking message center, contact NEXT LED service at 888-263-6530 to walk through testing the components to see what's needed and if those parts are available 3) survey pole sign for cabinet sizes, overall height and electrical information 4) take photos  NTE two men two hours or one man three hours, plus tax",,Survey needed,2026-02-18,2026-04-08,,,,,,,NEK,NEK,,No,,,,,,
J36199 / DOBSKI & ASSOCIATES - McDonald's,Service or Contract Order,Service,,NEK,VB,Lawrence,"McDonald's W 23rd Street pole sign has intermittent outages At McDonald's W 23rd Street, Lawrence: 1) check in/out with manager on duty 2) the pole sign has intermittent outages in the arches and the red section  3) take completion photos",,Survey needed,2026-02-18,2026-04-08,,,,,,,NEK,NEK,,No,,,,,,
J36493 / U-HAUL,Service or Contract Order,Service,,NEK,SP,"Independence, MO","POLE SIGN CABINET OUTAGES (( T&M SERVICE ))    POLE SIGN CABINET OUTAGES - Carlos Gallardo in Facilities with U-Haul advises that their pole sign has several outages.  In the upper individual letter cabinets it has an outage in the ""A"" cabinet on both sides,   then in the middle ""STORAGE ROOMS"" cabinet it isn't lighting at all,  and the lower changeable copy display is partially out.  SEE CUSTOMERS PROVIDED PHOTO.   Any questions at site, call Carlos Gallardo at 913.948.3908.",,Survey needed,2026-03-03,2026-04-21,,,,,,,NEK,NEK,,No,,,,,,
"J36553 / VAN BINSBERGEN & ASSOCIATES, INC.",Service or Contract Order,Service,,NEK,VB,Topeka,"Madison Street Apartments repair four-headed parking lot light At Madison Street Apartments: 1) the four-headed light fixture in the south parking lot has been out for over a year 2) determine if it's a power issue and get voltage 3) if not a power issue, get fixture information for replacement parts or complete replacement and take close-up photos, how they are attached and measurements 5) take completion photos",,Survey needed,2026-03-06,2026-04-24,,,,,,,NEK,NEK,,No,,,,,,
J36586 / Family Dentistry McAllister,Service or Contract Order,Service,,NEK,QT,KCKS,"Family Dentistry State Ave monument outage Krista with McAllister Dentistry on State Ave called and said their monument sign is not lighting again, same side we fixed when we were there last. Please diagnose and repair. Appears when we were there in November we replaced 1 lamp-FYI",,Survey needed,2026-03-06,2026-04-24,,,,,,,NEK,NEK,,No,,,,,,
J36636 / DOBSKI & ASSOCIATES - McDonald's #4164,Service or Contract Order,Service,,NEK,VB,Lawrence,"McDonald's #4164 W 6th Lawrence service pole sign At McDonald's #4164 6th Street: 1) check in/out with manager on duty 2) the arches appear to be dim at the top, determine cause and take photos inside and out 3) take completion photos",,Survey needed,2026-03-10,2026-04-28,,,,,,,NEK,NEK,,No,,,,,,
J36688 / SAINT LUKE'S HEALTH SYSTEM,Service or Contract Order,Service,,NEK,QT,"Smithville, MO",St. Luke's Smithville  N/C survey N/C survey for Saint Lukes Smithville 1. Survey the existing monument sign. The EMC is dead and beyond repair and Saint Luke's wants two option to cover the EMC with pans and another option to remove the EMC completely and retrofit the existing monument pole cover for a new static signage cabinet. Need survey info on the structure for holding the EMC and what it will look like and possibilities for removing it  2. Survey the main building illuminated wall signage. Photos and measurements,,Survey needed,2026-03-11,2026-04-29,,,,,,,NEK,NEK,,No,,,,,,
J36755 / SAINT LUKE'S HEALTH SYSTEM,Service or Contract Order,Service,,NEK,QT,"Blue Springs, MO","St. Lukes Multispecialty Shoal Creek survey N/C survey Survey one (1) illuminated campus sign, two (2) building signs, two (2) monument signs with vinyl cruciforms for possible replacement.",,Survey needed,2026-03-16,2026-05-04,,,,,,,NEK,NEK,,No,,,,,,
J36756 / SAINT LUKE'S HEALTH SYSTEM,Service or Contract Order,Service,,NEK,QT,"Blue Springs, MO",St. Lukes Convenient Care Blue Springs survey N/C Survey Survey one (1) building sign for possible replacement.  Per notes on inventory from customer it does not need new framework.,,Survey needed,2026-03-16,2026-05-04,,,,,,,NEK,NEK,,No,,,,,,
"J36783 / TYREE AG, INC",Service or Contract Order,Service,,WK,NH,Kinsley,"trim back trees Trim back trees along the creek back, west of the roadsign, per the details attached. Haul off any limbs we remove.",,Survey needed,2026-03-16,2026-05-04,,,,,,,WK,WK,,No,,,,,,
J36753 / SAINT LUKE'S HEALTH SYSTEM,Service or Contract Order,Service,,NEK,QT,KCMO,St. Luke's Corporate survey N/C survey Please survey 2 building signs for possible replacement.,,Survey needed,2026-03-16,2026-05-04,,,,,,,NEK,NEK,,No,,,,,,
J36897 / RJ PROPERTIES,Service or Contract Order,Service,,NEK,VB,Holton,Tractor Supply Dollar General Bldg Holton repair parking lot lights At RJ Properties' Tractor Supply Dollar General Building in Holton: 1) check in/out with manager at Tractor Supply 2) repair parking lot lights--two double-headed lights are reported out 3) take completion photos NOTE:  VB needs to let his rep know when we're going.,,Survey needed,2026-03-24,2026-05-12,,,,,,,NEK,NEK,,No,,,,,,
J36916 / PEOPLES BANK & TRUST,Service or Contract Order,Service,,WK,CC,Hutchinson,Time and Temp Customer reported that their time & temp display is not displaying the correct time. Please service to get it working properly.,,Survey needed,2026-03-25,2026-05-13,,,,,,,WK,WK,,No,,,,,,
J36944 / CITY OF WICHITA,Service or Contract Order,Service,,WK,CC,Wichita,"Repair lighting in the Central and McLean light columns See attached map. The columns with an ""X"" on them are light columns that are not lighting. Customer would like to have all the columns looked at and provided a cost to get them lighting as they want to have them lighting red and blue for the 250 Year Centennial this year. Contact if you need assistance from the city: Mike Armour: 316-268-4598 marmour@wichita.gov",,Survey needed,2026-03-25,2026-05-13,,,,,,,WK,WK,,No,,,,,,
J37069 / COLLEGE CHURCH OF NAZARENE,Service or Contract Order,Service,,NEK,SP,Olathe,"CHANNEL LETTERS NORTH WALL - OUTAGE IN WORD ""URCH"" OUT ** T&M SERVICE CALL **  NORTH WALL CHANNEL LETTERS OUTAGE -  Customer (Barry Seifert, Facilities Bldg Mgr) reports the channel letters on north wall the ""URCH"" is out in word CHURCH.  SEE PROVIDED PIC FROM CUSTOMER.  Please visit site to troubleshoot and repair as needed.           *** IF VISITING CHURCH ON WED 4/1 - CALL AHEAD TO BARRY SEIFERT TO ADVISE YOU ARE COMING ( Barry Cell 913.238.7174 ) ...OR IF GOING AFTER 4/1 - CALL AHEAD TO PHIL BURKHART AT 913.449.0221.  ***",,Survey needed,2026-04-01,2026-05-20,,,,,,,NEK,NEK,,No,,,,,,
"J37070 / T-TOWN INVESTMENTS CO., LLC - Kohl's & Barnes & Noble",Service or Contract Order,Service,,NEK,VB,Topeka,"Kohl's & Barnes & Noble pole sign service The Kohl's & Barnes & Noble pole sign is reported out: 1) verify power is available 2) if power is available, determine whether lamps can be replaced or if we also need ballasts 3) survey both cabinets for LED replacements, including depth of cabinets 4) take photos Depending upon the issues, we may repair or retrofit.  Call Virginia to get customer's preference.",,Survey needed,2026-04-01,2026-05-20,,,,,,,NEK,NEK,,No,,,,,,
J37140 / BAKER UNIVERSITY,Service or Contract Order,Service,,NEK,JL,Baldwin City,"NC - April Semi-Annual Maint NC - April Semi-Annual Maintenance on 9´4""x7´3"" DF, Monument Sign with Illuminated ID Cabinet, 12mm 72x144 Matrix 3´5"" x 6´3"" LED EMC. Test all cooling fans and replace any defective units.",,Survey needed,2026-04-06,2026-05-25,,,,,,,NEK,NEK,,No,,,,,,
J37143 / Baldwin State Bank,Service or Contract Order,Service,,NEK,JL,Baldwin City,NC - April Semi-Annual Maint NC - April Semi-Annual Maintenance on (2) EMC´S.  Test all cooling fans and replace any defective units.,,Survey needed,2026-04-06,2026-05-25,,,,,,,NEK,NEK,,No,,,,,,
J37148 / GUARANTY STATE BANK,Service or Contract Order,Service,,WK,DP,Smith Center,"NC - April Semi-Annual Maint NC - SEMI-ANNUAL MAINTENANCE ON D/F 12"" CHARACTER LED M/C AND S/F INTERIOR M/C. Test all cooling fans and replace any defective units.",,Survey needed,2026-04-06,2026-05-25,,,,,,,WK,WK,,No,,,,,,
"J37139 / JEFFERSON COUNTY HEALTH DEPT, HOME HLTH & HOSPICE",Service or Contract Order,Service,,NEK,JL,Oskaloosa,"NC - April Semi-Annual Maint.  NC - April semi-annual maintenance on 3´5"" x 7´3"", 19mm 48 x 112 matrix full color EMC.  Test all cooling fans and replace any defective units.",,Survey needed,2026-04-06,2026-05-25,,,,,,,NEK,NEK,,No,,,,,,
J37142 / Baldwin State Bank,Service or Contract Order,Service,,NEK,JL,Baldwin City,NC - April Semi-annual maintenance April Semi-Annual Maintenance on EMC.  Test all cooling fans and replace any defective units.,,Survey needed,2026-04-06,2026-05-25,,,,,,,NEK,NEK,,No,,,,,,
J37184 / NKC Health,Service or Contract Order,Service,,NEK,QT,NKCMO,NKC Article 1 sign corrections-no charge N/C time and materials to make corrections as requested,,Survey needed,2026-04-08,2026-05-27,,,,,,,NEK,NEK,,No,,,,,,
J37170 / STORMONT VAIL HEALTH,Service or Contract Order,Service,,NEK,VB,Topeka,"Stormont-Vail Emergency sign has ""GE"" out At Stormont-Vail: 1) the EMERGENCY letters on the west canopy have ""GE"" out, repair as needed 2) take completion photos 3) let Kevin Hesseltine know when you're finished, 354-6348",,Survey needed,2026-04-08,2026-05-27,,,,,,,NEK,NEK,,No,,,,,,
J37185 / Speeks Technology,Service or Contract Order,Service,,NEK,QT,Overland Park,Paymore OPKS vinyl peeling Aaron is needing to go by PayMore Overland Park to resecure some vinyl graphics that have started peeling away. He is to try to fix it or see if we need to replace.,,Survey needed,2026-04-10,2026-05-29,,,,,,,NEK,NEK,,No,,,,,,
J37283 / RESIDENCE INN,Service or Contract Order,Service,,NEK,VB,Topeka,"Residence Inn repairs At the Residence Inn: 1) check in/out with Ed Passmore or a manager on duty 2) the west channel letter ""R"" is broken, pattern for replacement face, whether acrylic or polycarbonate, get color and thickness of face and trim cap color and size 3) the monument sign is missing an access panel, Ed has not found it, if you can't find and reattach measure for size to replace 4) one parking lot light at the front has intermittent lighting problems, says it's one we've had problems with 5) take completion photos Ed's cell 785-430-1178",,Survey needed,2026-04-16,2026-06-04,,,,,,,NEK,NEK,,No,,,,,,
J37285 / THEATRE LAWRENCE,Service or Contract Order,Service,,NEK,LNI,Lawrence,Parking lot lights service  Two parking lot lights out check for warranty see map lot light 3 and 4 just south of the dumpsters. Parking lot light out 3 and 4. See map call Bob Newton before arriving and after job complete,,Survey needed,2026-04-16,2026-06-04,,,,,,,NEK,NEK,,No,,,,,,
J37332 / LEGACY RESTAURANT GROUP - Wendy's #214,Service or Contract Order,Service,,NEK,VB,KCMO,"Wendy's #214 Main Street emergency pole sign service EARLY MONDAY, 4/20 At Wendy's #214, 3118 Main St, KCMO, the pole sign is coming apart at the top 1) check in/out with store manager 2) reattach pieces, determine if anything needs to be replaced, if so, get photos and measurements 3) take completion photos",,Survey needed,2026-04-17,2026-06-05,,,,,,,NEK,NEK,,No,,,,,,
J37334 / DOBSKI & ASSOCIATES - McDonald's,Service or Contract Order,Service,,NEK,VB,Lawrence,"McDonald's Lawrence Turnpike service pole signs For the McDonald’s Lawrence Turnpike restaurant:  1) the west side of the west pole sign is missing a formed plastic “D” and the customer has looked for it on the ground 2) the customer provided two sizes of the “D” from older signs 3) install one of the faces 4) if neither fits, measure the opening carefully and take photos  5) while there, the owner wants to check the lighting in both pole signs and clean the faces 6) take completion photos",,Survey needed,2026-04-17,2026-06-05,,,,,,,NEK,NEK,,No,,,,,,
J37357 / LEGACY RESTAURANT GROUP - Wendy's #103,Service or Contract Order,Service,,NEK,VB,Topeka,"Wendy's #103 repair parking lot light At Wendy's #103, SW Topeka Blvd: 1) check in/out with manager on duty 2) one parking lot light is reported out 3) while there, check & repair any other lighting needs 4) take completion photos",,Survey needed,2026-04-21,2026-06-09,,,,,,,NEK,NEK,,No,,,,,,
J37386 / Community Financial,Service or Contract Order,Service,,WK,CC,Wichita,"Repair outages on three oval wall signs border neon Repair border tube neon on three oval wall signs. While on site, get a survey, pattern for the oval wall sign face that looks bad so I can get a proposal to them to replace with new face under a separate order. Check in and out by calling 516-500-7776. Follow prompts: PIN# 338224. WO# 341668448.",05.01.26 Found 7 bad units. Took to Wholesale Neon for repair RK,Survey needed,2026-04-21,2026-06-09,,,,,20104,,WK,WK,,No,,,,,,
J37394 / EQUITY BANK,Service or Contract Order,Service,,WK,DW,Park City,Ironstone Site Sign Removal Remove site sign and take back to Wichita Lumineo shop.,,Survey needed,2026-04-22,2026-06-10,,,,,,,WK,WK,,No,,,,,,
J37415 / BRAUM'S,Service or Contract Order,Service,,WK,NH,"Guymon, OK","B neon out, exerior (Guymon) Customer reports that the 'B' in 'BRAUM's is out on the building exterior. Check and repair as needed. *ACCOUNTING: ONCE WE HAVE THE FINAL TALLY, EMAIL NATHAN, SO HE CAN CALL THE HELP DESK TO GET APPROVAL FOR EXCEEDING $500. (PO #04230076)",,Survey needed,2026-04-23,2026-06-11,,,,,,,WK,WK,,No,,,,,,
J37406 / Benchmark Real Estate Group,Service or Contract Order,Service,,WK,CC,Derby,Repair outages in multi tenant pylon sign Customer is reporting that the multi tenant sign is partially out. Repair lighting as needed.,STR 04.30 0718,Survey needed,2026-04-23,2026-06-11,,,,,,,WK,WK,,No,,,,,,
J37382 / Koi Ramen,Service or Contract Order,Service,,WK,AS,Hutchinson,"T/m: customer reports neon is not working, diagnose and repair neon",,Survey needed,2026-04-24,2026-06-12,,,,,,,WK,WK,,No,,,,,,
J31942 / KANSAS STATE BANK,Service or Contract Order,Service,,NEK,LNI,Ottawa,"Kansas State Bank Service Per Customer: "" the back light that illuminates the Kansas State Bank white lettering on our South Ottawa Branch does not seem to be working"" Contact is Eric 785-242-3600",,Survey needed,2026-04-28,2026-06-16,,,,,,,NEK,NEK,,No,,,,,,
J37477 / EVERGREEN MOTEL & RV PARK,Service or Contract Order,Service,,WK,NH,Pratt,"neon border out (top) Customer reports that the green border neon at the top side reveal is out. (Bottom reveal neon is okay, along with all internal lighting). Check and repair as needed. (Leased pylon cabinet).",,Survey needed,2026-04-28,2026-06-16,,,,,,,WK,WK,,No,,,,,,
J37502 / City of Derby,Service or Contract Order,Service,,WK,DW,Wichita,Decarsky Park Sign Service Light column on still not lighting properly.,"STR 04.30 0710 05.18.26 Follow up email sent to DW,KH.  HA 05.11.26 Found that the Bitro LED individual modules are starting to fail.  Inconsistent colors in the same stand & across individual stands and the controller cant control the output colors of the RGB.  Controller goes into fault mode and & pauses the sequence.  Customer wants just green LED's wants quote to replace to green only LED's",Survey needed,2026-04-29,2026-06-17,,,,,,,WK,WK,,No,,,,,,
J37508 / AZ US STORE MAINTENANCE (AUTOZONE PARTS INC),Service or Contract Order,Service,,WK,VB,Salina,"AutoZone #1615 Salina repair damage to building neon At AutoZone #1615 in Salina: TAKE BEFORE & AFTER PHOTOS 1) check in/out with store manager 2) there is broken neon hanging over the entrance door, remove unit for replacement 3) while there, verify there is no damage to other neon or signage 4) upon return, check in/out with manager and complete repairs",05.14.26 found 12 units of neon broken. JS 05.14.26 sent in 12 units for repair. HA,Survey needed,2026-04-29,2026-06-17,,,,,,,WK,WK,,No,,,,,,
J37520 / EQUITY BANK,Service or Contract Order,Service,,NEK,DW,"Kirksville, MO",Kirksville Medical Center ATM Repair Remove entire topper from ATM and bring back to Hutchinson shop to access damages and make repairs.,,Survey needed,2026-04-29,2026-06-17,,,,,,,NEK,NEK,,No,,,,,,
J37524 / GOPPERT STATE SERVICE BANK,Service or Contract Order,Service,,NEK,SP,Ottawa,"N/C SERVICE CALL TO CHANGE WATCHFIRE T&T CLOCK SETTING TO STD TIME (NOT MILITARY) N/C SERVICE CALL TO CHANGE WF T&T CLOCK ( Visit approved by Justin F at Lumineo ) -  Visit Ottawa bank location and change the time setting on the Watchfire T&T to make it read as standard time, not military time like it is presently set at. Bank has reset it themselves and the last time couldn't get it to switch to standard time.  SEE PROVIDED PIC UPLOADED IN BC.     ** Please pop into the bank when arriving and let Zach know you are onsite to reset the clock.  Please let Zach know when you are done and if you were able to get it changed.  Also please update Shelly after your visit to know if it got resolved or not. **",,Survey needed,2026-04-30,2026-06-18,,,,,,,NEK,NEK,,No,,,,,,
J37540 / Chiropractic Wellness Center,Service or Contract Order,Service,,WK,DP,Salina,Survey EMC for Damage Customer is reporting modules out on multiple panels due to storm damage. Visit and diagnose and determine broken louvers and/or LEDs.,05.05.26 found hail damage to louvers (50 of 50) photos emailed to watchfire.  watchfire also found 3 bad modules.  quote requested and waiting approval.  JS,Survey needed,2026-04-30,2026-06-18,,,,,,,WK,WK,,No,,,,,,
J37563 / AZ US STORE MAINTENANCE (AUTOZONE PARTS INC),Service or Contract Order,Service,,WK,CC,Newton,Repair neon at the Newton AutoZone,printed,Survey needed,2026-05-01,2026-06-19,,,,,,,WK,WK,,No,,,,,,
J37558 / Community National Bank and Trust,Service or Contract Order,Service,,WK,CC,El Dorado,"Repair outages in neon tube at the top of pylon sign, west side of sign, along with the outage in the CNB logo on ID cabinet.",printed,Survey needed,2026-05-01,2026-06-19,,,,,,,WK,WK,,No,,,,,,
J37480 / FIDELITY BANK,Service or Contract Order,In Process,,WK,CC,Wichita,Repair damage to bottom secion of pylon FB E Harry,,Survey needed,2026-05-01,2026-06-19,,,,,,,WK,WK,,No,,,,,,
"J37555 / SPANGLES, INC",Service or Contract Order,Service,,NEK,VB,Topeka,"At Spangles #21, Wanamaker: 1) check in/out with manager on duty 2) blue border neon is out on the NW corner 3) blue border neon at the top of the building is out on the north side 4) while there, check all signs & lighting (except parking lot lights), if goosenecks are needed, use customer's stock 5) take completion photos",,Survey needed,2026-05-01,2026-06-19,,,,,,,NEK,NEK,,No,,,,,,
"J37570 / AGI ARCHITECTURAL GRAPHICS, INC",Service or Contract Order,Service,,WK,DP,Salina,"NTE $600.00. Customer reports that ""STOP"" part of wall sign is out. Visit and repair. If repair will exceed NTE, contact Shalomar Aimes @ (865) 394-2822 for approval. Sign-off form must be signed/approved/stamped by the store manager on duty upon completion of project. Completion photos required.",printed / cancel,Survey needed,2026-05-04,2026-06-22,,,,,,,WK,WK,,No,,,,,,
J37594 / THE OTHER PLACE,Service or Contract Order,Service,,NEK,QT,Olathe,"The west facing sign has some outages, see attached photo.  Please check and repair.",,Survey needed,2026-05-05,2026-06-23,,,,,,,NEK,NEK,,No,,,,,,
J37596 / Community National Bank and Trust,Service or Contract Order,Service,,WK,CC,Benton,"Repair the border neon tube at the top of the pylon sign that wraps around the top ornament, as well as the CNB trim capped logo that isn't lighting on the pylon ID cabinet.",printed,Survey needed,2026-05-05,2026-06-23,,,,,,,WK,WK,,No,,,,,,
J37592 / Community Choice Financial,Service or Contract Order,Service,,WK,CC,Salina,Repair damage to lighting and signs due to hail storm,printed 05.14.26 found 4 units of neon bad sent in for repairs.  HA Other signs are in bad shape. JS,Survey needed,2026-05-05,2026-06-23,,,,,,,WK,WK,,No,,,,,,
J37612 / CHILI'S Salina,Service or Contract Order,Service,,WK,DP,Salina,Customer reports hail damage to wall sign. Visit and repair as needed. Provide completion photos.,,Survey needed,2026-05-06,2026-06-24,,,,,,,WK,WK,,No,,,,,,
J37610 / Nex-Tech Wireless,Service or Contract Order,Service,,WK,DP,Salina,Customer reports hail damage to wall sign. Visit and repair as needed. Provide completion photos.,,Survey needed,2026-05-06,2026-06-24,,,,,,,WK,WK,,No,,,,,,
J37660 / Andrade Auto Exchange,Service or Contract Order,Service,,WK,NH,Liberal,"Neon channel letters are partially out on the east face of the pylon. Check and repair as needed. Also, they have approximately (15) lot light fixtures out. They've been updating these to LED corn cobs as bulbs burn out. Customer will have these on site, and while we have a bucket truck on site, would like us to swap out as needed.",,Survey needed,2026-05-08,2026-06-26,,,,,,,WK,WK,,No,,,,,,
J37641 / FIRST PRESBYTERIAN CHURCH,Service or Contract Order,Service,,NEK,VB,Topeka,First Presbyterian Church repair north side of message center,,Survey needed,2026-05-08,2026-06-26,,,,,,,NEK,NEK,,No,,,,,,
J37651 / Phi Kappa Tau - Lawrence,Service or Contract Order,Service,,NEK,LNI,Lawrence,Survey site for truck access to install new halo lit channel letters / logo.,,Survey needed,2026-05-08,2026-06-26,,,,,,,NEK,NEK,,No,,,,,,
J37669 / HEARTLAND CREDIT UNION,Service or Contract Order,Service,,WK,CC,Hutchinson,Diagnose and repair issues with Watchfire display,,Survey needed,2026-05-11,2026-06-29,,,,,,,WK,WK,,No,,,,,,
J37536 / CITY OF SALINA PARKS & RECREATION DEPT.,Service or Contract Order,Service,,WK,DP,Salina,Customer reports 16mm modules outage in 9' x 16' EMC signage. Watchfire reports 4 modules needing replaced. Visit and repair as needed. Contact Watchfire when on site for calibration.,,Survey needed,2026-05-12,2026-06-30,,,,,,,WK,WK,,No,,,,,,
J37687 / LEGACY RESTAURANT GROUP (Wendy's #412),Service or Contract Order,Service,,NEK,VB,Kansas City,"Wendy's #142 State Ave, KCK service lighting",,Survey needed,2026-05-12,2026-06-30,,,,,,,NEK,NEK,,No,,,,,,
J37773 / Holly School District,Service or Contract Order,Service,,WK,NH,"Holly, CO","Per discussion with Cindy, (2) new modules are being shipped to our DC shop. Upon receipt, schedule a trip to the site to change out, and follow other instructions attached.",,Survey needed,2026-05-14,2026-07-02,,,,,,,WK,WK,,No,,,,,,
J37754 / CENTRAL BANK OF THE MIDWEST,Service or Contract Order,Service,,NEK,JA,Lawrence,The shared monument sign on the corner of 31st and Iowa has routed aluminum cut out faces with acrylic mounted to the back. Aspen Dental the tenant on lower section of this sign has the faces coming off the back. South facing side has fallen off and is resting in the sign. The north side is coming off and hasn’t completely fallen off yet.,,Survey needed,2026-05-14,2026-07-02,,,,,,,NEK,NEK,700,No,,,,,,
J37763 / ZIEGLER FUNERAL CHAPEL,Service or Contract Order,Service,,WK,NH,Dodge City,The module in the bottom-right corner of the south EMC face is showing up noticeably brighter than the others. The louver & position seem to be fine. Check and repair as needed. (Perhaps we can run a color-calibration test?).,,Survey needed,2026-05-14,2026-07-02,,,,,,,WK,WK,,No,,,,,,
J37743 / LEISZLER OIL COMPANY (Short Stop #1),Service or Contract Order,Service,,NEK,VB,Clay Center,Short Stop #1 Clay Center gold package repairs to message center,,Survey needed,2026-05-14,2026-07-02,,,,,,,NEK,NEK,,No,,,,,,
J37761 / SAINT LUKE'S HEALTH SYSTEM,Service or Contract Order,Service,,NEK,QT,Kansas City,St Luke's Plaza survey's for new signage,,Survey needed,2026-05-14,2026-07-02,,,,,,,NEK,NEK,,No,,,,,,
J37770 / Tapestry Collection,Service or Contract Order,Service,,NEK,QT,Kansas City,The customer reports that the bottom part of the sign is illuminated but the neon portion at the top is no longer working.  Please check and repair.  Donald Davis is the director of facilities and can be reached on his cell at 816-663-2903,,Survey needed,2026-05-15,2026-07-03,,,,,,,NEK,NEK,,No,,,,,,
J37809 / COMANCHE BEVERAGE OUTLET,Service or Contract Order,Service,,WK,NH,Dodge City,Customer reports the bottom points of the pylon's neon arrow out (both sides). Check and repair as needed. *MAINT CONTRACT.,,,2026-05-18,2026-07-06,,,,,,,WK,WK,,No,,,,,,
J37823 / LEGACY RESTAURANT GROUP (Wendy's),Service or Contract Order,Service,,WK,VB,Salina,Wendy's #171 Riffel Rd Salina repair parking lot light,,,2026-05-20,2026-07-08,,,,,,,WK,WK,,No,,,,,,
J37822 / LEGACY RESTAURANT GROUP (Wendy's),Service or Contract Order,Service,,WK,VB,Salina,Wendy's #170 Ohio St Salina service,,,2026-05-20,2026-07-08,,,,,,,WK,WK,,No,,,,,,
J37829 / FEDERAL HEATH SIGN,Service or Contract Order,Service,,WK,NH,Garden City,"Metal soffit is separating/drooping under the storefront overhang. (TRACKING #350557904). The customer is okay with us simply running some screws into it, to re-secure as needed. (They understand that this won't be pretty, but they can't have it falling down, and birds getting inside). **FOLLOW HIGHLIGHTED INSTRUCTIONS FOR CHECKING INTO THEIR IVR SYSTEM UPON ARRIVAL, AND GET THE MANAGER SIGNATURE/STAMP ON THAT PAGE UPON COMPLETION. *GET COMPLETION PHOTOS TO NATHAN.",,,2026-05-19,2026-07-07,,,,,,,WK,WK,,No,,,,,,
J37814 / AZ US STORE MAINTENANCE (AUTOZONE PARTS INC),Service or Contract Order,Service,,WK,CC,Wichita,"Repair broken unit of neon in the ""Z"" on front of building",,,2026-05-19,2026-07-07,,,,,,,WK,WK,,No,,,,,,
"J37849 / ROTTINGHAUS COMPANY, INC",Service or Contract Order,Service,,WK,DP,Russell,"Customer reports that there are lighting outages with awning and cabinet on the pole sign. Visit and repair as needed. Pole sign electrical box has damage and may need electrician to repair, test lighting and report back if customer needs to contact electrician.",,,2026-05-20,2026-07-08,,,,,,,WK,WK,,No,,,,,,
J37869 / CITIZENS STATE BANK,Service or Contract Order,Service,,WK,NH,Hugoton,A module/partial row have gone out on the west face of the EMC. Check and repair as needed. (EMC is no longer under warranty. The bank sponsor has agreed to cover repair costs for the school).,,,2026-05-21,2026-07-09,,,,,,,WK,WK,,No,,,,,,
J37859 / WESLEY MEDICAL CENTER,Service or Contract Order,Service,,WK,DW,Wichita,Southeast facing board has outage.,,,2026-05-21,2026-07-09,,,,,,,WK,WK,,No,,,,,,
J37847 / MRV SERVICES,Service or Contract Order,Service,,NEK,,,MRV Wanamaker (21st & Wanamaker) service pole sign,,,2026-05-21,2026-07-09,,,,,,,NEK,NEK,,No,,,,,,
J37881 / Hutton Salina,Service or Contract Order,Service,,WK,DP,Bushton,N/C for Straightening Letters,,Survey needed,2026-05-22,2026-07-10,,,,,,,WK,WK,,No,,,,,,
J37880 / Vargas Restaurant,Service or Contract Order,Service,,WK,NH,Liberal,pylon + raceway svc.,,Survey needed,2026-05-22,2026-07-10,,,,,,,WK,WK,,No,,,,,,
J37858 / FIRST NATIONAL BANK OF LOUISBURG,Service or Contract Order,Service,,NEK,SP,Louisburg,WF EMC SERVICE (BOTH SIDES),,Survey needed,2026-05-22,2026-07-10,,,,,,,NEK,NEK,,No,,,,,,
J37918 / AZ US STORE MAINTENANCE (AUTOZONE PARTS INC),Service or Contract Order,Service,,WK,CC,Wichita,Repair broken neon on front of building,,Survey needed,2026-05-26,2026-07-14,,,,,,,WK,WK,,No,,,,,,
J37916 / EMPRISE BANK,Service or Contract Order,Service,,WK,CC,ElDorado,Repair outage in letter M over entrance on west side,,Survey needed,2026-05-26,2026-07-14,,,,,,,WK,WK,,No,,,,,,
J37900 / AZ US STORE MAINTENANCE (AUTOZONE PARTS INC),Service or Contract Order,Service,,WK,CC,Wichita,Repair broken neon on west side of building,,Survey needed,2026-05-26,2026-07-14,,,,,,,WK,WK,,No,,,,,,
J37896 / Pestinger Heating & Air,Service or Contract Order,Service,,WK,DP,Salina,Storm damage,,Survey needed,2026-05-26,2026-07-14,,,,,,,WK,WK,,No,,,,,,
"J37744 / SAYLOR INSURANCE SERVICE, INC.",Service or Contract Order,Service,,NEK,VB,Sabetha,Saylor Insurance Sabetha gold package service to message center,,Survey needed,2026-05-26,2026-07-14,,,,,,,NEK,NEK,,No,,,,,,
J37875 / KD FAMILY MANAGEMENT,Service or Contract Order,Service,,NEK,VB,Topeka,McDonald's #17628 29th & Wanamaker top of pole sign arch is out,,Survey needed,2026-05-26,2026-07-14,,,,,,,NEK,NEK,,No,,,,,,
J37876 / COREFIRST BANK & TRUST,Service or Contract Order,Service,,NEK,VB,Topeka,CoreFirst Bank North Plaza repair message center,,Survey needed,2026-05-26,2026-07-14,,,,,,,NEK,NEK,,No,,,,,,
J37955 / HUTCHINSON COMMUNITY COLLEGE,Service or Contract Order,Service,,WK,AS,Hutchinson,"N/C: customer reports pc has gone bad, Watchfire is sending pc under and warranty and return old pc",,Survey needed,2026-05-27,2026-07-15,,,,,,,WK,WK,,No,,,,,,
J37930 / Farm Bureau Financial Services,Service or Contract Order,Service,,WK,NH,Greensburg,monument svc,,Survey needed,2026-05-27,2026-07-15,,,,,,,WK,WK,,No,,,,,,
J37969 / Universal Signs,Service or Contract Order,Service,,WK,NH,Dodge City,night photos (by NH),,,2026-05-28,2026-07-16,,,,,,,WK,WK,,No,,,,,,
J37968 / Universal Signs,Service or Contract Order,Service,,WK,NH,Dodge City,J trimcap face repair,,,2026-05-28,2026-07-16,,,,,,,WK,WK,,No,,,,,,
J37985 / Red Rock Canyon,Service or Contract Order,Service,,WK,CC,Wichita,Repair outages in neon sign above entrance,,,2026-05-29,2026-07-17,,,,,,,WK,WK,,No,,,,,,
J38025 / HUTCHINSON ART CENTER,Service or Contract Order,Service,,WK,AS,Hutchinson,"Service on or after 6/8/26: Customer reports letters on ""CENTER"" on the East (Washington St) elevation is having some illumination issues. I am not 100% sure if it is the front illumination or the rear RGB illumination that is not working correctly.  Please diagnose and fix issue.",,,2026-06-01,2026-07-20,,,,,,,WK,WK,,No,,,,,,
J38000 / Newport Grill,Service or Contract Order,Service,,WK,CC,Wichita,Repair outages in STEAKS reading on building,,,2026-06-01,2026-07-20,,,,,,,WK,WK,,No,,,,,,
J37998 / PEOPLES BANK & TRUST,Service or Contract Order,Service,,WK,CC,Great Bend,Repair outages in the Watchfire display in Great Bend PBT,,,2026-06-01,2026-07-20,,,,,,,WK,WK,,No,,,,,,
J38044 / Identiti Resources,Service or Contract Order,Service,,WK,NH,Dodge City,"Customer reports that the interior storefront sign is out. Check in per the IVR/Identiti requirements on the highlighted PO. Make repairs as needed. *IF REPAIRS WILL EXCEED $400, CALL ROBIN WILLIAMS @ 847-238-8412 FOR APPROVAL. Get completion photos, and complete the attached Sign-off sheet.",,,2026-06-02,2026-07-21,,,,,,,WK,WK,,No,,,,,,
J38028 / B33 WEST RIDGE PLAZA LLC,Service or Contract Order,Service,,NEK,VB,Topeka,B33 West Ridge Plaza lift DL Smith for parking lot light repair,,,2026-06-02,2026-07-21,,,,,,,NEK,NEK,,No,,,,,,
"J37996 / SPANGLES, INC",Service or Contract Order,Service,,NEK,VB,Topeka,Spangles #23 repair monument sign,,,2026-06-02,2026-07-21,,,,,,,NEK,NEK,,No,,,,,,
J38024 / ROCK CREEK MARINA AND RESORT,Service or Contract Order,Service,,NEK,VB,Ozawkie,Rock Creek Marina replace faux LED parts so that the sign dims properly,,,2026-06-02,2026-07-21,,,,,,,NEK,NEK,,No,,,,,,
J38034 / WICHITA BASEBALL LLC,Service or Contract Order,Service,,WK,CC,Wichita,"Repair outage in the letter ""U"" at the top of scoreboard",,,2026-06-02,2026-07-21,,,,,,,WK,WK,,No,,,,,,
J38064 / McCallson Tax & Accounting,Service or Contract Order,Service,,WK,DP,Salina,NC: On newly installed round projecting sign.  Faces appear to not look level in sign. On next trip to Salina the customer would like to see if we could straighten the faces in the cabinet - both sides.,,,2026-06-03,2026-07-22,,,,,,,WK,WK,,No,,,,,,
J38054 / SAINT LUKE'S HEALTH SYSTEM,Service or Contract Order,Service,,NEK,QT,Overland Park,"The letters ""osp"" are out in hospital on the west side of the MOB building. Please check and repair.",,,2026-06-03,2026-07-22,,,,,,,NEK,NEK,,No,,,,,,
J38076 / Ken's Pizza,Service or Contract Order,Service,,WK,AS,Hutchinson,"T/M: Service:  Customer reports some neon is out on pizza sign on front of building, please diagnose and fix",,,2026-06-04,2026-07-23,,,,,,,WK,WK,,No,,,,,,
J38070 / NKC Health,Service or Contract Order,Service,,NEK,QT,North Kansas City,NKC punchlist items,,,2026-06-04,2026-07-23,,,,,,,NEK,NEK,,No,,,,,,
J38067 / Dollar Tree #3374,Service or Contract Order,Service,,NEK,VB,Topeka,Dollar Tree #3374 service channel letters,,,2026-06-05,2026-07-24,,,,,,,NEK,NEK,,No,,,,,,
J38085 / TB OF AMERICA,Service or Contract Order,Service,,NEK,VB,Topeka,Taco Bell #4120 Wanamaker repair clearance bar,,,2026-06-05,2026-07-24,,,,,,,NEK,NEK,,No,,,,,,
J28498 / / Boulevard Theatres,Service - Hold,Service Hold,,WK,DW,Wichita,Boulevard Theatre recently acquired the old town Warren property and trying to get digital signs operational. They called Watchfire and were told they needed a fiber router box and the ticket number is 869478. Please order part and schedule service call once part arrives.,"part is here, sent with Ray/more parts needed, working with customer/Watchfire",Survey needed,2024-12-06,2025-01-24,,,,,,,WK,WK,,No,,,,,,
J28861 / A & M Management - Deano's,Service - Hold,Service Hold,,WK,DW,Wichita,Deano's Tenant Face Damage Bring back tenant panel to shop and access damage.,trip made/order in Dustin's office,Survey needed,2025-01-02,2025-02-20,,,,,,,WK,WK,,No,,,,,,
J28271 / / MORTON BUILDINGS,Morton - National,National In Process,,WK,DW,"Spencer, IA","Survey large logo to create refurb quote. Get all info for repainting, new graphics, and lighting components.",,Survey needed,2024-11-19,2025-01-07,,,,,,,Sub,Sub-Installer,,No,,,,,,
J28523 / / MORTON BUILDINGS,Morton - National,National In Process,,WK,DW,"Wooster, OH","Wooster, OH NC Survey Survey Site.",,Survey needed,2024-12-09,2025-01-27,,,,,,,Sub,Sub-Installer,,No,,,,,,
J28747 / / MORTON BUILDINGS,Morton - National,National In Process,,WK,DW,Winfield,"Winfield, KS NC Survey Survey site. Survey pylon sign and get lighting info, cut sizes, VO, retainer size, depth of cabinet, Overall size of cabinet, pole info, and any plate mount details. Measure front door glass VO. Take straight on photo of pylon sign and front door glass.  This is a pan face cabinet so we will most likely furnish a new flex face cabinet for this location.",scanned details to Kevin. (Mike),Survey needed,2024-12-20,2025-02-07,,,,,,,Sub,Sub-Installer,,No,,,,,,
J28946 / MORTON BUILDINGS,Morton - National,National In Process,,WK,DW,"Scottsbluff, NE",Scottsbluff NE NC Survey Survey Site,,Survey needed,2025-01-08,2025-02-26,,,,,,,Sub,Sub-Installer,,No,,,,,,
J28944 / MORTON BUILDINGS,Morton- Hold,Completed,,WK,DW,"Meadville, PA",Meadville PA NC Survey Survey Site.,,Survey needed,2025-01-08,2025-02-26,,,2025-03-20,,,,Sub,Sub-Installer,,No,,,,,,
J28941 / MORTON BUILDINGS,Morton- Hold,Completed,,WK,DW,"Caldwell, OH",Caldwell OH NC Survey Survey Site.,,Survey needed,2025-01-08,2025-02-26,,,2025-04-03,,,,Sub,Sub-Installer,,No,,,,,,
J28943 / MORTON BUILDINGS,Morton- Hold,Completed,,WK,DW,"Grafton, ND",Grafton ND NC Survey Survey Site.,,Survey needed,2025-01-08,2025-02-26,,,2025-03-20,,,,Sub,Sub-Installer,,No,,,,,,
J28942 / MORTON BUILDINGS,Morton- Hold,Completed,,WK,DW,"Kalkaska, MI",Kalkaska MI NC Survey Survey Site.,,Survey needed,2025-01-08,2025-02-26,,,2025-02-12,,,,Sub,Sub-Installer,,No,,,,,,
J30193 / MORTON BUILDINGS,Morton- Hold,Completed,,WK,DW,"Morgan, MN",Minnesota Farmfest NC Survey,,Survey needed,2025-03-19,2025-05-07,,,2025-04-01,,,,Sub,Sub-Installer,,No,,,,,,
J30300 / MORTON BUILDINGS,Morton- Hold,Completed,,WK,DW,"Mt. Pleasant, PA",Survey Pylon Sign.,,Survey needed,2025-03-26,2025-05-14,,,2025-05-08,,,,Sub,Sub-Installer,,No,,,,,,
J27956 / / LUMINOUS NEON LLC,LNI House Order,LNI House,,WK,LNI,Hutchinson,Labor and materials for removal and application of fleet truck vinyl at all locations.,need lines in order,Survey needed,2024-11-08,2024-12-27,,,,,,,HOUSE,HOUSE,,No,,,,,,
J28886 / LUMINOUS NEON LLC,LNI House Order,LNI House,,WK,LNI,Hutchinson,"Move racks, materials and truck equipment  Move racks, materials and truck equipment from warehouse 2 to warehouse 3.",https://docs.google.com/spreadsheets/d/1-o_YxY9mPsGBClExI8tXujx3jy4DMRIwfzxbTKEEkfw/edit?gid=541966195#gid=541966195,Survey needed,2025-01-03,2025-02-21,,,,,,,HOUSE,HOUSE,,No,,,,,,
J34187 / MERITRUST CREDIT UNION,Subcontracted,Sub In Process,,WK,CC,"Louisville, CO","New vinyl applications Louisville branch Furnish and install a new set of door hours and drive thru vinyl applications, along with an ""M"" wall graphic inside building. Reference design CC-J34187. Ship product to: DaVinci Sign Systems 4496 Bents Drive, Unit A Windsor, CO  80550",No door vinyl,Survey needed,2025-11-26,2026-01-14,,,,GREGORY,19214,RECEIVED,WK,Sub-Installer,2691.05,No,,,,,,
J34186 / MERITRUST CREDIT UNION,Subcontracted,Sub In Process,,WK,CC,"Louisville, CO","Interior Logo for Louisville Branch Furnish and install new set of 1/4"" thick routed aluminum letters with a black anodized finish for back of teller line in main lobby area. Letters to stud mount to wall in place of the existing sign. Proposal is based on existing sign being removed by others and wall repaired and painted prior to install of the new set of letters. Reference design CC-J34186. Product to Ship to:  DaVinci Sign Systems 4496 Bents Drive, Unit A Windsor, CO  80550",DaVinci Received 12/16/25,Survey needed,2025-11-26,2026-01-14,,,,GEMINI,19078,RECEIVED,WK,Sub-Installer,3383.89,No,,,,,,
J34094 / MERITRUST CREDIT UNION,Subcontracted,Sub In Process,,WK,CC,"Westminster, CO","Various Vinyl Applications Westminster 120th Remove existing door hours vinyl. Furnish and install a new set of door hour vinyl and two interior vinyl ""M"" wall graphics per design CC-J34094. Ship product to: DaVinci Sign Systems 4496 Bents Dr - Unit A Windsor, CO  80550",No door vinyl,Survey needed,2025-12-03,2026-01-21,,,,GREGORY,19214,RECEIVED,WK,Sub-Installer,3631.41,No,,,,,,
J34090 / MERITRUST CREDIT UNION,Subcontracted,Sub In Process,,WK,CC,"Westminster, CO","New illum letters for ATM machine Westminster 120th Furnish and install one set of 8"" (H), internally illuminated letters reading ATM that will be placed over the exterior ATM machine. Letters to have white trim less acrylic faces, and black returns. Driver will need to be mounted remotely behind the wall. 120V service to the driver will need to be provided by licensed electrician. Reference design CC-J34090. Ship product to: DaVinci Sign Systems 4496 Bents Dr - Unit A Windsor, CO  80550",Delivered 1/16 shipping to DaVinci Signs / https://www.ups.com/track?tracknum=1Z3V76E70320692517&loc=en_US&requester=ST/trackdetails,Survey needed,2025-12-03,2026-01-21,,,,GEMINI,19171,RECEIVED,WK,Sub-Installer,4910.37,No,,,,,,
J34089 / MERITRUST CREDIT UNION,Subcontracted,Sub In Process,,WK,CC,"Westminster, CO","New channel letters on wireways for Westminster 120th Remove the existing letter sets from the front and rear elevations, and replace with two new, internally illuminated channel letter sets mounted on wireways. Once existing wireways are down, seal any exposed mounting holes. Reference design CC-J34089. Wireways to be painted to match wall surface. Proposal subject to city approval. Permit fees to be invoiced as a separate line item on final billing.",Delivering to DaVinci,Survey needed,2025-12-03,2026-01-21,,,,AI Innovations,19329,SHIPPING,WK,Sub-Installer,20241.49,No,,,,,,
J34399 / MERITRUST CREDIT UNION,Subcontracted,Sub In Process,,WK,CC,"Erie, CO","Interior FCO logo for Erie branch Furnish and install a new set of 1/4"" thick, routed aluminum letters for interior wall. Letters to stud mount to wall, and will have a black anodized finish. Reference design CC-J34399. Proposal is based on the existing letters being removed by others, and wall repaired prior to install of the new letters. Have product shipped to: DaVinci Sign Systems 4496 Bents Drive, Unit A Windsor, CO  80550",DaVinci Received 1/7/26,Survey needed,2025-12-09,2026-01-27,,,,GEMINI,19174,RECEIVED,WK,Sub-Installer,3616.17,No,,,,,,
J34401 / MERITRUST CREDIT UNION,Subcontracted,Sub In Process,,WK,CC,"Erie, CO","Vinyl applications for Erie branch Furnish and install two large vinyl ""M"" logo graphic applications on interior walls per design CC-J34401. NOTE: The hours door vinyl shown on the sketch is not apart of this proposal and is to be supplied and installed by others. Ship to: DaVinci Sign Systems 4496 Bents Drive, Unit A Windsor, CO  80550 Mark package for job location",,Survey needed,2025-12-09,2026-01-27,,,,GREGORY,19214,RECEIVED,WK,Sub-Installer,2867.48,No,,,,,,
J34398 / MERITRUST CREDIT UNION,Subcontracted,Sub In Process,,WK,CC,"Erie, CO","Two sets of internally illuminated letter sets Erie Co Remove the two existing sets of building signs, disposed of off site, and seal exposed mounting holes. Furnish and install two sets of internally illuminated logo and letter sets per design CC-J34398. NOTE: The SM will be eliminated. Letters to be internally illuminated with trim capped faces decorated with translucent vinyl.. Drivers will install behind wall on each elevation. Proposal subject to local authority approval and securing permit.  Have product shipped to: DaVinci Sign Systems 4496 Bents Drive, Unit A Windsor, CO Have shipper label for job site location",off hold 4/14/26 / delivered to DaVinci 5/7/26,Survey needed,2025-12-09,2026-01-27,,,,AI Innovations,20002,RECEIVED,WK,Sub-Installer,23135.85,No,,,,,,
J34400 / MERITRUST CREDIT UNION,Subcontracted,Sub In Process,,WK,CC,"Erie, CO","New Alum Overlay onto existing P/P sign Erie branch Furnish and install a 2' (H) x 2' 4"" (W), painted flat aluminum overlay panel onto existing single faced post and panel directional sign. New overlay panel to be decorated with vinyl graphics, per design CC-J34400. Ship to: DaVinci Sign Systems 4496 Bents Drive, Unit A Windsor, CO  80550 *Mark package for job location",,Survey needed,2025-12-09,2026-01-27,,,,,,,WK,Sub-Installer,1302.27,No,Hutch,,,,,X
J34106 / MERITRUST CREDIT UNION,Subcontracted,Sub In Process,,WK,CC,"Centennial, CO","Interior FCO logo for Centennial Branch Furnish and install a new set of 1/4"" machine routed logo and letters for the interior teller wall. Reference design CC-J34106. Letters to stud mount flush to wall surface. Proposal is based on having the existing letters removed, and wall repairs done, prior to install of new letters. Label for job location and ship product to: DaVinci Sign Systems 4496 Bents Drive - Unit A Windsor, CO  80550",shipping to DaVinci Signs / https://www.ups.com/track?tracknum=1ZW3761R0320637603&loc=en_US&requester=ST/trackdetails,Survey needed,2025-12-16,2026-02-03,,,,GEMINI,19226,RECEIVED,WK,Sub-Installer,3675.45,No,,,,,,
J34934 / MERITRUST CREDIT UNION,Subcontracted,Sub In Process,,WK,CC,"Centennial, CO","Furnish two sets of internally illuminated channel letters for Centennial CO branch Remove the two existing sign cabinets from the exterior of the building and dispose of off-site. Fabricate and install two new sets of individually mounted, internally illuminated, channel letters with trim capped faces to replace existing cabinets. Drivers to install behind the walls. Permit to be secured and invoiced as a separate line item on final billing. Reference design CC-J34934.  Label for job location and ship product to: DaVinci Sign Systems 4496 Bents Drive - Unit A Windsor, CO  80550",released 3/9/26 customer permit waiver,Survey needed,2025-12-16,2026-02-03,,,,AI Innovations,19721,RECEIVED,WK,Sub-Installer,20763.82,No,,,,,,
J34108 / MERITRUST CREDIT UNION,Subcontracted,Sub In Process,,WK,CC,"Centennial, CO","New monument sign cabinet for Centennial branch Remove and dispose of the existing monument sign cabinet from brick base, and dispose of off site. Furnish and install one internally illuminated, double faced monument sign cabinet per design CC-J34108. Cabinet to be fabricated from all aluminum materials. Cabinet painted to match PMS 1797C red. Copy will be 1/2"" clear matte acrylic that will ""push-thru"" routed openings in faces, with a second surface diffuser film applied. Cabinet will install on top of a 2"" high reveal, that will be painted to match PMS 1C Gray. Permit to be secured and invoiced as a separate line item on final billing.  Label for job location and ship product to: DaVinci Sign Systems 4496 Bents Drive - Unit A Windsor, CO  80550",released 3/9/26 customer permit waiver,Survey needed,2025-12-16,2026-04-14,,,,,,,WK,Sub-Installer,19810.96,No,,Routing Complete,X,X,X,
J34406 / MERITRUST CREDIT UNION,Subcontracted,Sub In Process,,WK,CC,"Boulder, CO","Various vinyl applications Gunbarrel Boulder branch Furnish and install a new interior logo vinyl wall graphic and new vinyl copy on the exterior ATM header panel. Reference design CC-J34406. NOTE: Proposal doesn't include the door hours, as that is being handled by separate vendor. Label for job location and ship product to: DaVinci Sign Systems 4496 Bents Drive - Unit A Windsor, CO  80550",,Survey needed,2025-12-16,2026-02-03,,,,GREGORY,19214,RECEIVED,WK,Sub-Installer,2223.76,No,"Hutch,Outsourced",,,,,X
J34114 / MERITRUST CREDIT UNION,Subcontracted,Sub In Process,,WK,CC,"Centennial, CO","New ATM cabinet for Centennial branch Remove and dispose of the existing ATM sign cabinet from the end of the drive thru canopy. Furnish and install a new internally illuminated sign cabinet with white acrylic faces, decorated with translucent vinyl. Cabinet to be painted to match PMS 1797C red. Reference design CC-J34114. Permit, if required, will be secured and permitted on final invoice. Label for job location and ship product to: DaVinci Sign Systems 4496 Bents Drive - Unit A Windsor, CO  80550",released 3/9/26 customer permit waiver,Survey needed,2025-12-16,2026-04-14,,,,,,,WK,Sub-Installer,4167.84,Yes,Hutch,,X,X,X,X
J34405 / MERITRUST CREDIT UNION,Subcontracted,Sub In Process,,WK,CC,"Boulder, CO","Interior FCO logo for Gunbarrel Boulder branch Furnish and install a new set of 1/4"" thick routed aluminum logo and letters with a black anodized finish. Letters to stud mount to wall surface, per design CC-J34405. Proposal is based on the existing logo having been removed and wall repaired prior to the installation of new letters.  Label for job location and ship product to: DaVinci Sign Systems 4496 Bents Drive - Unit A Windsor, CO  80550",shipping to DaVinci Signs / https://www.ups.com/track?tracknum=1ZW3761R0320637685&loc=en_US&requester=ST/trackdetails,Survey needed,2025-12-16,2026-02-03,,,,GEMINI,19227,RECEIVED,WK,Sub-Installer,3964.26,No,,,,,,
J34112 / MERITRUST CREDIT UNION,Subcontracted,Sub In Process,,WK,CC,"Centennial, CO","Various vinyl graphics for Centennial branch Furnish and install one interior logo ""M"" digitally printed wall graphic, per design CC-J34112. NOTE: Proposal doesn't included the hours and suite vinyl graphics, as those items will be taken care of by another vendor. Proposal is based on the existing vinyl graphic, in the conference room is removed, and wall is repaired/painted, prior to install of new graphic. Label for job location and ship product to: DaVinci Sign Systems 4496 Bents Drive - Unit A Windsor, CO  80550",,Survey needed,2025-12-16,2026-02-03,,,,GREGORY,19214,RECEIVED,WK,Sub-Installer,1965.77,No,,,,,,X
J34008 / MERITRUST CREDIT UNION,Subcontracted,Sub In Process,,WK,CC,"Pueblo, CO","New Printed ACM panels to replace existing on monument and entrance Remove the existing ACM panels from the brick monument sign. Furnish and install two new 5' x 10'  ACM panels, with the Meritrust logo printed direct to material. Proposal also includes replacing the existing parking signs with new sign panels. Reference design CC-J34008. Permit, as required, will be invoiced as a separate line item on final billing.",,Survey needed,2025-12-16,2026-02-03,,,,GREGORY,19271,RECEIVED,WK,Sub-Installer,4257.96,No,,,,,X,X
"J34636 / MERITRUST CREDIT UNION (Arapahoe, Ave)",Subcontracted,Sub In Process,,WK,CC,"Boulder, CO","Furnish an install one set of 1/4"" thick, machine routed aluminum letters (logo), with a black anodized finish for interior lobby wall. Reference design CC-J34636. Letters to stud mount to wall.",Delivered 1/27 /shipping to Davinci Signs https://www.ups.com/track?tracknum=1ZW3761R0320639709&loc=en_US&requester=ST/trackdetails,Survey needed,2025-12-26,2026-02-13,,,,GEMINI,19278,RECEIVED,WK,Sub-Installer,,No,,,,,,
J34826 / MERITRUST CREDIT UNION,Subcontracted,Sub In Process,,WK,CC,"Broomfield, CO","Furnish and install a new set of 1/4"" thick, machine routed aluminum letters for interior wall of corporate building. Letters to have a black anodized finish, and will stud mount to wall, per design CC-J34826. Proposal is based on the existing letters removed and wall repaired prior to new letters being installed.",Delivered 1/16 shipping to Davinci Signs https://www.ups.com/track?tracknum=1ZW3761R0320639012&loc=en_US&requester=ST/trackdetails,Survey needed,2025-12-26,2026-02-13,,,,GEMINI,19277,RECEIVED,WK,Sub-Installer,,No,,,,,,
J34634 / MERITRUST CREDIT UNION,Subcontracted,Sub In Process,,WK,CC,"Boulder, CO","Furnish and install one set of internally illuminated, trim less channel letters reading ATM. Faces will be white acrylic with black returns and installed above the exterior ATM. Drivers will need to install behind that wall, and accessible. 120V service to the drivers to be provided and hooked up by licensed electrician. Reference design CC-J34634.",off hold 4/14/26,Survey needed,2025-12-26,2026-02-13,,,,GEMINI,20078,RECEIVED,WK,Sub-Installer,,No,,,,,,
J34725 / MERITRUST CREDIT UNION,Subcontracted,Sub In Process,,WK,CC,"Boulder, CO","Interior Logo for 5360 Arapahoe branch Furnish and install one set of 1/4"" thick, machine routed aluminum letters and logo with a black anodized. Letters to install pin mounted on interior east wall of lobby. Reference design CC-J34725. Ship product to: DaVinci Sign Systems 4496 Bents Drive - Unit A Windsor, CO  80550",Delivering 1/29 / https://www.ups.com/track?tracknum=1ZV6X8310320290725&loc=en_US&requester=ST/trackdetails,Survey needed,2026-01-12,2026-03-02,,,,GEMINI,19366,RECEIVED,WK,Sub-Installer,3296.92,No,,,,,,
J34821 / MERITRUST CREDIT UNION,Subcontracted,Sub In Process,,WK,CC,"Westminster, CO","New interior Meritrust inteior FCO logo Westminster Federal Blvd Furnish and install one interior set of machine routed, 1/4"" thick aluminum letters with a black anodized finish. New letters to be stud mounted to wall per design CC-J34821. Proposal is based on the existing logo removed and wall repaired/painted prior to new set being installed. Ship product to: DaVinci Sign Systems 4496 Bents Drive - Unit A Windsor, CO  80550",Delivering 1/30 / https://www.ups.com/track?tracknum=1ZW3761R0320642866&loc=en_US&requester=ST/trackdetails,Survey needed,2026-01-12,2026-03-02,,,,GEMINI,19368,RECEIVED,WK,Sub-Installer,3412.75,No,,,,,,
J34824 / MERITRUST CREDIT UNION,Subcontracted,Sub In Process,,WK,CC,"Westminster, CO","New exterior signs for Westminster Federal Blvd Remove and dispose of the existing wall signs from the south and west elevations, and dispose of off site. Furnish and install two new sets of internally illuminated channel letter signs for the south and west elevations, per design CC-J34824. Returns and trim cap to match face color, which will be translucent vinyl matching PMS 1797C Red, applied to white acrylic faces. Drivers to be located behind the walls and above drop ceiling. Permit to be secured and invoiced as a separate line item on final invoice. Ship product to: DaVinci Sign Systems 4496 Bents Drive - Unit A Windsor, CO  80550",,Survey needed,2026-01-12,2026-03-02,,,,AI Innovations,19651,RECEIVED,WK,Sub-Installer,27645.98,No,,,,,,
J34058 / MERITRUST CREDIT UNION,Subcontracted,Sub In Process,,WK,CC,"Aravada, CO","Furnish and install tenant face in Arvada 52nd Ave Pylon Furnish and install new tenant panel graphic on existing multi-tenant pylon sign. New graphics to be translucent with weeded copy. Reference design CC-J34058. Ship to: DaVinci Sign Systems 4496 Bents Dr - Unit A Windsor, CO  80550",,Survey needed,2026-01-28,2026-03-20,,,,,,,WK,Sub-Installer,1357.88,No,Hutch,,,,,X
J34059 / MERITRUST CREDIT UNION,Subcontracted,Sub In Process,,WK,CC,"Aravada, CO","Furnish and install 1/4"" FCO interior logo for Arvada 52nd Ave branchlogo  Furnish and install one set of 1/4"" thick, routed aluminum letters that will stud mount flush to interior wall surface. Letters will have a black anodized finish. Reference design CC-J34059. NOTE: The SM will be eliminated and not installed. Ship product to: DaVinci Sign Systems 4496 Bents Drive - Unit A Windsor, CO  80550",Delivering 2/9 / Shipping to DaVinci https://www.ups.com/track?tracknum=1ZW3761R0320645265&loc=en_US&requester=ST/trackdetails,Survey needed,2026-01-28,2026-03-18,,,,GEMINI,19474,RECEIVED,WK,Sub-Installer,3640.42,No,,,,,,
J34081 / MERITRUST CREDIT UNION,Subcontracted,Sub In Process,,WK,CC,"Aravada, CO","Furnish and install various vinyl applications at Arvada 52nd branch Furnish and install three (3), interior ""M"" logo vinyl wall graphics onto three office walls. Logos to be white. Reference design CC-J34081. Note: Proposal does not include door hours, as those will be taken care of by separate vendor. Product to ship to: DaVinci Signs Systems 4496 Bents Drive - Unit A Windsor, CO  80550",shipping to DaVinci Signs,Survey needed,2026-01-28,2026-03-18,,,,GREGORY,19496,RECEIVED,WK,Sub-Installer,2987.73,No,,,,,,
J35525 / MERITRUST CREDIT UNION,Subcontracted,Sub In Process,,WK,CC,"Estes Park, CO","New Interior logo for Estes Park Meritrust Furnish and install a new set of 1/4"" thick, routed aluminum letters, with a black anodized finish, to be installed on wood slat wall in lobby area. Letters to stud mount to wall. Reference design CC-J35525. Have product shipped to: DaVinci Sign Systems 4496 Bents Drive - Unit A Windsor, CO  80550",,Survey needed,2026-02-03,2026-03-24,,,,GEMINI,19511,RECEIVED,WK,Sub-Installer,3726.41,No,,,,,,
J35526 / MERITRUST CREDIT UNION,Subcontracted,Sub In Process,,WK,CC,"Estes Park, CO","Furnish new tenant panels in two monument signs in Estes Park Produce and install a total of three tenant faces for the two existing multi-tenant sign cabinets on the property. New faces will be 3/16"" white acrylic, decorated with translucent vinyl to match development standards. Copy to be weeded to expose white acrylic. Reference design CC-J35526. Permit - if required, will be secured and invoiced as separate line item on final billing. Have product shipped to: DaVinci Sign Systems 4496 Bents Drive - Unit A Windsor, CO  80550",,Survey needed,2026-02-03,2026-03-27,,,,,,,WK,Sub-Installer,2955.76,No,Hutch,,,,,X
J35308 / MERITRUST CREDIT UNION,Subcontracted,Sub In Process,,WK,CC,"Firestone, CO","New Directional sign for Firestone CO branch Remove the existing directional panel and post. Dispose of off site. Fabricate and install a new, post and panel directional sign with vinyl copy applied, based on design CC-J35308. New sign to be installed in same position as existing.  Ship to DaVinci Sign Systems: 4496 Bents Dr - Unit A Windsor, CO  80550",,Survey needed,2026-02-13,2026-04-03,,,,,,,WK,Sub-Installer,3577.18,No,,,X,,X,X
J36151 / THRIVE RESTAURANT GROUP - Carlos O'Kelley's,Subcontracted,Sub In Process,,WK,DW,"Cedar Falls, IA","Cedar Falls Sign Install Pick up (2) existing illuminated cabinets from Cedar Rapids location, clean up cabinets and reinstall at Cedar Falls location Customer responsible for getting electrical service to sign location.  CONTACT: Tom Garland  NESPER SIGN ADVERTISING, INC. 4620 J. St. SW Cedar Rapids, IA 52404-4928 (319) 366 - 5312",,Survey needed,2026-02-25,2026-04-15,,,,,,,Sub,Sub-Installer,4655,No,,,,,,
J35708 / MERITRUST CREDIT UNION,Subcontracted,Sub In Process,,WK,CC,"Westminster, CO","New 1/4"" FCO logo for Meritrust Westminster 120 Interior Furnish and install a new set of 1/4"" machine routed logo and letters for the interior teller wall. Reference design CC-J35708. Letters to stud mount flush to wall surface. Letters to have a black anodized finish. Proposal is based on having the existing letters removed, and wall repairs done, prior to install of new letters.",Delivered 3/16,Survey needed,2026-03-02,2026-04-20,,,,GEMINI,19685,RECEIVED,WK,Sub-Installer,4066.32,No,,,,,,
J34057 / MERITRUST CREDIT UNION,Subcontracted,Sub In Process,,WK,CC,"Arvada, CO","Furnish and install two sets of internally illum channel letters for Arvada 52nd Ave Remove the existing set of letters from the front and rear elevations and dispose of off-site. Furnish and install two new sets of internally illuminated, trim less channel letters, fabricated at a depth of 3"". White acrylic faces decorated with translucent vinyl to match PMS 1797C red. Returns to be painted black. LED drivers to mount remotely behind each wall. Proposal includes after hours labor rate for installation, per LL policy. Reference design CC-J34057. Permit to be secured and invoiced as a separate line item on final billing. Label Product for site location and ship to: DaVinci Sign Systems 4496 Bents Dr - Unit A Windsor, CO  80550",,Survey needed,2026-03-09,2026-04-27,,,,AI Innovations,19800,RECEIVED,WK,Sub-Installer,28609.78,No,,,,,,
J34061 / MERITRUST CREDIT UNION,Subcontracted,Sub In Process,,WK,CC,"Arvada, CO","Furnish and install illum ATM letters above exterior ATM in wall at Arvada 52nd branch Furnish and install a set of internally illuminated, face-lit, edge lit, channel letters reading ATM that will be placed on black wall above the exterior ATM machine. Reference design J34061. Returns to be black, with white acrylic faces. Note: Letters to be fabricated with trim less faces, per LL standards. LED driver will need to install behind the wall. 120V service to the driver by others. Label product for job site location and have sent to: DaVinci Sign Systems 4494 Bents Dr. - Unit A Windsor, CO  80550",,Survey needed,2026-03-09,2026-04-27,,,,GEMINI,19798,RECEIVED,WK,Sub-Installer,4935.39,No,,,,,,
J36775 / MORTON BUILDINGS,Subcontracted,Sub In Process,,WK,DW,"Onawa, IA",Onawa Storm Damage Survey Survey sign from wind damage to determine repairs needed.,,Survey needed,2026-03-16,2026-05-04,,,,,,,WK,Sub-Installer,,No,,,,,,
J36956 / MORTON BUILDINGS,Subcontracted,Sub In Process,,WK,DW,"Decatur, TX",Decatur TX Debrand  Remove existing single face non-illuminated pan sign and ship back to Morton Corporate. Shipping cost not included in proposal. Will be billed on final invoice.,,Survey needed,2026-04-01,2026-05-20,,,,,,,Sub,Sub-Installer,3009,No,,,,,,
J37602 / FIRST NATIONAL BANK,Subcontracted,In Process,,WK,AS,"Westcliffe, CO","Furnish and install (1) 4x8 single sided aluminum temporary site sign install at future home of First National Bank in Westcliffe Co.  Sign to install on 2 unpainted 4x4 wood posts.  Customer to pay all local sales tax direct to proper taxing authorities. Permit cost, if required, to be added to final invoice",Give to Megan,,2026-05-21,2026-07-09,,,,BSC,20264,ORDERED,Sub,Sub-Installer,4988.26,No,,,,,,
