jobNumber,jobName,sales,location,region,description,priority,currentStatus,jobNotes,readyForInstall,orderDate,mfgTarget,mfgTargetModified,installTarget,scheduledInstall,dateInstalled,dateToAdmin,vendor,poNumber,vendorStatus,mfgRegion,installRegion,ulSign,value,totalHrsMfg,totalHrsInstall,dip,vinylDueDate,sketchFile,process,isActive,dept_graphics,dept_routingType,dept_metal,dept_assembly,dept_plexApplication,dept_vinyl
J26606,EQUITY BANK,DW,"Pea Ridge, AR",WK,"Fabricate and install 1 set of 3/8"" acrylic thick flat cut out letter flush mounted to interior sheetrock wall. SHIP TO: Sign Designs - Chris Meeks 1720 W. 7TH ST. JOPLIN MO 64801 417-624-8688 chris@sign-designs.com",,Complete to Admin,Shipped to install subcontractor,Survey needed,2024-12-31,2025-02-18,,2025-02-24,,,2025-04-24,"GEMINI,GREGORY",16939 / 16930,RECEIVED,WK,Sub-Installer,False,2807.06,,0.0,524.0,,document - 2025-01-02T071632.010.pdf,Completed,False,"Outsourced,Hutch",,,,done,done
J29422,Salon Aspire,DW,Wichita,WK,"We did not produce these tenant panels. Appears to be made out of ACM. Survey both tenant panels. Please get VO, cut size, retainer size, and info needed to replace graphics. Is acrylic glued to back or stud mounted? Will we need all new panels and acrylic or can panels be reused? Are panels aluminum or prepainted ACM?",,Complete to Admin,gave survey info to Adam/scan to Ray for survey info.,Survey needed,2025-02-12,2025-04-02,,2025-04-08,,2025-06-04,2025-09-25,,,,WK,WK,False,,0.0,0.0,481.0,,"South Face 2.jpg, South Face.jpg",Completed,False,,,,,,
J26556,EQUITY BANK,DW,"Pea Ridge, AR",WK,Fabricate and install 1 banner grip system and 1 digitally printed banner to brick wall. SHIP TO: SIGN DESIGNS Attn Chris Meeks V19160 1720 W. 7TH ST. JOPLIN MO 64801 417-624-8688 chris@sign-designs.com,,Complete to Admin,banner frame here 3/4/25,Survey needed,2025-02-25,2025-04-15,,2025-04-21,,,2025-04-24,"Alpina Mfg.,INDEPENDENT'S",17263  17264,RECEIVED,WK,Sub-Installer,False,2834.53,0.0,0.0,468.0,,J26556 Equity Bank_Banner Grip System.pdf,Completed,False,,,,,,
J30070,Idaho First Bank,DW,"Boise, ID",WK,Survey Site,,Complete to Admin,,Survey needed,2025-03-13,2025-05-01,,2025-05-07,,2026-01-29,2026-01-30,,,,Sub,Sub-Installer,False,,0.0,0.0,452.0,,,Completed,False,,,,,,
J30595,BUSEY BANK (CROSSFIRST BANK),CC,"Tulsa, OK",WK,Additonal labor rate to install Tulsa Busey Signage Additional labor costs to perform installs over the weekend at the Tulsa branch.,,Complete to Admin,Cancel per CC,Survey needed,2025-04-28,2025-06-16,,2025-06-22,,,,,,,WK,WK,False,9938.63,0.0,0.0,406.0,,,Completed,False,,,,,,
J30594,BUSEY BANK (CROSSFIRST BANK),CC,OKC,WK,Overtime rates to install OK city Busey signage Additional labor costs to perform installs over the weekend at the Oklahoma City branch.,,Complete to Admin,Cancel per CC,Survey needed,2025-04-28,2025-06-16,,2025-06-22,,,,,,,WK,WK,False,5682.75,0.0,0.0,406.0,,,Completed,False,,,,,,
J30593,BUSEY BANK (CROSSFIRST BANK),CC,Wichita,WK,"Adjust labor on jobs to weekend rates Additional labor costs for installing new signage over the weekend at the Wichita, KS branch.",,Complete to Admin,Cancel per CC,Survey needed,2025-04-28,2025-06-16,,2025-06-22,,,,,,,WK,WK,False,4026.0,0.0,0.0,406.0,,,Completed,False,,,,,,
J29256,MCP GROUP - Salina Fire Station #4,"TN,DP",Salina,WK,"Salina Fire Station #4 - Dimensional Letters SCOPE OF WORK: Produce and Install New Halo/Reverse Lighted Channel letters - Qty: 1 Set – “4” - Sign Type: Halo/Reverse Lighted Channel letters - Size: 7’-0” x 4’-10 5/16” - Mounting Type: 1-1/2” Stand Offs ROUTING - Backer Material: .177” Clear Plex - Face Material: .125” Mil Aluminum 5052 FABRICATION - Return Size: 3” - Return Material: .080 Aluminum PAINT - Return Color: Satin Aluminum VINYL & GRAPHICS - Artwork: If needed (Most are only painted) - Vinyl Color: - Paper Install Pattern ASSEMBLY - Lighting: 24V White LED SCOPE OF WORK: Produce and Install New I/I Channel letters w/ trim cap faces - Qty: 2 Set – “Fire Station 4” 2 Set – “Salina Fire Station No. 4” 2 Set – “2600” - Sign Type: Standard front lighted channel letters - Size: Fire Station 4 – 1’-0” tall; Salina Fire Station No. 4 – 2’-6” tall; 2600 – 8” tall - Mounting Type: 1 ½” Stand Offs ROUTING - Backer Material: 3mm ACM (Outsource Standard) or .090 Mil Aluminum (Lumineo Built Standard) - Face Material: .177 White Plex FABRICATION - Return Size: 1 ½” (Standard) - Return Material: .040 Aluminum (Outsource Standard) or .090-.080 Aluminum (Lumineo Built Standard) PAINT - Return Color: Satin Aluminum VINYL & GRAPHICS - Artwork: NA - Vinyl Color: NA - Paper Install Pattern ASSEMBLY - Lighting: 24V White LED - Trim Cap Size: NA - Trim Cap Color: NA 2' 4"" Back-lit Prefinished Aluminum Signage - ""4""",,Complete to Admin,End of March Install,Survey needed,2025-08-25,2025-10-13,2026-04-10,2025-10-19,,2026-06-05,2026-06-08,GEMINI,18477 / 18481,RECEIVED,WK,WK,False,29168.55,,0.0,287.0,2026-03-26,document - 2025-08-28T111933.862.pdf,In Process,True,,Routing Complete,done,done,,done
J30590,EQUITY BANK,DW,Neodesha,WK,"Neodesha Banner Grip Fabricate and install (1 )3'6""x10' banner grip frame and digitally printed vinyl banner.",,Complete to Admin,,Survey needed,2025-05-20,2025-07-08,,2025-07-14,,2025-06-12,2025-06-24,INDEPENDENT'S,17857,RECEIVED,WK,WK,False,2797.03,0.0,0.0,384.0,,J30590 Equity Bank_Banner Grip System.pdf,Completed,False,,,,,,
J32549,Idaho First Bank,DW,"Nampa, ID",WK,"Nampa Survey Survey site for new signage. Lytle Signs Inc - See Notes for scope 2070 E Commercial St, Meridian, ID 83642 Tom Mikesell - tom.mikesell@lytlesigns.com - 1-208-733-1739 - http://lytlesigns.com/ Location: IDAHO FIRST BANK 343 Caldwell Blvd, Nampa, ID 83651 (208) 854-8180",,Complete to Admin,,Survey needed,2025-07-25,2025-09-12,,2025-09-18,,2026-01-29,2026-01-30,,,,Sub,Sub-Installer,False,,0.0,0.0,318.0,,,Completed,False,,,,,,
J32271,EQUITY BANK,DW,Great Bend,WK,Great Bend Inwall Surround Fabricate and install 1 painted aluminum pan sign surround to existing inwall ITM unit.,,Complete to Admin,,Survey needed,2025-09-26,2025-11-14,2026-04-10,2025-11-20,,2026-04-14,2026-04-16,,,,WK,WK,False,2752.46,,0.0,255.0,2026-03-26,J32271 Equity Bank_ITM Surround.pdf,Completed,False,"Hutch,Outsourced",Routing Complete,done,,done,done
J33515,MERITRUST CREDIT UNION,CC,Wichita,WK,"Populate the ""eritrust"" letters on the west and south elevations of Meritrust corporate building Furnish labor and materials to add additional LEDs to the ""eritrust"" channel letters for the south and west elevation of the corporate building while staging is set up. New LEDs to be grouped to a new secondary whip into the building for future use when/if required.",RED DATE,Complete to Admin,April 15,Survey needed,2025-09-29,2025-11-17,,2025-11-23,,2026-04-24,2026-04-28,,,,WK,WK,False,7662.87,0.0,0.0,252.0,,CC-J33348 New Logo for Existing Letter Sets.pdf,Completed,False,,,,,,
J33783,SOUTHWEST LIVESTOCK AUCTION LLC,NH,Dodge City,WK,"interior ACM panels INTERIOR SIGN PANELS: Furnish and install (5) aluminum composite sign panels of various sizes (pre-painted black, applied white/red/orange vinyl graphics). Remove and dispose of the existing sign panels. Mount the new panels as shown. **Two main signs include decorative stainless steel caps/2"" spacers, one secondary sign includes 2"" spacers with standard painted black fasteners, and the other two mount flush, with standard painted black fasteners. *CUSTOMER TO PAINT THE WALLS PRIOR TO OUR INSTALLATIONS.",,Complete to Admin,,Survey needed,2025-10-20,2025-12-08,2025-11-04,2025-12-14,,2026-05-18,2026-05-26,MBS Stand-offs,cc,SHIPPING,WK,WK,False,2670.58,,0.0,231.0,2025-10-20,J33783 SOUTHWEST LIVESTOCK AUCTION LLC.pdf,Completed,False,Hutch,,,,done,done
J34723,HUTCHINSON REGIONAL MED.CENTER,AS,Hutchinson,WK,"T/M: H not lighting well T/M: Customer reports H is still having issues, please diagnose and fix so it matches the remaining of the letters.",,Complete to Admin,Close out order,Survey needed,2025-11-13,2026-01-01,,2026-01-07,,,2026-05-27,,,,WK,WK,False,,0.0,0.0,207.0,,IMG_3716.jpeg,Service Complete,False,,,,,,
J34145,MERITRUST CREDIT UNION,CC,"Longmont, CO",WK,Remove wall signs for Longmont Main St Branch Remove and dispose of the wall sign over entrance and the one on the south elevation. Seal holes and cap electrical service. The ATM cabinet over the entrance will remain in place.,,Complete to Admin,Order in Adam's office,Survey needed,2025-12-03,2026-01-21,,2026-01-27,,,2026-06-04,,,,Sub,Sub-Installer,False,1899.72,0.0,0.0,187.0,,,Complete Need Paperwork,False,,,,,,
J35200,EQUITY BANK,DW,Pittsburg,WK,Pittsburg Sign Overlay No Charge Fabricate and install (1) 39 1/8” x 39 1/8” aluminum overlay painted black and installed on existing pan sign face currently in Hutchinson shop. Reinstall face at Equity Pittsburg location.,,Complete to Admin,,Survey needed,2025-12-18,2026-02-05,,2026-02-11,,2026-03-18,2026-03-23,GREGORY,19259,RECEIVED,WK,WK,False,,,0.0,172.0,,J35200 Equity Bank_Pan Sign.pdf,Completed,False,Hutch,,done,,done,
J34835,Iron Insurance Partners,DP,Scott City,WK,"Furnish and install (1) 3' x 2' x 2"" non illuminated pan sign. Sign to have white face and returns Furnish and install (1) 3' x 2' x 2"" non illuminated pan sign. Sign to have white face and returns with applied customer graphic. Sign will install area to the left of the door at front entrance. Furnish and install (1) set of white window vinyl of customer logo, address and hours.",,Complete to Admin,,Survey needed,2025-12-19,2026-02-06,,2026-02-12,,2026-03-12,2026-03-23,GREGORY,19266,RECEIVED,WK,WK,False,2103.45,,0.0,171.0,,J34835 Iron Inurance Partners_pan sign and vinyl.pdf,Completed,False,"Hutch,Outsourced",,done,,done,done
J34897,Iron Insurance Partners,DP,Scott City,WK,N/I pan wall sign - Side elevation Furnish and install (1) 4' x 10' non-illuminated aluminum pan wall sign. Sign to be painted white with applied graphics. Sign will install area in upper NE corner/side elevation.,,Complete to Admin,,Survey needed,2025-12-19,2026-02-06,,2026-02-12,,2026-03-12,2026-04-24,GREGORY,19266,RECEIVED,WK,WK,False,3044.54,,0.0,171.0,,J34897 Iron Insurance Partners_pan sign.pdf,Completed,False,Hutch,,done,,done,done
J28373,AMERICAN AG CREDIT,DP,Wichita,WK,"Refurb mini directional_East entrance Remove mini pylon directional sign from East entrance landscaping near front door. Bring to shop. Sand, prime and repaint to new brand standards (PMS 370 Green, PMS Cool Gray 11, white). Apply corporate logo and directional information as vinyl graphic . Re-install in same location. Any needed sign permit cost to be added onto final invoice.",,Complete to Admin,,Survey needed,2026-01-19,2026-03-09,2026-04-03,2026-03-15,,2026-04-10,2026-04-16,GREGORY,19424,RECEIVED,WK,WK,False,2402.11,,0.0,140.0,2026-03-19,J28373 American Ag Credit_Refurb NI freestanding directional.pdf,Completed,False,"Hutch,Outsourced",,,done,done,done
J35246,Hutton Salina - ONEOK,DP,Bushton,WK,"ONEOK, INC. - BUSHTON NEW OFFICE FACILITY - HUTTON CONSTRUCTION - ADDITIONAL SIGN EXTERIOR: (INTERNALLY ILLUMINATED WITH PERFORATED DIGITAL PRINT) - 4'-10 5/8"" X 4'-11.25"" BRAND DIAMOND - 2'-8"" X 10'-3 1/4"" ""ONEOK"" - MATCH BRAND STANDARDS ON COLORS - RETURNS AND TRIM CAP TO BE WHITE Installs on Side Elevation",,Complete to Admin,replacement faces ordered from SH,Survey needed,2026-01-26,2026-03-16,,2026-03-22,,2026-05-19,2026-06-04,SIGN HOUSE,19468 / 20058,ORDERED,WK,WK,False,6636.4,0.0,0.0,133.0,,KS.pdf,Completed,False,,,,,,
J34285,Hutton Salina - ONEOK,DP,Bushton,WK,"ONEOK, INC. - BUSHTON NEW OFFICE FACILITY - HUTTON CONSTRUCTION EXTERIOR: (INTERNALLY ILLUMINATED WITH PERFORATED DIGITAL PRINT) - 6'-0"" X 6'-0"" BRAND DIAMOND - 4'-0"" X 12'-6"" ""ONEOK"" - MATCH BRAND STANDARDS ON COLORS - RETURNS AND TRIM CAP TO BE WHITE *Will mount on Front Elevation",,Complete to Admin,,Survey needed,2026-01-26,2026-03-16,,2026-03-22,,2026-04-20,2026-06-04,SIGN HOUSE,19467,RECEIVED,WK,WK,False,8474.9,0.0,0.0,133.0,,KS.pdf,Completed,False,,,,,,
J36085,FIDELITY BANK,CC,Tulsa,WK,"Service the letter N in Bank on north elevation of Utica building Repair the lighting in the letter ""N"" in Bank on the north elevation of building. Send photos of letter all lighting properly to Chuck Carson at ccarson@lumineosigns.com",,Complete to Admin,,Survey needed,2026-02-12,2026-04-02,,2026-04-08,,,,,19562,,Sub,Sub-Installer,False,,0.0,0.0,116.0,,,Service Complete,False,,,,,,
J32411,Community National Bank and Trust,CC,Hutchinson,WK,"Furnish and install two directional signs for Hutchinson branch Furnish and install two, single faced, non-illuminated post and panel type directional signs. Chuck to flag locations for One Call and placement",,Complete to Admin,,Survey needed,2026-02-24,2026-04-14,2026-04-09,2026-04-20,,2026-05-14,2026-05-18,,,,WK,WK,False,6345.58,,0.0,104.0,2026-03-25,J32411 Community National Bank and trust_Directional Signs.pdf,Completed,False,Hutch,,done,,done,done
J36250,MILLER'S OF CLAFLIN,DD,Great Bend,WK,Vinyl Wrap per contract We own customer a vinyl wrap per their contract. Furnish & Install new vinyl wrap. Install on the right side board.,,Complete to Admin,,Survey needed,2026-03-02,2026-04-20,,2026-04-26,,2026-03-27,2026-04-07,INDEPENDENT'S,19684,RECEIVED,WK,WK,False,,0.0,0.0,98.0,,J36250 Millers of Claflin_ 11x24 vinyl wrap.pdf,Completed,False,,,,,,
J34933,CENTRAL NATIONAL BANK,VB,Manhattan,WK,"Central National Bank Manhattan refurbish pole sign including message center option 4 At Central National Bank's 1403 College Ave branch in Manhattan, option 4: 1) check in/out with branch manager Doug Haverkamp 2) survey signs, including the main pylon sign 3) coordinate schedules with the bank, the assistance of a shielded bucket truck and Luminous Neon’s Hutchinson shop 4) remove the logo cabinets to refurbish the logo cabinet and replace the time & temperature with it being gone approximately three weeks 5) provide and install two 3’ x 8’ digitally printed banners with Central National Bank’s logo to be there while the cabinets are gone, take temporary completion photos 6) remove neon and fluorescent components 7) repaint the logo cabinet PMS 288 blue, paint reveals to match limestone 8) remove peeling white vinyl on push-thru letters and overlay new white translucent vinyl 9) provide and install new blue Flexi-Brite LED strips and power supplies for former neon accents 10) remove & scrap existing time & temperature unit 11) provide and install a new 2’5” x 7’3” 8mm full-color Watchfire message center to replace the existing time & temperature, including broadband wireless communications with filler panels painted to match the limestone 12) for the inset ATM cabinets, replace both faces to read ATM • ITM with reverse 3630-157 Sultan blue vinyl, paint retainers/cabinets PMS 288 blue 13) provide and install new white LED Kwik Stiks/LED pods and power supplies in the logo cabinet and ATM cabinets 14) reinstall cabinets and remove banners 15) take completion photos Drawing VB-J34933 NOTES: If needed, primary power by others. Logo cabinet & ATM • ITM cabinets require a separate circuit(s); message center requires 120 volt, 30 amp, single phase service, 15 amps per face, with circuits to be hot 24 hours a day.",,Complete to Admin,,Survey needed,2026-03-05,2026-04-23,2026-05-15,2026-04-29,,2026-05-18,2026-05-22,,,,WK,NEK,False,75805.0,,0.0,95.0,2026-04-30,J34933 CNB_Monument Sign.pdf,Completed,False,Hutch,,done,done,done,done
J36314,KS STATEBANK,DW,Manhattan,WK,Poynts Trim Cap Face Replacement Remove and discard faces from existing channel letter set. Fabricate and install new trim cap faces with perforated vinyl graphics. Survey required.,RED DATE,Complete to Admin,Check LEDs,Survey needed,2026-03-11,2026-04-29,2026-05-28,2026-05-05,,2026-05-29,2026-06-04,,,,WK,WK,False,3677.03,,0.0,89.0,2026-05-13,J36314 KS State Bank_Face Replacement (1).pdf,Completed,False,Outsourced,,,in_progress,in_progress,
J36416,HUTCHINSON REGIONAL MED.CENTER,AS,Arlington,WK,"FCO letters on rails Furnish and install (1) set of non-illuminated FCOs on a rail system, FCOs on rails to consist of letters ""Reno County EMS” at the top and HRMC logo element with EMS logo in the middle, FCOs to be 1/2” thick and painted white Install centered in space between door and window. Bottom of logo to be 7' AGL (height of the top of the door).",,Complete to Admin,"need to paint rails to match blue, AS has color details",Survey needed,2026-03-12,2026-04-30,2026-05-30,2026-05-06,,2026-06-01,2026-06-04,GEMINI,19802,RECEIVED,WK,WK,False,5664.09,,0.0,88.0,2026-05-15,J36416 Reno Co. EMC (Arlington).pdf,Completed,False,,,,done,,
J25219,CENTRAL NATIONAL BANK,VB,Manhattan,WK,"Central National Bank Manhattan (College) replace ATM letters with lighted cabinet At Central National Bank's College Ave branch in Manhattan: 1) remove & scrap existing ATM letters 2) provide and install a new 18"" x 6' single-sided ATM • ITM cabinet, with white LED illumination, painted PMS 288 blue with reverse 3630-157 Sultan blue vinyl graphics 3) take completion photos Drawing VB-J25219",,Complete to Admin,,Survey needed,2026-03-19,2026-05-07,,2026-05-13,,2026-05-18,2026-05-22,,,,WK,NEK,False,3800.0,,0.0,81.0,,J25219 CNB_Building Sign.pdf,Completed,False,Lawrence,,done,done,,
J35594,Cooper Tire,AS,Hutchinson,WK,NC - Asphalt repair after install NC - Asphalt repair area around base pole after recent install Schedule when weather is appropriate.,,Complete to Admin,,Survey needed,2026-03-19,2026-05-07,,2026-05-13,,2026-06-03,2026-06-04,,,,WK,WK,False,,0.0,0.0,81.0,,,Completed,False,,,,,,
J34578,CRE Development Strategies - Jimmy's Egg,CC,Wichita,WK,"Replace Eggman Trim Capped Face Central and Tyler Furnish, labor, materials and equipment to install a new trim capped, acrylic face for the Eggman logo. New face covered with a digitally printed vinyl graphic. Face to be secured with new black trim cap. Please schedule survey as soon as possible so we can determine exact size of trim cap face. Once size is determined, we can get a properly scaled logo sketch created.",,Complete to Admin,Pattern for replacement,Survey needed,2026-03-24,2026-05-12,2026-06-04,2026-05-18,,2026-06-05,2026-06-08,GREGORY,20017,RECEIVED,WK,WK,False,1267.4,,0.0,76.0,2026-05-20,Storefront.jpg,In Process,True,Outsourced,,,done,done,
J35663,Leiker Smiles Dental,DP,Hays,WK,"SF II Flex Face Cabinet Furnish and install (1) single face internally illuminated full bleed flex face cabinet. Cabinet have rounded contour shaped corners. Cabinet to be painted black. Flex face to have customer logo. Pantone Green 5535, and Pantone Pink 702.",RED DATE,Complete to Admin,,Survey needed,2026-03-24,2026-05-12,2026-05-26,2026-05-18,,2026-05-27,2026-06-01,excellart,19935,RECEIVED,WK,WK,False,10639.27,,0.0,76.0,2026-05-11,J35663 Leiker Smiles Dental_SF II flex face.pdf,Completed,False,Outsourced,,done,done,,
J35225,Leiker Smiles Dental,DP,Hays,WK,"New Plex Replacement Faces & Refurb Remove existing sign, move to Lumineo Plant. Sand and repaint all finishes with Pantone Green 5535. Furnish and install LED lighting in cabinet. Furnish and install 3'h x 9'w (2) white plex faces with digitally printed applied vinyl graphics. Copy to be ""Leiker SMILES"". Pantone Green 5535, and Pantone Pink 702. Reinstall at same location. ** Not included in proposal is primary electrical service to display and final electrical connection. ** No permit required (Face change)",RED DATE,Complete to Admin,,Survey needed,2026-03-24,2026-05-12,2026-05-26,2026-05-18,,2026-05-29,2026-06-01,MIRATEC,20003,RECEIVED,WK,WK,False,5973.39,,0.0,76.0,2026-05-11,J35225 Leiker Smiles Dental_Replacement faces.pdf,Completed,False,Outsourced,,,done,done,done
J34579,CRE Development Strategies - Jimmy's Egg,CC,Wichita,WK,"Replace the eggman logo at the N Webb location Furnish, labor, materials and equipment to install a new trim capped, acrylic face for the Eggman logo at the N Webb location. New face covered with a digitally printed vinyl graphic. Face to be secured with new black trim cap. Please schedule survey as soon as possible so we can determine exact size of trim cap face. Once size is determined, we can get a properly scaled logo sketch created.",,Complete to Admin,Pattern for replacement,Survey needed,2026-03-24,2026-05-12,2026-06-04,2026-05-18,,2026-06-05,2026-06-08,GREGORY,20017,RECEIVED,WK,WK,False,1767.06,,0.0,76.0,2026-05-20,Eggman Logo.jpeg,In Process,True,Outsourced,,,done,done,
J36617,Leiker Smiles Dental,DP,Hays,WK,"New Monument Sign Rev. 1 Remove and dispose of current poles. Furnish and install (1) new 8'h x 6'w x 2'd double face internally illuminated monument sign. ID header will be (2) irregular shaped cabinets mounted back-to-back. ID Cabinet to have full bleed white flex faces, cabinet painted white. 3"" reveal to be painted metallic silver. Pole cover to be painted green with white cut vinyl with ""COMPREHENSIVE DENTISTRY"" copy. Colors to be white, metallic silver, Pantone Green 5535, and Pantone Pink 702. ** Not included in proposal is primary electrical service to display and final electrical connection. Cost of permits to be added to final invoice.",RED DATE,Complete to Admin,,Survey needed,2026-03-24,2026-05-12,2026-05-26,2026-05-18,,2026-05-27,2026-06-01,excellart,19896,RECEIVED,WK,WK,False,20922.22,,0.0,76.0,2026-05-11,J36617 Leiker SMiles Dental_New Monument Sign.pdf,Completed,False,Hutch,Routing Complete,done,done,done,done
J36426,Junction City High School,DP,Junction City,NEK,"Install Panels and FCO Letters on Monument Sign Remove (2) damaged fiberglass panels and ""HOOL"" FCO letters on monument entrance sign. Dispose of damaged panels. Install (2) new fiberglass panels (provided by customer) and ""HOOL"" FCO letters at same location. Will need to use removed panels to pattern for drill holes in replacement panels.",,Complete to Admin,pattern ready to run,Survey needed,2026-03-24,2026-05-12,,2026-05-18,,2026-05-07,2026-06-02,,,,WK,WK,False,1907.5,0.0,0.0,76.0,,IMG_0212.jpeg,Complete Need Paperwork,False,,,,,,
J36428,Maize USD 266,TC,Maize,WK,"New Wall ADAs - Maize USD 266 Furnish and install two (2) 8"" (H) x 8"" (W) replacement ADA wall signs, reading ""OFFICIALS LOCKER ROOM"". Sign to feature 1/32"" raised white copy, in 3/4"" (H) Century Gothic font. Reference design TC-J36428.",,Complete to Admin,,Survey needed,2026-03-25,2026-05-13,,2026-05-19,,2026-05-27,2026-06-08,bg automation,19854,RECEIVED,WK,WK,False,747.32,0.0,0.0,75.0,,J36428 MAIZE USD 266.pdf,In Process,True,,,,,,
J36429,Maize USD 266,TC,Maize,WK,"New Flag Signs - Maize USD 266 Furnish and install two (2) 10"" (H) x 12"" (W) replacement flag sign inserts, reading ""OFFICIALS LOCKER ROOM"". Sign to feature 1/32"" raised white copy, in 1-1/2"" (H) Century Gothic font. Install replacements into existing brackets. Reference design TC-J36429.",,Complete to Admin,,Survey needed,2026-03-26,2026-05-14,,2026-05-20,,2026-05-27,2026-06-08,bg automation,19853,RECEIVED,WK,WK,False,864.42,0.0,0.0,74.0,,J36429 MAIZE USD 266.pdf,In Process,True,,,,,,
J33732,Wichita Childrens Home,CC,Wichita,WK,"Replace a variety of interior room signs Furnish and install replacement room signs in Sarah Robinson Hall. Reference design CC-J33732. If approved, please provide information on where the ICON plaque will need to be installed. Pricing breaks out as follows: 1 Icon sign $173.38 1 Gymnasium sign $120.77 Signs inside Sarah Robinson Hall (rest of signs) $1303.42 Chuck to install when all signs are ready to go.",,Complete to Admin,Chuck to install,Survey needed,2026-04-01,2026-05-20,,2026-05-26,,2026-06-04,2026-06-08,bg automation,19911,RECEIVED,WK,WK,False,1597.57,0.0,0.0,68.0,,J33732 Wichita Childrens Home_Replacement int signs.pdf,In Process,True,,,,,,
J36776,HUTCHINSON REGIONAL MED.CENTER,AS,Hutchinson,WK,"New window front perf graphics Remove recently installed vinyl swooshes and top of door part, leave other graphics there. Furnish and install digitally printed perforated window and door graphics on front entrance and windows of swishes and top of doors.",,Complete to Admin,,Survey needed,2026-04-02,2026-05-21,2026-05-22,2026-05-27,,2026-05-22,2026-05-28,GREGORY,19952,RECEIVED,WK,WK,False,1203.24,,0.0,67.0,2026-05-07,document - 2026-04-02T131458.784.pdf,Completed,False,Outsourced,,,,,done
J36876,CENTRAL NATIONAL BANK,VB,Halstead,WK,"Central National Bank Halstead refurbish two directional signs At Central National Bank, Halstead, two directional signs are faded with peeling vinyl: 1) check in/out with manager on duty 2) repaint posts and frames PMS 288 blue 3) for larger directional sign, provide and install two overlay 36-1/16” x 40-1/8” aluminum panels painted PMS 288 blue with reflective white vinyl graphics for DRIVE-THRU and 24 HOUR ATM (with arrows) 4) for smaller directional sign, provide and install two overlay 24-1/16” x 40-1/8” aluminum panels with reflective white vinyl graphics for EXIT ONLY 5) take completion photos Drawing VB-J36876",,Complete to Admin,,Survey needed,2026-04-03,2026-05-22,2026-05-22,2026-05-28,,2026-06-03,2026-06-04,,,,WK,WK,False,3110.0,,0.0,66.0,2026-05-07,J36876 CNB_Directionals.pdf,Completed,False,Hutch,,,,done,done
J36228,First Security Bank,DW,Conway Springs,WK,Conway Springs Building Sign Option 1 Remove and discard routed sign cabinet. Fabricate and install 1 set of LED illuminated raceway mounted channel letters and logo cabinet. COLOR OF RACEWAYS TBD. SURVEY NEEDED FOR COLOR.,,Complete to Admin,,Survey needed,2026-04-06,2026-05-25,,2026-05-31,,2026-05-29,2026-06-01,AI Innovations,20001,RECEIVED,WK,WK,False,8965.4,0.0,0.0,63.0,,J36228 NEW First Security Bank_Building Sign.pdf,Completed,False,,,,,,
J36734,First Security Bank,DW,Wichita,WK,"Wichita Pylon Option 3 Remove and discard existing double face sign cabinet. Fabricate and install new double face LED illuminated sign cabinet with cap, reveal, and digitally printed flexible faces. Cap and reveal to be painted to match existing pole cover.",,Complete to Admin,,Survey needed,2026-04-07,2026-05-26,2026-05-27,2026-06-01,,2026-05-29,2026-06-01,MIRATEC,20157,RECEIVED,WK,WK,False,32989.5,,0.0,62.0,2026-05-12,J36734 First Security Bank_Pylon Sign.pdf,Completed,False,,,done,done,,
J36702,CENTRAL NATIONAL BANK,VB,Great Bend,WK,"Central National Bank Great Bend new location entrance & drive-thru graphics At Central National Bank’s new location in Great Bend: 1) if still there, remove the previous business’ hours graphics on entrance and drive-thru window 2) provide and install new white vinyl graphics for the Central National Bank logo and hours on the entrance door glass 3) provide and install new hours vinyl graphics on left drive-thru window 4) take completion photos Drawing VB-J36702",,Complete to Admin,,Survey needed,2026-04-13,2026-06-01,2026-05-29,2026-06-07,,2026-05-30,2026-06-04,,,,WK,WK,False,425.0,,0.0,56.0,2026-05-14,J36702 Central National Bank_Vinyl Graphics.pdf,Completed,False,Hutch,,,,,done
J36703,CENTRAL NATIONAL BANK,VB,Great Bend,WK,Central National Bank Great Bend new location update small entrance hours pan sign At Central National Bank’s new location in Great Bend: 1) remove the existing pan sign with vinyl hours 2) repaint pan sign PMS 288 blue 3) provide and install new white vinyl graphics for hours 4) reinstall pan sign 5) take completion photos Drawing VB-J36703,,Complete to Admin,,Survey needed,2026-04-13,2026-06-01,,2026-06-07,,2026-05-30,2026-06-04,,,,WK,WK,False,969.0,,0.0,56.0,,J36703 Central National Bank_Pan Sign.pdf,Completed,False,Hutch,,done,,done,done
J36853,Penguin Group LLC dba Super Subs,DP,South Hutchinson,WK,"Plex Face with Digitally Printed Graphics Furnish (1) 3'h x 10'w plex face for landlord provided cabinet with applied digitally printed applied vinyl graphics. Face to be installed in cabinet at Lumineo Plant before installation of cabinet at location. This face installs in cabinet that landlord (Vee, LLC) produced on J36975.",,Complete to Admin,,Survey needed,2026-04-13,2026-06-01,,2026-06-07,,2026-05-08,2026-06-04,MIRATEC,20020,RECEIVED,WK,WK,False,1402.31,,0.0,56.0,,J36853 Penguin Group LLC_Plex Face.pdf,Completed,False,Outsourced,,,,done,
J31228,Iron Insurance Partners,DP,South Hutchinson,WK,"Aluminum Pan Sign with applied graphic Remove and dispose of current letters on building. Furnish and install 3' X 20' aluminum pan sign with applied graphic. Pan sign and returns to be painted white. Fonts: Brand logo, Montserrat Regular, Montserrat Bold Charcoal: Pantone 6 (RGB 55/60/63), Solid Gold: Pantone 126 (145/128/98). City permits to be billed at cost on final invoice. Pricing Contingent upon access/survey etc.",RED DATE,Complete to Admin,,Survey needed,2026-04-14,2026-06-02,2026-05-29,2026-06-08,,2026-06-01,2026-06-04,GREGORY,20028,RECEIVED,WK,WK,False,4616.1,,0.0,55.0,2026-05-14,document - 2026-04-15T075605.718.pdf,Completed,False,Outsourced,,done,,done,
J31226,Iron Insurance Partners,DP,South Hutchinson,WK,Updated Plex Faces on Monument Sign Survey needed. Furnish and install (2) new white plex faces with applied graphic of new logo and copy. City permits to be billed at cost on final invoice. Pricing Contingent upon access/survey etc.,,Complete to Admin,survey/pattern face requested / partial survey done 5/18,Survey needed,2026-04-14,2026-06-02,2026-06-04,2026-06-08,,2026-06-05,2026-06-08,GREGORY,20252,ORDERED,WK,WK,False,3102.32,,0.0,55.0,2026-05-20,J31226 IRON INSURANCE PARTNERS_PLEX FACES SKETCH.pdf,In Process,True,Outsourced,,,,done,
J36975,VEE LLC - Hart Shopping Center,DP,South Hutchinson,WK,"New SF/II Economy Cabinet Furnish and install (1) 36"" x 10' economy-style LED internally illuminated wall sign cabinet on fascia of Hart Shopping Center (511 address - centered above door/windows on upper fascia). Cabinet and retainers painted black. The new tenant is having their face produced on another job order. Customer is responsible for needed electrical service to sign. Sign permit costs to be added onto final invoice. *Will need to block off parking spaces/go early",,Complete to Admin,,Survey needed,2026-04-14,2026-06-02,,2026-06-08,,2026-06-03,2026-06-04,,,,WK,WK,False,3298.34,,0.0,55.0,,J36975 VEE LLC_New SF economy cabinet.pdf,Completed,False,,,done,done,,
J36842,First Dental,NH,Dodge City,WK,"re-face existing D/F I/I cabinet SIGN RE-FACE (NEW LOGO): Furnish and install (2) flat polycarbonate faces with translucent digitally-printed vinyl graphics/UV laminate, to fit the exiting 6'h x 8'w double-face, internally-illuminated ID cabinet. Remove and dispose of the existing faces. Slide the new ones into place. *IF ANY LIGHTING SERVICE IS NEEDED, LUMINEO CAN PROVIDE ON AN ADDITIONAL ""TIME & MATERIALS"" BASIS. *Survey Details; Trim size = 71 5/16"" x 95 11/16"" x 3/16"", with a 3/4""x3/4"" hang bar on the back side (2nd-surface, top edge). 2"" retainers.",,Complete to Admin,,Survey needed,2026-04-16,2026-06-04,,2026-06-10,,2026-05-26,2026-05-27,MIRATEC,20032,RECEIVED,WK,WK,False,3858.98,,0.0,53.0,,J36842 FIRST DENTAL.pdf,Completed,False,Outsourced,,,,done,
J36747,Central National Bank,VB,Great Bend,WK,"At Central National Bank’s new location in Great Bend: 1) verify dimensions for new monument sign faces 2) after the previous business’ faces have been removed, repaint the cabinet frame and top PMS 288 blue 3) provide and install new white LED Kwik Stiks for internal illumination and power supplies 4) provide and install two new 5’ x 10’ routed sign faces for the Central National Bank logo, painted PMS 288 blue, with push-thru acrylic, overlaid with white vinyl 5) take completion photos Drawing VB-J36747",,Complete to Admin,,,2026-04-17,2026-06-05,2026-05-29,2026-06-11,,2026-05-30,2026-06-04,,,,WK,WK,False,16885.0,,0.0,52.0,2026-05-14,J36747 Central National Bank_Monument Sign.pdf,Completed,False,Hutch,Routing Complete,done,done,done,
J37277,"Weigand-Omega Management, Inc.",TC,Wichita,WK,"Large Directional Vinyl - Weigand-Omega Remove existing tenant copy and black background below ""North Entrance"" from south elevation of directional sign. Clean application surface thoroughly. Furnish and install one (1) new 42"" (H) x 34-1/2"" (W) 3M 7725-12 Black vinyl background. On top of the black background, furnish and install the following tenant copy in 3M 7725-10 White vinyl, reference design TC-J37277. Cypress Imaging - MRI & CT Cypress Interventional Cypress Medical Spa Heartland Pathology Lab Total Wound Care",,Complete to Admin,,Survey needed,2026-04-21,2026-06-09,,2026-06-15,,2026-06-05,2026-06-08,,,,WK,WK,False,829.89,,0.0,48.0,,J37277 WEIGAND OMEGA MANAGEMENT.pdf,Complete Need Paperwork,False,Hutch,,,,,done
J37245,Cambridge Family Denistry,DW,Wichita,WK,"Furnish and install (1) 3'-7"" tall by 4'-2"" wide painted aluminum overlay with vinyl graphics. Paint to match PMS 468 Beige Applied Vinyl in 7725-69 DURANODIC bronze",,Complete to Admin,Kevin to install,Survey needed,2026-04-24,2026-06-12,2026-06-03,2026-06-18,,2026-06-04,2026-06-08,,,,WK,WK,False,1178.48,,0.0,45.0,2026-05-19,document - 2026-04-27T095022.526.pdf,In Process,True,Hutch,,,,done,done
J37096,Intellicents,TC,Wichita,WK,"Pan Sign Vinyl - Intellicents Remove existing Korol vinyl, and thoroughly clean application surface. Furnish and Install one (1) 3'-2"" (H) x 3'-2"" (W) digitally printed vinyl graphic. Reference design TC-J37096.",,Complete to Admin,,Survey needed,2026-04-27,2026-06-15,2026-06-03,2026-06-21,,2026-06-04,2026-06-08,GREGORY,20117,RECEIVED,WK,WK,False,692.0,0.0,0.0,42.0,2026-05-19,J37096 INTELLICENTS.pdf,In Process,True,,,,,,
J37350,Vona Private Studio,TC,Wichita,WK,"Print on Plex - Vona Private Studio Furnish and install one (1) new approximately 4'-0"" (H) x 10'-0"" (W) plex face with applied digital print of customer logo. Reference design TC-J37350. NOTE: Survey will be required to determine final sizing. Any required sign permit(s) to be sourced by Lumineo Signs, and billed at cost in addition to final invoice.",,Complete to Admin,Survey needed / survey received 5/18/26,Survey needed,2026-04-28,2026-06-16,2026-06-03,2026-06-22,,2026-06-04,2026-06-08,MIRATEC,20262,SHIPPING,WK,WK,False,2239.18,,0.0,41.0,2026-05-19,J37350 VONA PRIVATE SUTDIO.pdf,In Process,True,Outsourced,,,,done,
J37344,WAM CAPITAL - TGW,CC,Wichita,WK,"Remove existing address numerals and furnish new pan sign with raised numerals Remove the formed plastic address numerals from the south side of the 8908 building. Fabricate and install a new 5' (H) x 9' (W) x 2"" (D), aluminum pan sign with routed numerals attached. Install on the upper building fascia, at the east end of building's south elevation. Background pan to be sanded, primed, and painted silver. Routed aluminum numerals sanded, primed, and painted PMS 424C. Reference design CC-J37344. Center up and down on fascia. Center left and right between downspouts. This is on the south elevation at the east end of building.",,Complete to Admin,,Survey needed,2026-04-29,2026-06-17,2026-06-17,2026-06-23,,2026-06-04,2026-06-08,GEMINI,20116,RECEIVED,WK,WK,False,7401.43,,0.0,40.0,2026-06-02,"J37344 WAM Capital TGW Building_ address pan.pdf, Existing Address Placement.jpg",In Process,True,,,done,done,,
J37421,Cris Corey State Farm,AS,Hutchinson,WK,Reface Remove and dispose of current sign face. Furnish and install (1) 24”x24” plex face with digital print customer brand.,,Complete to Admin,,Survey needed,2026-04-29,2026-06-17,2026-06-05,2026-06-23,,2026-06-08,2026-06-08,MIRATEC,20132,RECEIVED,WK,WK,False,937.54,,0.0,40.0,2026-05-21,J37421 CRIS COREY STATE FARM _ SMALL REPLACEMENT PLEX FACE.pdf,In Process,True,Outsourced,,,,done,
J36681,NEO Home Loan,AS,Newton,WK,Small panels vinyl Remove and graphics of PRMI on pole sign and apply new graphics to bottom pan.,,Complete to Admin,,Survey needed,2026-04-29,2026-06-17,2026-06-03,2026-06-23,,2026-06-03,2026-06-04,GREGORY,20133,RECEIVED,WK,WK,False,1589.35,0.0,0.0,40.0,2026-05-19,J36681 NEO HOME LOANS.pdf,Complete Need Paperwork,False,,,,,,
J37097,Intellicents,TC,Wichita,WK,"Brushed Alum Exterior Entry Sign - Intellicents Remove and dispose of existing Korol Financial Group LLC signage. Furnish and Install one (1) set of 3/8"" (D) Flat Cut Out letters of Intellicents logo, in a satin brushed aluminum finish. New FCOs to install flush mount directly to brick above doorway, where previous signage was. Reference design TC-J37097.",,Complete to Admin,,Survey needed,2026-04-29,2026-06-17,,2026-06-23,,2026-06-04,2026-06-08,GEMINI,20120,RECEIVED,WK,WK,False,2676.89,0.0,0.0,40.0,,J37097 INTELLICENTS.pdf,In Process,True,,,,,,
J37501,FIDELITY BANK,CC,Wichita,WK,Remove the existing vinyl graphics from the exterior windows of the Twin Lakes branch. Furnish and install new printed and white vinyl graphics that would match current graphics.,,Complete to Admin,Tanner to install,Survey needed,2026-05-01,2026-06-19,,2026-06-25,,2026-06-05,,GREGORY,20156,RECEIVED,WK,WK,False,1805.0,,0.0,38.0,,,In Process,True,"Hutch,Outsourced",,,,,done
J37557,Simpson Construction Services,CC,Wichita,WK,"Bend and paint 4"" (H), .063 aluminum to cover gap on the west legs of both ATM canopies, and provide stamped engineered drawings of canopy structure.",,Complete to Admin,Chuck to install,Survey needed,2026-05-04,2026-06-22,2026-05-22,2026-06-28,,2026-06-04,2026-06-08,,,,WK,WK,False,1264.6,,0.0,35.0,2026-05-07,Shroud Dimensions.jpg,In Process,True,,,done,,,
J37559,Dream First Bank,NH,Garden City,WK,Furnish (5 sets) of regular-cut vinyl graphics (7725-12 black + custom digitally-printed blue) to fit the sides of (5) 2026 Chevy Silverado pickups. Nathan to coordinate the application of all six trucks at the customer's Garden City site. (Likely in two separate days).,Rush,Complete to Admin,,Survey needed,2026-05-05,2026-06-23,,2026-06-29,,2026-05-27,2026-06-01,GREGORY,20140,RECEIVED,WK,WK,False,2988.21,,0.0,34.0,,document - 2026-05-06T083439.471.pdf,Completed,False,"Hutch,Outsourced",,,,,done
J37569,Davis Liquor Outlet,CC,Wichita,WK,Furnish and install new regular cut vinyl graphics and apply to the top tenant panel on the Meritrust/Sweetbriar pylon sign. Reference design CC-J37569.,,Complete to Admin,,Survey needed,2026-05-07,2026-06-25,2026-06-04,2026-07-01,,2026-06-05,,,,,WK,WK,False,643.02,,0.0,32.0,2026-05-20,document - 2026-05-08T083355.224.pdf,In Process,True,Hutch,,,,,done
J37585,CENTRAL NATIONAL BANK,VB,Great Bend,WK,"At Central National Bank’s new location in Great Bend: 1) after the previous business’ cabinet has been removed, modify the 2’9” x 10’ cabinet to remove the existing routed face 2) provide and install a new routed face for the Central National Bank logo, painted PMS 288 blue, with internal white LED illumination and push-thru acrylic, overlaid with white vinyl 3) repaint cabinet PMS 288 blue 4) install cabinet in same location on entrance wall 5) take completion photos Drawing VB-J37585",,Complete to Admin,,Survey needed,2026-05-07,2026-06-25,2026-05-29,2026-07-01,,2026-05-30,2026-06-04,,,,WK,WK,False,5777.0,,0.0,32.0,2026-05-14,document - 2026-05-08T083020.369.pdf,Completed,False,Hutch,Routing Complete,done,done,done,
J37504,Soma Therapy,DW,Wichita,WK,Fabricate and install (1) prepainted black acm panels with white vinyl graphics.,,Complete to Admin,,Survey needed,2026-05-08,2026-06-26,2026-06-01,2026-07-02,,2026-06-04,2026-06-08,GREGORY,20231,ORDERED,WK,WK,False,897.28,,0.0,31.0,2026-05-17,document - 2026-05-09T063459.019.pdf,In Process,True,Outsourced,,,,done,
J37591,FIDELITY BANK,CC,Wichita,WK,"Furnish and install perforated black vinyl, on first surface of Grow's west set of windows, to the north of their entrance. Full coverage on one door, and seven windows.",,Complete to Admin,Tanner to install,Survey needed,2026-05-11,2026-06-29,,2026-07-05,,2026-06-05,2026-06-08,GREGORY,20241,RECEIVED,WK,WK,False,2595.67,0.0,0.0,28.0,,,In Process,True,,,,,,
J37657,Kaye Electric,AS,Newton,WK,"On newly installed monument sign, Remove and dispose of old side panel. Furnish and install (1) 15.5” W x53” H new painted to match existing aluminum side panel that covers left side of EMC where customer put wiring outside the sign after seeing the conduit inside the sign.",,Complete to Admin,,Survey needed,2026-05-12,2026-06-30,,2026-07-06,,2026-06-02,2026-06-04,,,,WK,WK,False,938.0,,0.0,27.0,,,Completed,False,,,done,,,
J37718,CENTRAL NATIONAL BANK,VB,Great Bend,WK,"At Central National Bank Great Bend, due to the three-week delay in getting accurate dimensions for the wall sign: 1) provide and install a new banner to match the new design for the wall sign cabinet while the routed face is being fabricated 2) use PMS 288 blue paint from previous jobs to paint grommets blue 3) turn off disconnect switch 4) take completion photos 5) when new face is ready, remove banner, fill holes and touch up with PMS blue paint",,Complete to Admin,,Survey needed,2026-05-14,2026-07-02,,2026-07-08,,2026-05-29,2026-06-01,INDEPENDENT'S,,RECEIVED,WK,WK,False,,0.0,0.0,25.0,,,Completed,False,,,,,,
J37271,FIDELITY BANK (E. English),CC,Wichita,WK,Furnish international no guns symbols produced from etched look vinyl,,Complete to Admin,,Survey needed,2026-05-22,2026-07-10,,2026-07-16,,2026-06-05,2026-06-08,,,,WK,WK,False,134.8,,0.0,17.0,,J37271 FIDELITY BANK_ NO GUN DECAL.pdf,In Process,True,Hutch,,,,,done
J37826,Watson's Barber Shop,CC,Wichita,WK,Furnish and install new vinyl graphics for Watson's Barber Shop on the recently installed Sweetbriar tenant sign. Graphics to be applied on both sides of tenant sign. Reference design CC-J37826.,,Complete to Admin,,,2026-06-04,2026-07-23,,2026-07-29,,2026-06-05,,,,,WK,WK,False,219.26,0.0,0.0,4.0,,,Upcoming,True,,,,,,
J26130,/ THRIVE RESTAURANT GROUP - Carlos O'Kelly's,DW,"Grand Island, NE",WK,Pylon Sign half lighting.,,Service Complete to Admin,check on order (open in BC) Mike has original,Survey needed,2024-08-01,2024-09-19,,2024-09-25,,,,,,,WK,WK,False,,0.0,0.0,676.0,,,Service Complete,False,,,,,,
J27207,/ LOVE'S COUNTRY STORES,NH,Dodge City,WK,"Receive & install (1) 10'x20' vinyl wrap. Dispose of the existing wrap. Re-use existing rod & straps. *CUSTOMER PAYS FOR THE COST OF THE FACE CHANGE (PER NEW SITE OFFERING), LEAVING EXISTING LEASE TERMS AS IS.",,Service Complete to Admin,09.12.25 Installed Vinyl wrap DK 09.16.25 Cut trees DK,Survey needed,2024-09-26,2024-11-14,,2024-11-20,,2025-09-12,2025-09-22,,,,WK,WK,False,,0.0,0.0,620.0,,,Service Complete,False,,,,,,
J27879,/ Fox Theatre,LNI,Hutchinson,WK,Customer called in. The glass has broken and is falling out of one of the rooftop ornamental fixtures. It is falling onto the sidewalk below so there is a safety concern. Please survey and repair as needed.,,Service Complete to Admin,"Waiting on funding surveyed, cost to Mike 2/20 - Waiting on word from customer - Mike waiting for response. 05.07.26 removed broken rooftop ornametal and took to glass shop for repair. upgraded all to LED lights. reinstalled repaired unit. AH/LM/LC",Survey needed,2024-10-29,2024-12-17,,2024-12-23,,2026-05-07,2026-05-11,,,,WK,WK,False,,0.0,0.0,587.0,,,Service Complete,False,,,,,,
J30615,GUARANTY STATE BANK,DP,Smith Center,WK,"Semi-Annual Maintenance SEMI-ANNUAL MAINTENANCE ON D/F 12"" CHARACTER LED M/C AND S/F INTERIOR M/C. Test all cooling fans and replace any defective units.",,Service Complete to Admin,Tie this in with possible EMC demo with Dave in area Can tie this in with a Survey in Russell (J25207 - Southwind Bank) 8.16.25 Test lit both EMC need parts for outside unit. -5 led modules -1 photo eye sensor 02.03.26 installed above parts and test lit. all working at this time. HA,Survey needed,2025-04-10,2025-05-29,,2025-06-04,,2026-02-03,2026-02-04,,,,WK,WK,False,,0.0,0.0,424.0,,,Service Complete,False,,,,,,
J33181,HUTCHINSON COMMUNITY COLLEGE,AS,Hutchinson,WK,Interior Sports Arena_Panel going dim Call came in from Steve Carpenter. On the West Arena videoboard on the lowere right corner of the Midwest logo. One of the panels is starting to look different. This is a DAK unit. Contact for DAK service is 1-800-325-8766. TFS would like us to help them troubleshoot this so we can get parts on order and repair as needed. *Steve Carpenter is the HCC contact. 620-921-1242,,Service Complete to Admin,printed 9.3.25 11.19.25 sign still working with no issues. HA,Survey needed,2025-09-02,2025-10-21,,2025-10-27,,2025-11-19,2025-11-21,,,,WK,WK,False,,0.0,0.0,279.0,,Picture of panel that is dim.jpg,Service Complete,False,,,,,,
J34130,GUARANTY STATE BANK,DP,Smith Center,WK,"NC - Oct Semi-Annual Maint SEMI-ANNUAL MAINTENANCE ON D/F 12"" CHARACTER LED M/C AND S/F INTERIOR M/C. Test all cooling fans and replace any defective units.",,Service Complete to Admin,Still working off of 1st Semi annual J30615. Cancel this one HA,Survey needed,2025-10-17,2025-12-05,,2025-12-11,,,2026-01-30,,,,WK,WK,False,,0.0,0.0,234.0,,,Service Complete,False,,,,,,
J34935,"Stone Creek Station (GC Investments, Inc)",NH,Garden City,WK,"channel letters out Customer reports that the south 1/3 of the channel letter sign is out. (Worked fine for several days following installation, but is not out). Check and repair as needed.",,Service Complete to Admin,"12.02.25 repopulated ""E"" with new LED's MC",Survey needed,2025-11-26,2026-01-14,,2026-01-20,,2025-12-02,2025-12-12,,,,WK,WK,False,,0.0,0.0,194.0,,,Service Complete,False,,,,,,
J35602,Farmers State Bank,DP,McPherson,WK,EMC Module and Power Supply Replacement MC #31505. Furnish and install (1) EMC module and (1) power supply. Contact Watchfire when on site. Take completion photos. Power line near sign. Parking lot access.,,Service Complete to Admin,02.11.26 Swapped out P/S (C1). as per watchfire replaced bad module R1C1 2nd face. Power cycle readdress and communicate is good. JS,Survey needed,2026-01-21,2026-03-11,,2026-03-17,,2026-02-11,2026-02-12,,,,WK,WK,False,,0.0,0.0,138.0,,Screenshot (220).png,Service Complete,False,,,,,,
J36510,WESLEY MEDICAL CENTER,DW,Wichita,WK,Wesley Woodlawn Watchfire Service Cindy had Watchfire run diagnostics and sign needs one panel. it is on order.,,Service Complete to Admin,"03.10.26 Sent to Ray 0735 03.11.26 - Sign all working fine this day. Watchfire unable to diagnose any issues at this time. Will monitor. - RK 04.14.26 - Swapped out module that was sent out to replace existing bad module, but had the bottom 2 rows of pixels not lighting. - JS",Survey needed,2026-03-04,2026-04-22,,2026-04-28,,,2026-04-15,,,,WK,WK,False,,0.0,0.0,96.0,,,Service Complete,False,,,,,,
J36512,WESLEY MEDICAL CENTER,DW,Derby,WK,Derby Watchfire Service Cindy tried to have Watchfire trouble shoot and they could not connect to sign.,,Service Complete to Admin,"03.06.26 Sent to Ray 15:00 03.11.26 sign all working this day. reset power and WF can remote in Diagnostics showed no errors. 04.27.26 Swapped out Flare, WF remoted in Ran diagnostics all was good. RK Credit from WF didn't not use module that was sent only Flare",Survey needed,2026-03-04,2026-04-22,,2026-04-28,,2026-04-27,2026-05-07,,,,WK,WK,False,,0.0,0.0,96.0,,,Service Complete,False,,,,,,
J36640,THE BIG BISCUIT,VB,Wichita,WK,"Big Biscuit Maize Road channel letters aren't working--warranty? At The Big Biscuit on Maize Road, Wichita: Warranty? 1) check in/out with manager on duty 2) the channel letters are reported completely out after having worked previously, the breaker was checked 3) take completion photos",,Service Complete to Admin,03.19.26 no power to sign. could not find time clock or photo eye. called GC on site he pretty sure they are on 24/7. test lit with truck and all work's. RK,Survey needed,2026-03-10,2026-04-28,,2026-05-04,,2026-04-17,2026-04-28,,,,WK,WK,False,,0.0,0.0,90.0,,,Service Complete,False,,,,,,
J36689,Dudley's Irish Pub,TC,Wichita,WK,"Service Neon Outage - Dudley's Contact: Beth Moses - (316) 617-2233 Customer reports ""Dudley's"" section of sign is out. Diagnose and repair as needed. Sign was previously serviced 06/28/24 on J25332, 05/06/25 on J30885, and 10/10/25 on J33860.",,Service Complete to Admin,Sent to Ray03.12.26 0655 03.19.26 Close order Per TC Customer no longer needs service,Survey needed,2026-03-11,2026-04-29,,2026-05-05,,2026-03-19,2026-03-19,,,,WK,WK,False,,0.0,0.0,89.0,,,Service Complete,False,,,,,,
J37001,HUTCHINSON COMMUNITY COLLEGE,AS,Hutchinson,WK,"Service: outage on Plum Street sign Service: customer reports issue on north side of plum street sign, diagnose and fix",,Service Complete to Admin,04.03.26 swapped out bad P/S on primary side middle (North) face. Readdressed and & power cycled. JS,Survey needed,2026-03-30,2026-05-18,,2026-05-24,,2026-04-08,2026-04-09,,,,WK,WK,False,,0.0,0.0,70.0,,IMG_4512 (1).jpeg,Service Complete,False,,,,,,
J37085,Genesh Inc./Burger King,NH,Liberal,WK,pole sign 1/2 out Customer reports lamps 1/2 out in the pylon ID sign. Check and repair as needed.,,Service Complete to Admin,05.12.26 relamped cabinet. Missing filler panel. DK 05.20.26 Installed filler panel DK,Survey needed,2026-04-01,2026-05-20,,2026-05-26,,2026-05-20,2026-05-28,,,,WK,WK,False,,0.0,0.0,68.0,,,Service Complete,False,,,,,,
J37205,TRUCK CENTER COMPANIES,NH,Liberal,WK,straps broke Straps broke & dangling. Replace as needed. Make sure the rest of the structure is secure.,,Service Complete to Admin,04.15.26 - Replaced strap with a new one. - TD,Survey needed,2026-04-09,2026-05-28,,2026-06-03,,,2026-04-15,,,,WK,WK,False,,0.0,0.0,60.0,,,Service Complete,False,,,,,,
J36689,Dudley's Irish Pub,TC,Wichita,WK,"Service Neon Outage - Dudley's Contact: Beth Moses - (316) 617-2233 SERVICE: Customer reports ""Dudley's"" and Top Left & Bottom Right sections of Green circle on their neon sign is out. While on site, ensure all other neon is working as expected. Diagnose and repair as needed. See photo attached to job card. Sign was previously serviced 06/28/24 on J25332, 05/06/25 on J30885, and 10/10/25 on J33860.",,Service Complete to Admin,STR 4/20 05.07.26 customer went with another sign company.,Survey needed,,,,,,2026-05-07,2026-05-07,,,,WK,WK,False,,0.0,0.0,,,04152026 Outage - Dudley's.jpeg,Service Complete,False,,,,,,
J37440,CITIZENS BANK OF KANSAS,DW,Augusta,WK,Watchfire display is dark. Need technician at site to trouble shoot sign.,,Service Complete to Admin,06.02.26 replaced bad controller. Both WF and customer show EMC is online. WF was able to update messges HA 06.03.26 part ready for return. HA,Survey needed,2026-04-24,2026-06-12,,2026-06-18,,2026-06-02,2026-06-03,,,,WK,WK,False,,0.0,0.0,45.0,,,Service Complete,False,,,,,,
J37646,LONGHORN STEAKHOUSE,DP,Salina,WK,Customer reports damage to LED strips on South and West Elevations. Visit and repair as needed. Check other elevations for damage and issues when on site. Bundle with other service calls to reduce travel cost per customer request. Contact Sara Grimes at 913-709-2861 when on site. Please take and share completion photos.,,Service Complete to Admin,Cancel As per DP,Survey needed,2026-05-08,2026-06-26,,2026-07-02,,2026-05-28,2026-05-28,,,,WK,WK,False,,0.0,0.0,31.0,,,Service Complete,False,,,,,,
J37797,"PING PING AN AN, INC",DP,McPherson,WK,"Customer reports sign face blew off and is not damaged. Visit and reinstall. Group with other service, if possible, to reduce travel cost.",,Service Complete to Admin,"06.04.26 Located studs after exploratory drilling. Re-drilled panel to coincide with stud layout. The ends fell between studs in cavity, so applied silicone behind panel on 2 ends then seated screws to hold firm while silicone sets. Re-used existing pre-painted screws where I could. JS",,2026-05-18,2026-07-06,,2026-07-12,,2026-06-04,2026-06-08,,,,WK,WK,False,,0.0,0.0,21.0,,,Service,True,,,,,,
J37902,VILLAGE SQUARE MALL,NH,Dodge City,WK,change out flags,,Service Complete to Admin,05.28.26 replaced flags,Survey needed,2026-05-26,2026-07-14,,2026-07-20,,2026-05-28,2026-06-03,,,,WK,WK,False,,0.0,0.0,13.0,,,Service Complete,False,,,,,,
J28517,/ MORTON BUILDINGS,DW,"Atkinson, IL",WK,"Atkinson, IL NC Survey Survey Site.",,Complete-need paperwork,,Survey needed,2024-12-09,2025-01-27,,2025-02-02,,,,,,,Sub,Sub-Installer,False,,0.0,0.0,546.0,,,Complete Need Paperwork,False,,,,,,
J32139,WESLEY MEDICAL CENTER,DW,Wichita,WK,Central & Hiillside Watchfire Service West Face West facing Watchfire display has outage.,,Complete-need paperwork,,Survey needed,2025-06-30,2025-08-18,,2025-08-24,,,,,,,WK,WK,False,,0.0,0.0,343.0,,West Facing (2).jpg,Service Complete,False,,,,,,
J32166,MORTON BUILDINGS,DW,"Conyers, GA",WK,"Griffin GA Debrand Flip faces in existing monument sign. Sign Solutions of East Atlanta V#19193 1422 Business Center Drive SW | Conyers, GA 30094 770-648-7057 | www.signsolutionsllc.com HOURS: Monday - Friday 8am - 4pm Contact: Emily Black",,Complete-need paperwork,,Survey needed,2025-07-18,2025-09-05,,2025-09-11,,,,,,,WK,WK,False,297.5,0.0,0.0,325.0,,,Complete Need Paperwork,False,,,,,,
J32605,COMMERCE BANK,DW,Wichita,WK,Twin Lakes ATM Survey Survey ATM damage.,,Complete-need paperwork,,Survey needed,2025-07-28,2025-09-15,,2025-09-21,,,,,,,WK,WK,False,,0.0,0.0,315.0,,,Service Complete,False,,,,,,
J32865,EQUITY BANK,DW,"Kirksville, MO",WK,Kirksville Wraps & Toppers Install (2) ITM wraps and toppers from bulk inventory. Install will be done at Wichita warehouse staging area.,,Complete-need paperwork,March/April Install,Survey needed,2025-11-17,2026-01-05,,2026-01-11,,,,,,,WK,WK,False,1482.5,,0.0,203.0,,J32865 Equity Bank_ITM Displays.pdf,Complete Need Paperwork,False,,,,,,done
J36662,Iron Insurance Partners,DP,"Scott City, KS",WK,"Front window vinyl + removal Remove the Rodenbeek & Green logo, Progressive and Trusted Choice logos from the front windows while on site. Furnish and install (1) Iron Insurance logo on first window on the front elevation.",,Complete-need paperwork,DC Installation,Survey needed,2026-03-13,2026-05-01,,2026-05-07,,,,,,,WK,WK,False,599.99,,0.0,87.0,,J36662 Iron Inurance Partners_Front window vinyl_removall.pdf,Complete Need Paperwork,False,,,,,,done
J36767,EQUITY BANK,DW,Topeka,NEK,Topeka 8th St ITM Wrap Repair Repair ITM wrap with wrap from bulk inventory.,,Complete-need paperwork,,Survey needed,2026-03-18,2026-05-06,,2026-05-12,,,,,,,NEK,NEK,False,857.0,,0.0,82.0,,"20260311_083245 1.jpg, 20260311_083229.jpg, 20260311_083721.jpg",Complete Need Paperwork,False,,,,,,done
J36998,HUTCHINSON COMMUNITY COLLEGE,AS,Hutchinson,WK,T/M- 1 bench plate T/M: Furnish and apply clear print to customer provided bench plate for customer to install. Andy will deliver to customer when done,,Complete-need paperwork,Andy to deliver,Survey needed,2026-03-31,2026-05-19,,2026-05-25,,,,GREGORY,19913,RECEIVED,WK,WK,False,,,0.0,69.0,,J36033 HCC- bench plaques (1).pdf,Complete Need Paperwork,False,,,,,done,
J37325,ICON Structures,DP,Salina,WK,"KSUS Sample letter TM - Furnish sample for GC: (1) 14"" tall Internally illuminated channel letter (E) 4"" Deep returns - painted PMS 268 KSU standard purple 3/16"" White plex faces with trim cap and returns painted to match PMS 268 Purple Digitally printed vinyl overlay - PMS 268 KSU standard purple - White LEDs *David to deliver to GC for final approval of dimensional letter",,Complete-need paperwork,,Survey needed,2026-04-20,2026-06-08,,2026-06-14,,,,SIGN HOUSE,20050,Ready to Pick Up,WK,WK,False,,0.0,0.0,49.0,,document - 2026-04-20T161608.431.pdf,Complete Need Paperwork,False,,,,,,
J33816,Bel Air Motel,NH,Dodge City,WK,"CC letters Furnish (16) 6"" changeable copy letters (panel size = 6 7/8""h x 4 1/2""w). Customer to pick up at Lumineo-DC shop. Breakdown; (4) E's, (2) K's, (2) Y's, (2) T's, (2) $, (2) 2's, (2) 5's.",,Complete-need paperwork,shipping to Dodge,Survey needed,2026-04-29,2026-06-17,,2026-06-23,,,,JDS Industries,20119,RECEIVED,WK,WK,False,97.51,0.0,0.0,40.0,,,Complete Need Paperwork,False,,,,,,
J37208,"CIMA NETWORK, INC. (FIVE BELOW)",AS,Hutchinson,WK,Trip 1 – Coming Soon/Survey -Meet with site contact to verify access for installation of signs and survey for panel fabrication -Install Coming Soon banner on temporary construction fence,,Complete-need paperwork,,Survey needed,2026-05-08,2026-06-26,,2026-07-02,,,,,,,WK,WK,False,900.75,0.0,0.0,31.0,,,In Process,True,,,,,,
J37647,WIENS & COMPANY,AS,Hutchinson,WK,Furnish and sales delivery to customer (1) 2'x2' sample of 3m IJ180cv3 material printed to show color range in the graphic for mural.,,Complete-need paperwork,,Survey needed,2026-05-08,2026-06-26,,2026-07-02,,,,GREGORY,20231,RECEIVED,WK,WK,False,75.0,0.0,0.0,31.0,,,Complete Need Paperwork,False,,,,,,
J37472,Farm Bureau Financial -Kelley Linn,NH,Sublette,WK,"Per new 36-mo contract, furnish & install (1) 10'x24' vinyl wrap. Install on the existing roadsign structure. Dispose of the old Outlaw Irrigation wrap (top-north face). Re-use existing rod & straps.",,Complete-need paperwork,shipping to Dodge,Survey needed,2026-05-13,2026-07-01,,2026-07-07,,,,INDEPENDENT'S,20233,SHIPPING,WK,WK,False,,0.0,0.0,26.0,,document - 2026-05-14T045138.064.pdf,In Process,True,,,,,,
J37796,COHLMIA MARKETING,DW,Wichita,WK,"Furnish and install 1st surface vinyl graphics for two Dr Names reading Thomas R. Resch, MD & Andrew C. DeClerk, MD. Vinyl to match PMS 262.",Rush,Complete-need paperwork,Kevin to install,,2026-05-21,2026-07-09,,2026-07-15,,,,X-PRESS,20252,ORDERED,WK,WK,False,364.2,0.0,0.0,18.0,,J37796 Wichita Surgical Specialists_Interior Sign (1).pdf,Complete Need Paperwork,False,,,,,,
J37862,Leiker Smiles Dental,DP,Hays,WK,Create base pole mount,,Complete-need paperwork,,Survey needed,2026-05-22,2026-07-10,,2026-07-16,,,,,,,WK,WK,False,,0.0,0.0,17.0,,,Complete Need Paperwork,False,,,,,,
J31666,Sterling Pharmacy Inc.,AS,Sterling,WK,"New single sided cabinet Remove and dispose existing single sided cabinet. Furnish and install (1) 5' H x 6' W x 6"" D single sided internally illuminated cabinet. Cabinet to be painted Navy Blue to match logo element. Face to be flat white plex with graphics applied to the face. Customer wants us to put a photo cell on cabinet.",,Installation,,Survey needed,2025-07-22,2025-09-09,2025-10-31,2025-09-15,,,,GREGORY,18271,RECEIVED,WK,WK,False,5126.31,,0.0,321.0,2025-10-16,J31666 STERLING PHARMACY INC_WALL SIGN.pdf,In Process,True,Outsourced,,done,done,done,
J30283,HUTTON CORPORATION - Finney Co. Health & EMS,"TN,DD",Garden City,WK,"FINNEY COUNTY HEALTH & EMS - PAN SIGN 2.06 INTERIOR SHEET METAL GRAPHICS A. Sizes and shapes: As indicated on drawings (signage schedule and details) B. Locations: As indicated on drawings. C. .055"" metal sheet with laminate backer, sizes and shapes as indicated on drawings (signage schedule and details), image to be reverse cut out of sheet. D. Mounting: ?Projected Spacer Mounting? E. Owner/Architect to provide graphics.",,Installation,Installation in May - Can bill for sign production once complete,Survey needed,2025-08-20,2025-10-08,2026-05-08,2025-10-14,,,,,,,WK,WK,False,,,0.0,292.0,2026-04-23,J30283 HUTTON CORPORATION_WALL SIGN.pdf,In Process,True,,Routing Complete,done,done,,
J33049,ROLLING HILLS WILDLIFE ADVNT,DP,Moundridge,WK,"12 x 30 Wrap - Moundridge Furnish and install (1) 12' x 30' (13' x 31' bleed) vinyl wrap as part of a 36 month contract. (Upper board, South facing) Agreement to go into effect 9/2025",,Installation,,Survey needed,2025-08-25,2025-10-13,,2025-10-19,,,,INDEPENDENT'S,20213,RECEIVED,WK,WK,False,,0.0,0.0,287.0,,document - 2026-05-13T150957.326.pdf,In Process,True,,,,,,
J33068,ROLLING HILLS WILDLIFE ADVNT,DP,Chapman,WK,12 x 40 Wrap - Chapman Furnish and install (1) 12' x 40' wrap (13' x 41' with bleed) as part of a 36 month contract. (East facing board) Contract to go into effect 9/2025.,,Installation,,Survey needed,2025-08-26,2025-10-14,,2025-10-20,,,,INDEPENDENT'S,20214,RECEIVED,WK,WK,False,,0.0,0.0,286.0,,document - 2026-05-13T150844.665.pdf,In Process,True,,,,,,
J33069,ROLLING HILLS WILDLIFE ADVNT,DP,Ellsworth,WK,12 x 30 Wrap - Ellsworth Furnish and install (1) 12' x 30' wrap (13' x 31' with bleed) as part of a 36 month contract. (West facing board) Contract to go into effect 9/2025.,,Installation,,Survey needed,2025-08-26,2025-10-14,,2025-10-20,,,,INDEPENDENT'S,20222,RECEIVED,WK,WK,False,,0.0,0.0,286.0,,document - 2026-05-13T150557.872.pdf,In Process,True,,,,,,
J33070,ROLLING HILLS WILDLIFE ADVNT,DP,Russell,WK,12 x 40 Wrap - Russell Furnish and install (1) 12' x 40' wrap (13' x 41' with bleed) as part of a 36 month contract. (West facing board) Contract to go into effect 9/2025.,,Installation,,Survey needed,2025-08-26,2025-10-14,,2025-10-20,,,,INDEPENDENT'S,20215,RECEIVED,WK,WK,False,,0.0,0.0,286.0,,document - 2026-05-13T150438.165.pdf,In Process,True,,,,,,
J33047,ROLLING HILLS WILDLIFE ADVNT,DP,Concordia,WK,"12 x 24 Wrap - Concordia Furnish and install (1) 12' x 24' (13' x 25' bleed) vinyl wrap as part of a 36 month contract. (Upper board, North facing) Agreement to go into effect 9/2025",,Installation,,Survey needed,2025-08-27,2025-10-15,,2025-10-21,,,,INDEPENDENT'S,20212,RECEIVED,WK,WK,False,,0.0,0.0,285.0,,document - 2026-05-13T151153.919.pdf,In Process,True,,,,,,
J32860,EQUITY BANK,DW,"Kirksville, MO",NEK,Kirksville Monument Sign Fabricate and install 1 double face LED illuminated aluminum sign cabinet with routed push thru graphics. Sign cabinet to be painted black and have gold reveal. Sign cabinet to be installed on customer provided stone base. Steel pole structure and concrete foundation included.,,Installation,,Survey needed,2025-09-10,2025-10-29,2026-03-31,2025-11-04,,,,MIRATEC,18631,RECEIVED,WK,WK,False,19370.1,,0.0,271.0,2026-03-16,J32860 Equity Bank_Monument Sign.pdf,In Process,True,Outsourced,Routing Complete,done,done,done,
J33489,MIDWAY MOTORS SUPERCENTER,DP,Salina,WK,12' x 40' wrap_Salina Furnish and install (1) 12' x 40' vinyl wrap (13' x 41' with bleed) as part of a new 36 month renewal contract. (C) #73223 North facing I-135 South at MM 87.35.,,Installation,10/8 - waiting on artwork,Survey needed,2025-09-19,2025-11-07,,2025-11-13,,,,INDEPENDENT'S,19775,RECEIVED,WK,WK,False,,0.0,0.0,262.0,,,In Process,True,,,,,,
J29240,The Law Company,"TN,JL",Topeka,NEK,KDEM Operations & Training Center - Panel & Acrylic Sings Panel Signs Custom Cut Acrylic Sings,,Installation,replacements ordered,Survey needed,2025-10-22,2025-12-10,,2025-12-16,,,,GEMINI,19207 / 20149,ORDERED,NEK,NEK,False,,0.0,0.0,229.0,,J29240 The Law Company_KDEM OPERATIONS AND TRAINING PANELS.pdf,In Process,True,,,,,,
J29241,The Law Company,"TN,JL",Wichita,NEK,"KDEM Operations & Training Center - Dimensional Cast Letters and Plaques Bronze Cast Aluminum Letters 12"" Bronze Cast Aluminum Plaque",,Installation,,Survey needed,2025-10-22,2025-12-10,,2025-12-16,,,,GEMINI,18983 / 18984,RECEIVED,WK,WK,False,,0.0,0.0,229.0,,J29241 The Law Company_KDEM OPERATIONS AND AND TRAINING_letters and plaque.pdf,In Process,True,,,,,,
J29239,The Law Company,"TN,JL",Topeka,NEK,KDEM Operations & Training Center - ADA SIGNAGE DETAILS: SEE SCHEDULE ADN FE 301 QTY: Type A - 54 Type B - 10 Type C - 14 Type D - 4 Type E - 3 Type F - 7 Type G - 4 Type H - 8 Type J - 33 Type K - 1 Type M - 1 Type N - 3 Type O - 7,,Installation,,Survey needed,2025-10-22,2025-12-10,,2025-12-16,,,,vista systems,18985,RECEIVED,WK,WK,False,,0.0,0.0,229.0,,J29239 The Law Company_KDEM ADA signs.pdf,In Process,True,,,,,,
J32861,EQUITY BANK,DW,"Kirksville, MO",NEK,"Kirksville Interior Illuminated Logo Fabricate and install (1) 3""deep fabricated aluminum trimless face lit logo to be installed flush to interior wall. 1002 S Baltimore ST Kirksville, MO 65203",,Installation,March/April Install,Survey needed,2025-11-17,2026-01-05,,2026-01-11,,,,SIGN HOUSE,19457,RECEIVED,WK,WK,False,10148.8,0.0,0.0,203.0,,J32861 Equity Bank_Interior Logo.pdf,In Process,True,,,,,,
J32914,EQUITY BANK,DW,"Kirksville, MO",NEK,"Kirksville Teller Desk Sign Non-Illuminated Fabricate and install (1) 2""deep foam logo with black laminate and black edges. 1002 S Baltimore ST Kirksville, MO 65203",,Installation,March/April Install,Survey needed,2025-11-17,2026-01-05,,2026-01-11,,,,"GEMINI,GREGORY",19463 / 19497,RECEIVED,WK,WK,False,3734.97,,0.0,203.0,,J32914 Equity Bank_Interior Logo.pdf,In Process,True,Outsourced,,,,done,
J32862,EQUITY BANK,DW,"Kirksville, MO",NEK,"Kirksville East Building Elevation Fabricate and install (1) sets of combo lit LED illuminated channel letters and logo mounted to the East building elevation. Sign to have aluminum wire raceway behind parapet wall to hide wiring and power supplies. 1002 S Baltimore ST Kirksville, MO 65203",,Installation,March/April Install,Survey needed,2025-11-17,2026-01-05,,2026-01-11,,,,SIGN HOUSE,19458,RECEIVED,WK,WK,False,8980.0,0.0,0.0,203.0,,J32862 Equity Bank_East Building Signs.pdf,In Process,True,,,,,,
J32864,EQUITY BANK,DW,"Kirksville, MO",NEK,"Kirksville South Buidling Elevation Fabricate and install (1) sets of combo lit LED illuminated channel letters and logo mounted to the East building elevation. Sign to have aluminum wire raceway behind parapet wall to hide wiring and power supplies. 1002 S Baltimore ST Kirksville, MO 65203",,Installation,March/April Install,Survey needed,2025-11-17,2026-01-05,,2026-01-11,,,,SIGN HOUSE,19460,RECEIVED,WK,WK,False,8980.0,0.0,0.0,203.0,,J32864 Equity Bank_South Building Signs.pdf,In Process,True,,,,,,
J34367,EQUITY BANK,DW,"Kirksville, MO",NEK,"Kirksville Flag Mount Revision Fabricate and install 1 double face LED illuminated flag mount sign. Sign to read ATM. 1002 S Baltimore ST Kirksville, MO 65203",,Installation,March/April Install,Survey needed,2025-11-17,2026-01-05,,2026-01-11,,,,,,,WK,WK,False,8813.9,,0.0,203.0,,J34367 Equity Bank_Flag Mount Sign.pdf,In Process,True,Hutch,Routing Complete,done,done,done,
J32858,EQUITY BANK,DW,"Kirksville, MO",NEK,"Kirksville Inwall Surround Fabricate and install 1 painted aluminum pan sign surround to existing inwall ITM unit. 1002 S Baltimore ST Kirksville, MO 65203",,Installation,March/April Install,Survey needed,2025-11-17,2026-01-05,2026-04-10,2026-01-11,,,,,,,WK,WK,False,2164.81,,0.0,203.0,2026-03-26,J32858 Equity Bank_ITM Surround.pdf,In Process,True,"Hutch,Outsourced",Routing Complete,done,,done,done
J35253,CITY BEVERAGE,AS,Hutchinson,WK,NC replacement wrap NC original wrap was wrong size (too large). Furnish and install (1) 10’ 7”t x 24’ VO (11’ 7” t x 25’ w overall with bleed) wrap to replace wrap that is too large.,,Installation,,Survey needed,2025-12-18,2026-02-05,,2026-02-11,,,,INDEPENDENT'S,19211,RECEIVED,WK,WK,False,,0.0,0.0,172.0,,,In Process,True,,,,,,
J35454,Luminous Neon LLC,NH,Dodge City,WK,"4'x8' ACM sponsor panel Furnish and install (1) 4'x8' S/F N/I ACM ad panel with digitally-printed vinyl graphics/UV laminate. On the south grandstands, overlay the existing Duraply panel (currently advertising Luminous Neon) using painted screws.",,Installation,,Survey needed,2026-01-08,2026-02-26,,2026-03-04,,,,GREGORY,19318,RECEIVED,WK,WK,False,1190.49,,0.0,151.0,,J35454 LUMINOU NEON LLC.pdf,In Process,True,Outsourced,,,,done,
J34769,Faith Journey Church,QT,Olathe,NEK,FJ Building Sign 111725 Remove existing building sign and mount to the back wall of the building. Produce and install one (1) single sided internally illuminated building sign.,,Installation,,Survey needed,2026-01-14,2026-03-04,2026-05-22,2026-03-10,,,,MIRATEC,19965,RECEIVED,NEK,NEK,False,8732.0,,0.0,145.0,2026-05-07,J34769 Faith Journey_exterior building cabinet.pdf,In Process,True,Outsourced,,done,done,,
J34640,TAG TEAM PIZZA INC. - Domino's Pizza,VB,Topeka,NEK,"repair truck damage to Domino's Pizza/Baskin-Robbins pole sign with new cabinet At the joint Domino's & Baskin-Robbins pole sign, a Coca-Cola truck has hit and twisted the sign, but the faces are still intact: 1) survey existing sign for height/width of the cabinet, depth of the cabinet, retainers and T-bar information, plus overall height of sign 2) fabricate a new mill-finished aluminum cabinet, 9’5” x 6’4”, 8” deep with internal LED illumination, matching retainers & divider bar to reusing Baskin-Robbins and Domino’s existing pan faces 3) modify flag-mounting structure for installation, keeping the same overall height, and painting upper section to match mill-finished aluminum cabinet 4) remove & scrap existing sign, keep faces 5) install new cabinet and existing faces 6) take completion photos NOTE: Primary electrical will need to be disconnected by a licensed electrician prior to reinstallation and reconnected afterward.",,Installation,,Survey needed,2026-01-19,2026-03-09,2026-04-15,2026-03-15,,,,,,,WK,NEK,False,9785.73,,0.0,140.0,2026-03-31,,In Process,True,,,done,done,,
J28930,Dondlinger & Sons Construction -Children's Mercy,CC,Wichita,WK,"One set of internally illuminated channel letters Furnish and install one set of internally illuminated, channel letters and logo. When placing pattern on wall, make sure seam in building panels runs in between logo and copy.",,Installation,,Survey needed,2026-01-19,2026-03-09,,2026-03-15,,,,SIGN HOUSE,19412,RECEIVED,WK,WK,False,10182.1,0.0,0.0,140.0,,J28930 Children's Mercy Hospital_Wichita channel letters.pdf,In Process,True,,,,,,
J35716,GREATER WICHITA YMCA,DW,Hutchinson,WK,"Hutchinson Channel Logo Revised Fabricate and install (1) 3"" deep face lit channel logo with blue returns, blue trim cap, blue perforated vinyl, and self-contained power supplies and two sets of 1/2"" thick painted aluminum flat cut out letters reading ""the"" and ""YMCA"".",,Installation,May 4th install,Survey needed,2026-01-29,2026-03-19,2026-04-30,2026-03-25,,,,"GEMINI,MIRATEC",19573 / 19610,RECEIVED,WK,WK,False,5789.2,,0.0,130.0,2026-04-15,J35716 YMCA_Building Sign.pdf,In Process,True,Outsourced,Routing Complete,done,done,done,
J34938,DCS SERVICES,DP,Uniontown,NEK,"Uniontown 112625-Greenbush Produce and install one (1) set of 1/4"" flat cut out metal lettering and logo mounted to a 1"" deep metal pan background with radius corners Logo: Painted black with applied graphics - 7125-10 white, 7125-14 bright orange and black. Letters: Painted white. Backer pan: Painted Black *No sign permit required per City.",,Installation,FCO logo has direct print graphics,Survey needed,2026-01-30,2026-03-20,,2026-03-26,,,,GEMINI,19572,RECEIVED,WK,WK,False,10219.0,,0.0,129.0,,J34938 Uniontown Pre-K_1.27.26.pdf,In Process,True,"Hutch,Outsourced",,done,,done,done
J33324,Greenbush - The Southeast Kansas Service Center,"QT,DP",Girard,NEK,Greenbush Community Building 090925 Remove and dispose of existing building signage. Produce and install one non illuminated wall mounted building sign display.,,Installation,FCO's ordered 3/25,Survey needed,2026-02-06,2026-03-27,2026-04-30,2026-04-02,,,,GEMINI,19591,RECEIVED,WK,NEK,False,6140.0,,0.0,122.0,2026-04-15,J33324r1 Greenbush Community Building_pan with FCOs.pdf,In Process,True,Outsourced,,done,done,,
J36001,Todd's Clothiers,QT,KCMO,NEK,Todds Clothiers KCMO survey Please survey the Todd's Clothiers location in the Crossroads. Please make sure to include: Photos and measurements for new front window graphics. Please photo and measure all storefront glass.,,Installation,,Survey needed,2026-02-06,2026-03-27,,2026-04-02,,,,,,,NEK,NEK,False,,0.0,0.0,122.0,,,In Process,True,,,,,,
J34682,Greenbush - The Southeast Kansas Service Center,"QT,DP",Girard,NEK,Greenbush Building Directional 111225 Remove and dispose of existing building mounted directional sign. Produce and install one (1) non illuminated painted building mounted directional sign with reflective vinyl graphics.,,Installation,,Survey needed,2026-02-06,2026-03-27,,2026-04-02,,,,,,,NEK,NEK,False,1948.0,0.0,0.0,122.0,,J34682 Greenbush_main campus building directional.pdf,In Process,True,Lawrence,,,,,
J34681,Greenbush - The Southeast Kansas Service Center,"QT,DP",Girard,NEK,Greenbush DeMoss Entrance Sign Produce and install one (1) single sided non illuminated sign with flat cut out lettering with Greenbush name and logo and Dave DeMoss Center Main Entrance,,Installation,,Survey needed,2026-02-06,2026-03-27,,2026-04-02,,,,GEMINI,19521,RECEIVED,NEK,NEK,False,5997.0,,0.0,122.0,,J34681r1 Greenbush DeMoss Building_pan with FCOs.pdf,In Process,True,Outsourced,,done,done,,
J32492,Fisch Haus,CC,Wichita,WK,"Receive and install a new 12' 7.5"" (H) x 38' (W), digitally printed vinyl wrap onto the existing wall mounted billboard structure on the south side of building. Artwork to be provided by customer. Permit, if required, will be invoiced as a separate line item on final billing. Material and installation to have a one year warranty against any defects. NOTE: Natural fading will occur over time, but graphic should look good for an industry standard of three years. Fading will be kept to a minimum if red colors can be avoided in the design.",,Installation,,Survey needed,2026-02-19,2026-04-09,,2026-04-15,,,,,,RECEIVED,WK,WK,False,4263.44,0.0,0.0,109.0,,Fisch Haus Current Vinyl Wrap.jpg,In Process,True,,,,,,
J36106,Belfor Property Restoration,AS,Hutchinson,WK,"New Bay's letters Remove remaining ""ay's"". Furnish and install (1) new set of 12"" tall, formed Plastic letters reading ""Bay's"". Letters to be Brush Script font and painted 873 Metallic Gold. Letters to go in same location the previous letters were.",,Installation,,Survey needed,2026-02-23,2026-04-13,,2026-04-19,,,,GEMINI,19670,RECEIVED,WK,WK,False,973.84,0.0,0.0,105.0,,J36106 Bays Jewelery_formed plastic letters.pdf,In Process,True,,,,,,
J35775,Dondlinger & Sons Construction,DW,Wichita,WK,"Goodwill West Central Donations North Elevation Fabricate and install 1 set of face lit LED illuminated channel letters to read ""Donations"" with white trim caps, returns, to match Reflex Blue and white faces and digitally printed perforated vinyl to match Reflex Blue. All signage to be flush mounted to building.",,Installation,,Survey needed,2026-02-26,2026-04-16,,2026-04-22,,,,SIGN HOUSE,19678,RECEIVED,WK,WK,False,6319.83,0.0,0.0,102.0,,J35775 Goodwill_Channel Letters.pdf,Hold,True,,,,,,
J35673,TAG TEAM PIZZA INC. - Domino's,VB,Topeka,NEK,"Domino's 29th & California replacement pole sign faces At Domino's 29th & California in Topeka: 1) the pole sign faces are badly faded 2) provide two new 84.5"" x 71.5"" white acrylic pan-formed white faces with 2.5"" flanges and 1.5"" pan, and Domino’s Pizza logo on the top of the pan with 3630-33 red and 3632-127 Intense blue vinyl graphics 3) install to fit the new cabinet when built 4) take completion photos Drawing VB-J35675",,Installation,,Survey needed,2026-03-08,2026-04-26,,2026-05-02,,,,SIGN FACES,19712,RECEIVED,NEK,NEK,False,4425.0,0.0,0.0,92.0,,J35673 Domino's Pizza_Sign Faces.pdf,In Process,True,,,,,,
J35764,NORTH AMERICAN SAVINGS BANK,SP,KCMO,NEK,"REPLACE 3 EXISTING DAMAGED DIRECTIONAL SIGNS WITH NEW REPLACE 3 EXISTING DIRECTIONAL SIGNS WITH NEW - Produce/install three (3) new non illuminated single faced directional signs to replace 3 damaged signs in the same locations which will be removed/disposed of. 2 signs are in sod/dirt locations and 1 is in a rock landscaped area. Sign faces, frames and posts to be all painted NASB dark blue PMS 288C with white reflective vinyl copy only on 1 side (backside is just painted) with same copy for replacement signs as was on existing signs which are: 2 as ""DRIVE-UP ATM"" and 1 as ""DO NOT ENTER"". Sign sizings are: DRIVE-UP ATM 2 signs are sized 12"" x 36"" for its faces and 3' tall overall with 2"" x 2"" frames, and DO NOT ENTER 1 sign sized 30"" x 30"" for its faces and 4'6"" tall overall with 2"" x 2"" frame.",,Installation,,Survey needed,2026-03-10,2026-04-28,,2026-05-04,,,,,,,WK,NEK,False,5767.0,,0.0,90.0,,J35764 NASB_directionals.pdf,In Process,True,,,done,,done,done
J31712,HFG Architecture,DW,Wichita,WK,Flag Mount Sign Revision #3 Remove and bring back into shop ID section of flag mount sign leaving in place black and grey accent pieces. Fabricate new faces and repaint ID cabinet while in shop. Reinstall ID cabinet.,,Installation,,Survey needed,2026-03-11,2026-04-29,2026-06-08,2026-05-05,,,,GREGORY,19789,RECEIVED,WK,WK,False,9266.19,,0.0,89.0,2026-05-24,J31712 HFG Architecture_Flag Mount Sign (1).pdf,In Process,True,Outsourced,Routing Complete,done,done,done,
J36696,FOLEY EQUIPMENT,QT,Topeka,NEK,"Foley Topeka CCC Signs 031126 Provide labor, equipment and necessary materials to fabricate and modify existing damaged two (2) non illuminated yard signs to be corrected and repaired to working order.",,Installation,,Survey needed,2026-03-13,2026-05-01,2026-04-28,2026-05-07,,,,,,,WK,NEK,False,,,0.0,87.0,2026-04-13,,In Process,True,Lawrence,,done,done,,
J36772,BILLBOARD BUSINESS LLC,NH,Dodge CIty,WK,"double-stack R/S structure (Army Surplus) Erect the 10'x24' illuminated double-stack billboard structure that was previously intended to install at Nuedorf Siding in Sublette. (currently stored at the Lumineo-DC yard). Location has been staked (per 30' setback). Need to coordinate with Victory Electric, and a hired electrician, to feed power to the sign.",,Installation,,Survey needed,2026-03-16,2026-05-04,,2026-05-10,,,,,,,WK,WK,False,,0.0,0.0,84.0,,,In Process,True,,,,,,
J36784,DAIRY QUEEN #11314,VB,Topeka,NEK,"Dairy Queen NW Topeka drive-thru canopy hit At Dairy Queen N Topeka, the drive-thru canopy has been hit by a vehicle: 1) check in/out with Matt Pettit or another manager 2) take photos and measure damaged sections for replacement 3) check the clearance bar to see if we can modify the existing so that it’s more noticeable or solid when hit, get measurements 4) if the clearance bar has j-bolts, get that information",,Installation,,Survey needed,2026-03-17,2026-05-05,,2026-05-11,,,,,,,NEK,NEK,False,,0.0,0.0,83.0,,,In Process,True,,,,,,
J36294,NKC Health,QT,KCMO,NEK,NKC-013 Removals 022326 Sign # 100-002 and # 100-006 sign Type REMOVE Remove and dispose of existing two (2) small interior sign displays.,,Installation,,Survey needed,2026-03-18,2026-05-06,,2026-05-12,,,,,,,NEK,NEK,False,265.2,0.0,0.0,82.0,,"NKC-013 9500 N Oak Medical Center_100-006_Remove_J36294.pdf, NKC-013 9500 N Oak Medical Center_100-002_Remove_J36294.pdf",In Process,True,,,,,,
J36392,SDG Architecture + Interiors,JL,Topeka,NEK,Signage Removal Remove all signage on building front with the exception of Edward Jones Sign. Seal all holes using clear silicone or custom color caulk provided by client if available.,,Installation,,Survey needed,2026-03-19,2026-05-07,,2026-05-13,,,,,,,NEK,NEK,False,1193.0,0.0,0.0,81.0,,,In Process,True,,,,,,
J36854,Park City City Hall,DW,Park City,WK,Wayfinding Final Install Labor Install cost for final (4) wayfinding signs that had location issues. USE THIS JOB NUMBER TO INSTALL TWO REMAING WAYFINDING AND 1 REMAINING WELCOME SIGN.,,Installation,,Survey needed,2026-03-23,2026-05-11,,2026-05-17,,,,,,,WK,WK,False,,0.0,0.0,77.0,,,In Process,True,,,,,,
J36317,NKC Health,QT,NKCMO,NEK,"NKC-015 REMOVAL NKC-015_2700 Professional Building 2700 Clay Edwards Dr North Kansas City, MO 64116 REMOVAL for Sign # 500a Remove and dispose of existing lettering reading Your home for childrens health. Patach repair and repaint surface as necessary to restore to like new conditions.",,Installation,,Survey needed,2026-03-23,2026-05-11,,2026-05-17,,,,,,,NEK,NEK,False,296.92,0.0,0.0,77.0,,NKC-015_2700 Professional Building Print Book.pdf,In Process,True,,,,,,
J36435,NKC Health,QT,NKCMO,NEK,"NKC-018 Removals Various Removals across campus. Remove signs where necessary and restore ground area and wall surface to like new conditions. Removal for Sign #'s 005, 007, 012, 016, 018, 039, 050b, 054, 064, 073a, 073b, 073c, 073d, 075a, 075b, 075c, 075d, 076, 077a, 077b, 077c, 077d, 077e, 077f, 077g, 080, 081, 082, 083, 074, 092, 094, 096, 098, 102, 107, 115, 122a, 123, 132, 150,149, 162 and ER-001",,Installation,,Survey needed,2026-03-24,2026-05-12,,2026-05-18,,,,,,,NEK,NEK,False,,0.0,0.0,76.0,,,In Process,True,,,,,,
J36720,EQUITY BANK,DW,Overland Park,NEK,Overland Park Site Sign Fabricate and install 1 double face wooden site sign with digitally printed vinyl graphics installed in dirt. COORDINATE WITH GC ON PLACEMENT AND CHECK FOR ONE CALL REQUIREMENTS. G.C. ANTHONY BROWN SUPERIOR BOWMAN 816-398-3583,,Installation,,Survey needed,2026-03-25,2026-05-13,,2026-05-19,,,,GREGORY,19913,RECEIVED,NEK,NEK,False,2796.19,,0.0,75.0,,J36720 Equity Bank_Site Sign.pdf,In Process,True,Outsourced,,,,done,
J35329,BICKFORD SENIOR LIVING,SP,Olathe,NEK,"NEW ROUTED TENANT PANEL FOR EXISTING MONUMENT ROUTED TENANT PANEL FOR EXISTING MONUMENT - Remove/dispose of existing two (2) ""Brooks Family Care/Mills Wellness"" tenant panels and produce/install two (2) new routed aluminum backed with white acrylic to contain the new tenants name to read as: ""Thrive MD & Mills Wellness"". New tenant panels to use same font style as all other small tenant panels have and panels to be painted same PMS Warm Gray 11C color as others. Sizing of panels are 5 7/8"" x 48"". ** WILL NEED CREW SURVEY OF PANEL TO VERIFY EXACT PANEL SIZING. **",,Installation,,Survey needed,2026-03-26,2026-05-14,2026-05-14,2026-05-20,,,,,,,WK,NEK,False,1644.0,,0.0,74.0,2026-04-29,J35329 Bickford University Office Park_routed tenant panel.pdf,In Process,True,Hutch,Routing Complete,done,done,,
J36207,NKC Health,QT,KCMO,NEK,"NKC-012 Removals only Sign #'s 004, 007a, 007b, 007c, 007d, 007e, 010a, 010b, 012, 100-001, 100-003 Remove and dispose of existing signage as necessary. Patch repair and repaint wall surface to like new conditions as needed.",,Installation,,Survey needed,2026-03-26,2026-05-14,,2026-05-20,,,,,,,NEK,NEK,False,1458.6,0.0,0.0,74.0,,,In Process,True,,,,,,
J35655,Lineage,NH,Dodge City,WK,"(3) S/F N/I alum P&P's DIRECTIONAL SIGNS: Furnish and install (3) 3'h x 6'w single-face, non-illuminated aluminum post & panel signs (blue enamel finish, reflective white Scotchlite graphics, digitally-printed logos, 4""x4"" aluminum tubing posts, setup for direct-bury; 3' below grade). Cut & breakout concrete at each sign location. Use an electric auger to dig holes, and fill with Sack-crete to grade (finishing off flush with the existing driveway concrete). **IF CUSTOMER WISHES TO INSTALL THEMSELVES, DEDUCT $3,686.03 FOR NO INSTALLATION. (CUSOTMER PICKS UP AT THE LUMINEO-DODGE CITY SHOP).",,Installation,,Survey needed,2026-03-31,2026-05-19,2026-06-04,2026-05-25,,,,GREGORY,19913,RECEIVED,WK,WK,False,11738.86,,0.0,69.0,2026-05-20,J35655 LINEAGE.pdf,In Process,True,"Hutch,Outsourced",,done,,done,done
J31474,Salina Educational Automotive Museum of America,DP,Salina,WK,"The Garage - North Elevation Furnish and install (1) Set of dual color face lit/back lit channel letters ""GARAGE"", and face lit ""THE"" and horizontal elements. Mount to wall with spacer. Colors: PMS 185 Red, Perforated Brushed Aluminum Vinyl. City permits to be billed at cost on final invoice. Primary power/final electrical connection by others Pricing Contingent upon access/survey etc.",,Installation,,Survey needed,2026-04-01,2026-05-20,,2026-05-26,,,,SIGN HOUSE,19950,RECEIVED,WK,WK,False,13416.8,0.0,0.0,68.0,,J31474 the Garage_North Elevation.pdf,In Process,True,,,,,,
J36904,Weddle & Sons Roofing of Salina,DP,Salina,WK,Vinyl wrap 10 x 30 (C) #378 Furnish and install (1) 10 x 30 vinyl wrap for roadsign (11' x 31' with bleed). Wrap is provided as part of new 3 year contract. Contract begins on 4/1/26. Board is South facing on righthand side of the road.,,Installation,,Survey needed,2026-04-02,2026-05-21,,2026-05-27,,,,INDEPENDENT'S,19939,RECEIVED,WK,WK,False,,0.0,0.0,67.0,,document - 2026-04-03T080617.096.pdf,In Process,True,,,,,,
J32429,CITY OF ANDOVER,"VB,CC",Andover,WK,"Capitol Federal Amphitheater update monument sign At Capitol Federal Amphitheater in Andover: 1) survey monument sign for accurate curvature on its back side 2) remove & scrap existing Capitol Federal Amphitheater logo on monument sign 3) relocate the power by Evergy letters to lower right 4) provide new internally LED-illuminated channel letters for Capitol Federal Amphitheater® with 21” capital letters for Capitol Federal and 13¾” capital letter in Amphitheater 5) install on curved wall faced with stone, backed with EFIS, including raceways behind the wall painted to match the EFIS color 6) take completion photos Drawing VB-J32429",,Installation,,Survey needed,2026-04-03,2026-05-22,2026-05-22,2026-05-28,,,,steel art,19907,RECEIVED,WK,WK,False,22755.0,,0.0,66.0,2026-05-07,J32429 Cap Fed Amphitheater_Wall Sign.pdf,In Process,True,,Routing Complete,done,,,
J36799,FOLEY EQUIPMENT,QT,Topeka,NEK,"Foley Topeka Damaged monument 031826 Monument sign faces were damaged for both sides of double sided monument. Customer has temporarily fixed and reattached the faces for now. Lumineo to provide labor, equipment and necessary materials to produce and install replacement non illuminated metal sign faces with custom applied vinyl graphics for both sides of double sided monument sign that was damaged. Survey needed to confirm the extent of the damage and confirm build sizes before production.",,Installation,,Survey needed,2026-04-03,2026-05-22,,2026-05-28,,,,,,,NEK,NEK,False,3782.0,0.0,0.0,66.0,,,In Process,True,Lawrence,,,,,
J36253,First Security Bank,DW,Norwich,WK,Norwich Corner Sign Option 1 Remove and discard existing sign cabinet. Fabricate and install 1 new LED illuminated routed push thru cabinet.,,Installation,,Survey needed,2026-04-03,2026-05-22,2026-05-28,2026-05-28,,,,GREGORY,20024,RECEIVED,WK,WK,False,10414.96,,0.0,66.0,2026-05-13,J36253 First Security Bank_Building Sign.pdf,In Process,True,"Hutch,Outsourced",Routing Complete,done,in_progress,in_progress,
J35500,MT DOBSKI - McDonald's,VB,DeSoto,NEK,"McDonald's DeSoto replace parking lot lights with LEDs At McDonald's DeSoto, there are several parking lot lights out: 1) check in/out with manager on duty 2) survey parking lot light poles to confirm fixture info, height and dimensions 3) remove the old shoebox fixtures, believed to hours 250 watt metal halide bulbs & ballasts 4) provide and install twelve (12) 400 watt equivalent LED fixtures to replace 250 watt MH shoebox fixtures 5) the pole directly across from the second drive-thru window appeared to have an issue at the top and was disconnected, repair 6) take completion photos",,Installation,,Survey needed,2026-04-06,2026-05-25,,2026-05-31,,,,,,,NEK,NEK,False,9165.0,0.0,0.0,63.0,,,In Process,True,,,,,,
J37145,Rockstar Investments LLC,LNI,Lawrence,NEK,Removal Removal of two cloud cabinets on front elevation. This is a T&M ticket with a DNE $550.,,Installation,,Survey needed,2026-04-06,2026-05-25,,2026-05-31,,,,,,,NEK,NEK,False,,0.0,0.0,63.0,,,In Process,True,,,,,,
J36219,First Security Bank,DW,Wichita,WK,Wichita Building Sign Remove and discard existing channel letters. Fabricate and install 1 new set of face lit trim cap channel letter flush mounted to building.,,Installation,,Survey needed,2026-04-07,2026-05-26,,2026-06-01,,,,AI Innovations,20000,RECEIVED,WK,WK,False,9773.6,0.0,0.0,62.0,,J36219 NEW First Security Bank_Building Sign.pdf,In Process,True,,,,,,
J36817,CAPITOL FEDERAL,VB,Overland Park,NEK,"Capitol Federal 13500 Metcalf replace directional signs At Capitol Federal’s 13500 Metcalf branch, all three directional signs have peeling vinyl: 1) coordinate in advance with the Bank 2) remove & scrap existing directional signs 3) create three new double-faced aluminum directional signs, with painted bronzetone framework, painted 20” x 24"" PMS 300 blue background and reflective white vinyl copy 4) install to an overall height of 48"" 5) take completion photos Drawing VB-J36817",,Installation,,Survey needed,2026-04-09,2026-05-28,2026-05-28,2026-06-03,,,,,,,NEK,NEK,False,3850.0,,0.0,60.0,2026-05-13,J36817 Cap Fed_Directionals.pdf,In Process,True,Lawrence,,done,done,done,
J33828,Children's Mercy Hospital,SP,KCMO,NEK,"2 S/F NEW ALUMINUM PAN SIGNS (FLUSH MOUNT) TO REPLACE 2 EXISTING HANGING SIGNS 2 NEW GARAGE PAN SIGNS TO REPLACE 1 EXISTING HANGING GARAGE SIGN (yellow level ""Elevator ->/ <-"") - Remove/dispose one (1) existing double faced hanging garage sign for yellow level reading ""Elevator ->/ <-"" and produce/install 2 single faced all aluminum fabricated pan signs with dimensional aspects (per profile view) with copy as current signs had ""Elevator ->/ <-"". New signs to be painted SW 7039 Dark Brown for panels and painted to match 7125-25 Sunflower Gold (or PMS 124C yellow) for squares with white reflective vinyl copy 680-10 and overall sized 11"" tall x 78"" long x 4 1/4"" deep. Signs flush mounted onto concrete garage header area.",,Installation,,Survey needed,2026-04-10,2026-05-29,2026-06-04,2026-06-04,,,,,,,NEK,NEK,False,3934.0,,0.0,59.0,2026-05-20,J33828 ChildrensMercy Gilham Garage_pan.pdf,In Process,True,Lawrence,,done,done,,
J32903,MINNEOLA HEALTHCARE,NH,Minneola,WK,"OPT A -utilize 2 cabinets @ LTC site OPTION A: Furnish a new steel plate/pole stub structure (painted black). Remove and dispose of the existing wooden post & panel sign. Set the new steel poles in concrete (excavation through dirt) including a conduit sweep. On the return trip, remove the customer's 2' 9""h x 5' 6""w x 12""d arched cabinet, and 20""h x 8' 3""w x 20""d base cabinet from storage, and bolt them to the plate. Furnish and install (1) new flat plex face with translucent digitally-printed graphics, to fit the bottom cabinet. *SIGN WILL SIT PARALLEL TO THE ROAD. (The top logo cabinet faces will remain as is. We'll peel the black ""FAMILY CARE CLINIC"" vinyl from the bottom face, to blank out the bottom piece that faces the building. *THE CUSTOMER IS RESPONSIBLE FOR RUNNING POWER TO THE SIGN LOCATION.",,Installation,,Survey needed,2026-04-13,2026-06-01,2026-06-04,2026-06-07,,,,MIRATEC,20020,RECEIVED,WK,WK,False,5015.53,,0.0,56.0,2026-05-20,J32903 MINNEOLA HEALTHCARE.pdf,In Process,True,Outsourced,,done,,done,
J37225,NKC Health,QT,NKCMO,NEK,"NKC-018 Pylon Signs NKC-018_NKCH Main Hospital Campus 2800 Clay Edwards Dr North Kansas City, MO 64115 Produce and install new cabinets with flex faces on both sides of each pylon. Sign# 032 and 161 Sign #'s 024, 026, 099, 113",,Installation,,Survey needed,2026-04-13,2026-06-01,2026-06-04,2026-06-07,,,,,,,NEK,NEK,False,20719.21,0.0,0.0,56.0,2026-05-20,,In Process,True,,,,,,
J36445,NKC Health,QT,NKCMO,NEK,"NKC-018 Various i/i wayfinding NKC-018_NKCH Main Hospital Campus 2800 Clay Edwards Dr North Kansas City, MO 64115 Various internally illuminated wayfinding/directional signs. Retrofit existing sign cabinets with new translucent sign faces for internally illuminated wayfinding/directional signs Sign #'s 023, 031, 040, 049, 079, 093, 105, 118, 142, 144,165",,Installation,,Survey needed,2026-04-13,2026-06-01,2026-06-04,2026-06-07,,,,,,,NEK,NEK,False,72241.37,,0.0,56.0,2026-05-20,,In Process,True,,,done,done,,
J37289,EQUITY BANK,DW,"LaPlata, MO",NEK,LaPlata ATM Paint touch up Touch up paint on freestanding ATM retainers.,,Installation,sent SO to JF 4/21/26,Survey needed,2026-04-17,2026-06-05,,2026-06-11,,,,,,,NEK,NEK,False,,0.0,0.0,52.0,,"Image 2026-04-01 14-39-46.jpeg, Image 2026-04-01 14-40-27.jpeg",In Process,True,,,,,,
J31577,Snodgrass & Sons Construction,TC,Wichita,WK,"Central Christian Academy - Exterior Signage Lumineo Signs to furnish and install the following exterior signage at Central Christian Academy, per design TN-J31577. One (1) 6'-11"" (H) x 7'-0"" (W) x 6"" (D) S/F, I/I, Polycarb Cabinet w/ Digital Print One (1) set of 1'-0"" (H) x 3"" (D) Halo-lit RCLs, white faces & black returns, reading ""HIGH SCHOOL"" One (1) 6'-0"" (Dia.) S/F, I/I Circle Cabinet with Plex Faces and applied Digital Print graphics One (1) set of 1'-6"" (H) x 1/2"" (D) Acrylic FCOs, painted Black NOTE: All required sign permit(s) to be sourced by Lumineo Signs and billed at cost in addition to final invoice.",,Installation,FCO's here,Survey needed,2026-04-20,2026-06-08,,2026-06-14,,,,"SIGN HOUSE,GEMINI",20038 / 20039,RECEIVED,WK,WK,False,24632.39,0.0,0.0,49.0,,J31577 SNODGRASS & SONS CONSTRUCTION.pdf,In Process,True,,,,,,
J35360,CITY OF GODDARD,TC,Goddard,WK,"South Elevation Channel Letters - City of Goddard Furnish and install one (1) set of 3"" (D) internally illuminated, reverse channel letters and reverse channel logo, back-lit. All sign components to be fabricated in brushed aluminum. ""City of"" copy on South Elevation sign to be non-illuminated 1/2"" (D) Flat Cut Out letters (FCOs), with a brushed aluminum finish. Reference design TC-J35360. NOTE: Customer/GC to ensure proper electrical service is provided to the site of the sign prior to installation.",,Installation,Oct. install,Survey needed,2026-04-21,2026-06-09,,2026-06-15,,,,AI Innovations,20072,RECEIVED,WK,WK,False,9461.1,0.0,0.0,48.0,,J35360 CITY OF GODDARD.pdf,In Process,True,,,,,,
J35359,CITY OF GODDARD,TC,Goddard,WK,"West Elevation Channel Letters - City of Goddard Furnish and install one (1) set of 3"" (D) internally illuminated, reverse channel letters and reverse channel logo, back-lit. All sign components to be brushed aluminum. Reference design TC-J35359. NOTE: Customer/GC to ensure proper electrical service is provided to the site of the sign prior to installation.",,Installation,Oct. install,Survey needed,2026-04-21,2026-06-09,,2026-06-15,,,,AI Innovations,20075,RECEIVED,WK,WK,False,11388.9,0.0,0.0,48.0,,J35359 CITY OF GODDARD.pdf,In Process,True,,,,,,
J36696,FOLEY EQUIPMENT  (Metal Copy),QT,Topeka,NEK,"Foley Topeka CCC Signs 031126 Provide labor, equipment and necessary materials to fabricate and modify existing damaged two (2) non illuminated yard signs to be corrected and repaired to working order.",,Installation,,Survey needed,2026-03-13,2026-05-01,2026-04-28,2026-05-07,,,,,,,WK,NEK,False,,,0.0,87.0,2026-04-13,,In Process,True,Lawrence,,done,,,
J37354,Conrade Insurance,DP,Wichita,WK,"Additional Flush Mounted Metal Laminate on Foam Letters Lumineo to remove ""INSURANCE"" copy, customer to patch and paint before install. Furnish and install (1) set of 1"" deep flush mounted metal laminate on foam letters. Foam to be black with brushed aluminum metal laminate. New copy to be ""GROUP"". Install ""INSURANCE GROUP"" letters centered underneath ""CONRADE"". **Will need a pattern of new layout, showing new placement of both previous and new letters.",,Installation,,Survey needed,2026-04-27,2026-06-15,,2026-06-21,,,,GEMINI,20114,RECEIVED,WK,WK,False,1558.73,0.0,0.0,42.0,,J37354 Conrande Insurance_Add on FCO letters.pdf,In Process,True,,,,,,
J37158,"TYREE AG, INC",NH,"Laverne, OK",WK,"flat alum panel + install of FCO 3pc wall logo Furnish & install (1) 4'x8' flat aluminum sign panel (white enamel finish, with digitally-printed vinyl graphics/UV laminate on both sides). Fasten to the 1.25"" angle iron mounting flange using new hardware. . . While on site, install the customer's 3-piece flat aluminum cutout on their exterior office wall. Mount on the ribbed metal siding (12"" centers), and take some PVC spacers cut to 1.25"" lengths, to fasten areas that don't hit a rib. *No pattern. Just need to level the coy, and align the swoosh/plane as close as possible.",,Installation,,Survey needed,2026-04-27,2026-06-15,2026-06-02,2026-06-21,,,,GREGORY,20117,RECEIVED,WK,WK,False,3449.9,,0.0,42.0,2026-05-18,INC.pdf,In Process,True,Outsourced,,,,done,
J37437,COLLEEN & CO,LNI,Lawrence,NEK,Install pan sign Install pan sign at customers location brackets already installed on wall,,Installation,,Survey needed,2026-04-27,2026-06-15,,2026-06-21,,,,,,,NEK,NEK,False,,0.0,0.0,42.0,,,In Process,True,,,,,,
J37339,CONV/VISITORS BUREAU LIBERAL,NH,Liberal,WK,"digital prints on Gateway bench Furnish (2) 3' 2""w x 20' 4"" continuous digitally-printed vinyl graphics (with UV laminate) to apply to the outer & inner surfaces of the blank circular shade of the ""Gateway"" bend. Apply in the field, after the unit has been installed. Cut around the bench seat/brackets as needed.",,Installation,Tanner install,Survey needed,2026-04-28,2026-06-16,,2026-06-22,,,,GREGORY,20117,RECEIVED,WK,WK,False,3349.5,0.0,0.0,41.0,,J37339 CONV VISITORS BUREAU LIBERAL.pdf,In Process,True,,,,,,
J37347,WAM CAPITAL,CC,Wichita,WK,"Remove existing formed plastic address numerals. Furnish new pan with FCO numerals for 8909 E 35th Remove the formed plastic address numerals from the north side of the 8909 building. Fabricate and install a new 5' (H) x 9' (W) x 2"" (D), aluminum pan sign with routed numerals attached. Install on the upper building fascia, at the west end of building's north elevation. Background pan to be sanded, primed, and painted silver. Routed aluminum numerals sanded, primed, and painted PMS 424C. Reference design CC-J37347. Center up and down in upper fascia area and center left and right between downspouts. This is on the north side of building. Customer wants to hang new sign on the east end of building instead of west end, as rendering shows. See attached.",,Installation,,Survey needed,2026-04-29,2026-06-17,2026-06-17,2026-06-23,,,,GEMINI,20116,RECEIVED,WK,WK,False,7401.43,,0.0,40.0,2026-06-02,Existing Address Numerals.jpg,In Process,True,,,done,done,,
J37471,MEMORIAL ART COMPANY,AS,Great Bend,WK,BT19E Wrap 8 x 16 Furnish and install (1) new wrap measuring 9' x 17' Overall (VO 8 x 16) for new contract on BT19E.,,Installation,,Survey needed,2026-04-29,2026-06-17,,2026-06-23,,,,INDEPENDENT'S,20121,RECEIVED,WK,WK,False,,0.0,0.0,40.0,,J37471 MEMORIAL ART COMPANY _ 8x16 WRAP.pdf,In Process,True,,,,,,
J37469,MEMORIAL ART COMPANY,AS,McPherson,WK,MP11W New wrap Furnish and install (1) new wrap measuring 10' x 20' VO (with bleed 11' x 21') for new 36 month contract. Contract to go into effect on 6/1/26.,,Installation,,Survey needed,2026-04-29,2026-06-17,,2026-06-23,,,,INDEPENDENT'S,20121,RECEIVED,WK,WK,False,,0.0,0.0,40.0,,J37469 MEMORIAL ART COMPANY _ 10X20 WRAP.pdf,In Process,True,,,,,,
J30131,"Stone Creek Station (GC Investments, Inc)",NH,Garden City,WK,"interior faux neon burger (Blue Sky) Furnish (1) interior faux neon ""burger"" sign, consisting of a routed flat acrylic background (3/16"" thick, black) with 4000K white LED ""faux neon"" tubing on the face side, with wire leads on the backside. (setup for remote power supplies. **Nathan has already dropped off a power supply box for the electrician to inset into the wall, prior to tiling. Power will be inside). Mount the acrylic backer on the tiled wall, using aluminum spacers & decorative caps (spaced 1"" away from the wall). Mount power supplies in the inset box, and terminate leads. (Acrylic backer will overlay our box lid).",,Installation,,Survey needed,2026-04-30,2026-06-18,,2026-06-24,,,,zlight,20122,RECEIVED,WK,WK,False,3861.87,0.0,0.0,39.0,,J30131 STONE CREEK STATION_FAUX NEON SIGNS.pdf,In Process,True,,,,,,
J37083,"Stone Creek Station (GC Investments, Inc)",NH,Garden City,WK,"FCO acrylic logo (interior BSTX) INTERIOR LOGO: Furnish and install (1) set of non-illuminated flat-cut-out acrylic letters/star. (#5687 white, 3/8"" thick, flush-mounted individually using double-stick tape, over ceramic tile).",,Installation,,Survey needed,2026-04-30,2026-06-18,,2026-06-24,,,,GEMINI,20123,RECEIVED,WK,WK,False,1469.09,0.0,0.0,39.0,,J37083 STONE CREEK STATION_FCOS.pdf,In Process,True,,,,,,
J35354,Gene's Heartland Foods,JL,Eudora,NEK,"LED Retrofit for Existing Pylon Retrofit existing sign with LED lighting. Retrofit to encompass tenant face area and Gene's main ID at top of structure. Note, No LED required for reader board as it will be replaced with new 3' x 6' EMC located directly under Gene's Main ID. Tenant panel to be moved to bottom of structure. (EMC on separate ticket)",,Installation,,Survey needed,2026-04-30,2026-06-18,,2026-06-24,,,,,,,NEK,NEK,False,3033.0,0.0,0.0,39.0,,,In Process,True,,,,,,
J36580,DODGE CITY USD #443,NH,Dodge City,WK,"DIRECTIONAL SIGN: Furnish and install (1) 2' 6""h x 5'w double-face, non-illuminated aluminum post & panel sign (PMS 661 blue enamel finish, 4""x4"" aluminum posts, vinyl graphics). Hand-dig holes & set the posts in Sackcrete to grade. (4' 6"" OAH).",,Installation,,Survey needed,2026-05-01,2026-06-19,2026-06-04,2026-06-25,,,,,,,WK,WK,False,3503.19,,0.0,38.0,2026-05-20,document - 2026-05-04T091230.925.pdf,In Process,True,Hutch,,done,,done,done
J37560,American Family Insurance -Daisy Padilla,NH,Liberal,WK,"Replace all with new 4x8 blank Duraply (from DC stock). Dispose of the old panels. Also, replace the old hollow grip rod with solid fiberglass rod. Reinstall the AmFam wrap. . . Place a FOR LEASE banner on the top space (currently advertising Keating Tractor).",,Installation,,Survey needed,2026-05-01,2026-06-19,,2026-06-25,,,,,,,WK,WK,False,,0.0,0.0,38.0,,,In Process,True,,,,,,
J37549,McDonald's #4164,VB,Lawrence,NEK,"McDonald's #4164 FIFA Word Cup ""stuck"" soccer ball promotion",,Installation,,Survey needed,2026-05-01,2026-06-19,,2026-06-25,,,,,,,NEK,NEK,False,,0.0,0.0,38.0,,,In Process,True,,,,,,
J37550,McDonald's #1511,VB,Lawrence,NEK,"McDonald's #1511 FIFA World Cup ""stuck"" soccer ball promotion T&M At McDonald’s #1511 as a host City for the FIFA World Cup: 1) approximately June 1, install customer-provided 23” diameter inflatable PVC soccer ball, with included tethers and air pump, to appear “stuck” with logo facing the street 2) take photos 3) after the World Cup, remove the soccer ball, seal any holes where tethers were attached 4) take completion photos 5) return to Patrick Manning at Dobski & Associates’ office",,Installation,,Survey needed,2026-05-01,2026-06-19,,2026-06-25,,,,,,,NEK,NEK,False,,0.0,0.0,38.0,,,In Process,True,,,,,,
J37222,IDEATEK,TC,Elkhart,WK,"Furnish and install one (1) 4'-0"" (H) x 8'-0"" (W) ACM sign, with radius corners and direct digital print. To install in place of previous Epic Touch sign. Reference design TC-J37222. NOTE: Any required sign permit(s) to be sourced by Lumineo Signs, and billed at cost in addition to final invoice.",,Installation,,Survey needed,2026-05-05,2026-06-23,,2026-06-29,,,,GREGORY,20171,RECEIVED,WK,WK,False,1351.59,0.0,0.0,34.0,,document - 2026-05-06T083901.570.pdf,In Process,True,,,,,,
J36336,First Presbyterian Church,TC,Derby,WK,"Furnish and install one (1) set of 1/2"" (D) FCOs, painted PMS 288C, reading ""FIRST PRESBYTERIAN CHURCH"", installed flush mount to building in one line of copy. Reference design TC-J36336. NOTE: Any required sign permits to be sourced by Lumineo Signs and billed at cost in addition to final invoice.",,Installation,,Survey needed,2026-05-06,2026-06-24,,2026-06-30,,,,GEMINI,20189,RECEIVED,WK,WK,False,5058.08,0.0,0.0,33.0,,document - 2026-05-07T085819.997.pdf,In Process,True,,,,,,
J35800,First Presbyterian Church,TC,Derby,WK,"Remove existing FCOs from building. Furnish and install one (1) set of 1/2"" (D) FCOs, painted white, installed flush mount to building in same location as original set. Reference design TC-J35800. NOTE: Any required sign permits to be sourced by Lumineo Signs and billed at cost in addition to final invoice.",,Installation,,Survey needed,2026-05-06,2026-06-24,,2026-06-30,,,,GEMINI,20188,RECEIVED,WK,WK,False,3686.04,0.0,0.0,33.0,,document - 2026-05-07T085949.541.pdf,In Process,True,,,,,,
J37573,FIDELITY BANK,CC,Wichita,WK,"Furnish and install new trim capped faces for the set of channel letters on the front elevation of the Twin Lakes branch building. New faces to be white acrylic, decorated with translucent vinyl.",,Installation,,Survey needed,2026-05-06,2026-06-24,,2026-06-30,,,,SIGN HOUSE,20176,RECEIVED,WK,WK,False,2779.37,0.0,0.0,33.0,,document - 2026-05-09T074136.429.pdf,In Process,True,,,,,,
J33723,SALINA PUBLIC LIBRARY,DP,Salina,WK,"Furnish and install flat cut out acrylic logo element and ""SALINA PUBLIC LIBRARY"" copy. Sized to fit space shown in drawings.",RED DATE,Installation,,Survey needed,2026-05-07,2026-06-25,,2026-07-01,,,,GEMINI,20165,RECEIVED,WK,WK,False,2287.44,0.0,0.0,32.0,,document - 2026-05-08T083239.228.pdf,In Process,True,,,,,,
J37639,Genesh Inc./Burger King,NH,Dodge City,WK,"Remove and dispose of the damaged drive-thru clearance bar structure. Uncrate the replacement structure (on site, inside the dumpster corral). Install the new structure on the existing j-bolts.",,Installation,,Survey needed,2026-05-07,2026-06-25,,2026-07-01,,,,,,,WK,WK,False,,0.0,0.0,32.0,,,In Process,True,,,,,,
J36321,"NATIONAL BEEF PACKING CO.,LLC",NH,Dodge City,WK,"Furnish and install (1) replacement 6-piece digitally-printed vinyl banner (with UV laminate, and doubled vertical Velcro lines sewn into the seams, with a grommetted underlay extension. . . Same creative as original sketch NH-22768-1). Remove and dispose of the existing 6-piece faded banner. Install the new banner in the existing BannerGrip frame (9' 6""h x 270'w overall), utilizing the existing good clips. *Includes changing out worn clips as needed, up to an allotment of (100) clips. *INCLUDES (2) SCISSOR LIFT RENTALS.",,Installation,shipping to Dodge,Survey needed,2026-05-08,2026-06-26,,2026-07-02,,,,INDEPENDENT'S,20170,RECEIVED,WK,WK,False,17255.77,0.0,0.0,31.0,,document - 2026-05-09T063043.256.pdf,In Process,True,,,,,,
J37200,CALVARY BAPTIST CHURCH (Lenexa),SP,Lenexa,NEK,"RETROFIT EXISTING DOUBLE FACED MONUMENT TO WHITE LED'S - Retrofit the existing double faced backed with acrylic routed aluminum monument cabinet that has presently fluorescent lamps and convert it to white LED's with power supplies. Sign cabinet is sized 41 1/2"" tall x 8' long x 18"" deep for main cabinet and the round logo icon cabinet is sized 18"" diameter x 28 1/2"" deep. Included is to resecure (silicone down) loose acrylic back up plex and to wipe down the aluminum monument cabinet when changing out lighting.",,Installation,,Survey needed,2026-05-08,2026-06-26,,2026-07-02,,,,,,,NEK,NEK,False,1807.0,0.0,0.0,31.0,,,In Process,True,,,,,,
J36388,United Way of Dodge City,NH,Dodge City,WK,"Furnish (1) set of digitally-printed, contour-cut UW vinyl logo/blue copy & ""211"" graphics, to apply to the second window (to the north). Also, furnish a 2nd ""211"" word bubble, to apply to the south window that already has the UW logo/blue copy. Nathan to install.",,Installation,,Survey needed,2026-05-11,2026-06-29,,2026-07-05,,,,GREGORY,20241,RECEIVED,WK,WK,False,253.75,0.0,0.0,28.0,,document - 2026-05-12T101036.611.pdf,In Process,True,,,,,,
J36364,Satanta District Hospital,NH,Santana,WK,"HAIL-DAMAGE REPAIRS ON MONUMENT SIGN: Furnish (39) plastic louvers to replace (4) louvers on the south side of the 10mm LED display, and (ALL 35) louvers on the north side. Swap out and dispose of the damaged louvers. Also, furnish (2) modules to replace the ones with stuck pixels. (One on the north, one on the south).",,Installation,shipping to Dodge. Return screws for credit.,Survey needed,2026-05-11,2026-06-29,,2026-07-05,,,,WATCHFIRE,20242,RECEIVED,WK,WK,False,5348.4,0.0,0.0,28.0,,,In Process,True,,,,,,
J36827,First Call For Help,AS,Hutchinson,WK,"Furnish and install (1) 5'x 10' non-illuminated frame system sign with digitally printed flex face, installed on north elevation to the left of Food bank sign. Customer to provide tax exempt certificate.",,Installation,,Survey needed,2026-05-11,2026-06-29,,2026-07-05,,,,"Alpina Mfg.,INDEPENDENT'S",20190 /20263,RECEIVED,WK,WK,False,2358.94,0.0,0.0,28.0,,document - 2026-05-12T091906.143.pdf,In Process,True,,,,,,
J37707,BILLBOARD BUSINESS LLC,LNI,Russell,WK,Repair board damaged by car accident,,Installation,,Survey needed,2026-05-12,2026-06-30,,2026-07-06,,,,,,,WK,WK,False,6522.88,0.0,0.0,27.0,,Damage photo of Russell board.jpg,In Process,True,,,,,,
J36972,ROLLING HILLS WILDLIFE ADVNT,DP,Salina,WK,Furnish and install (1) 12' x 40' wrap (13' x 41' with bleed) on a non-Lumineo board. (South facing board).,,Installation,,Survey needed,2026-05-12,2026-06-30,,2026-07-06,,,,INDEPENDENT'S,20211,RECEIVED,WK,WK,False,1894.9,0.0,0.0,27.0,,document - 2026-05-13T084049.223.pdf,In Process,True,,,,,,
J31399,Ford County Historical Society,NH,Dodge City,WK,"Furnish (2) 17""x88"" single-face, non-illuminated aluminum composite material panels (black enamel finish, 7725-10 white vinyl copy). Overlay the existing under-canopy sign, using painted fasteners.",,Installation,,Survey needed,2026-05-14,2026-07-02,2026-06-04,2026-07-08,,,,,,,WK,WK,False,659.68,,0.0,25.0,2026-05-20,document - 2026-05-15T070333.045.pdf,In Process,True,Hutch,,,,done,done
J37694,Travelodge,NH,Dodge City,WK,"Furnish and install (2) digitally-printed flex faces, with UV laminate, to fit the existing 11' 1/2""hx10'w double-face, internally-illuminated pylon ID cabinet. Remove and dispose of the existing clip-mounted OYO faces. Stretch the new faces utilizing existing clips. *INCLUDES SURVEY TO CONFIRM SIZING/FRAME & RETAINER STYLE, ETC. *IF ANY ELECTRICAL SERVICE IS NEEDED, LUMINEO CAN PROVIDE ON AN ADDITIONAL ""TIME & MATERIALS"" BASIS. *Customer to provide production-ready logo & blue color specifications.",,Installation,shipping to Dodge,,2026-05-18,2026-07-06,,2026-07-12,,,,MIRATEC,20260,RECEIVED,WK,WK,False,6916.0,0.0,0.0,21.0,,document - 2026-05-19T071906.472.pdf,In Process,True,,,,,,
J37830,AZ US STORE MAINTENANCE (AUTOZONE PARTS INC),VB,Newton,WK,The end of the long neon hash mark on the east side of the building is broken. Repair as needed,,Installation,,,2026-05-19,2026-07-07,,2026-07-13,,,,,,,WK,WK,False,4120.0,0.0,0.0,20.0,,,In Process,True,,,,,,
J36287,O'REILLY AUTO PARTS,VB,Newton,WK,For O’Reilly Auto Parts #352 Newton: 1) receive & inspect one set of channel letters with 63” tall O’Reilly custom-shaped cabinets and 31” Auto Parts channel letters on raceways 2) check in/out with store manager,,Installation,,,2026-05-19,2026-07-07,,2026-07-13,,,,,,,WK,WK,False,4120.0,0.0,0.0,20.0,,,In Process,True,,,,,,
J37874,Barclay College,NH,Bucklin,WK,Strap broke & dangling. Replace as needed.,,Installation,,,2026-05-21,2026-07-09,,2026-07-15,,,,,,,WK,WK,False,,0.0,0.0,18.0,,,In Process,True,,,,,,
J37870,SHELTER INSURANCE COMPANIES,NH,Dodge City,WK,"The vertical grip rods have slipped out of the pocket, and are hanging down to the ground. Re-insert & secure them. Check over the rest of the structure to make sure all is okay.",,Installation,,,2026-05-21,2026-07-09,,2026-07-15,,,,,,,WK,WK,False,,0.0,0.0,18.0,,,In Process,True,,,,,,
J37867,GREAT PLAINS CHRISTIAN RADIO,NH,Dodge City,WK,"Several cedar saplings are growing up under the roadsign structure, and out in front of the sign. Cut them off at grade and haul off (before they become obstructions/problems).",,Installation,,,2026-05-21,2026-07-09,,2026-07-15,,,,,,,WK,WK,False,,0.0,0.0,18.0,,,In Process,True,,,,,,
J37926,ROTO MIX,NH,Dodge City,WK,Econo ACM -sheared to size,,Installation,,Survey needed,2026-05-26,2026-07-14,,2026-07-20,,,,,,,WK,WK,False,,0.0,0.0,13.0,,,In Process,True,,,,,,
J37921,HUTCHINSON PUBLIC SCHOOLS USD 308 ADMINISTRATION,DP,Hutchinson,WK,Remove 4' x 8' EMC with ID Cabinet,,Installation,,Survey needed,2026-05-26,2026-07-14,,2026-07-20,,,,,,,WK,WK,False,,0.0,0.0,13.0,,,In Process,True,,,,,,
J37913,BILLBOARD BUSINESS LLC,LNI,Walton,WK,Remove billboard structure,,Installation,,Survey needed,2026-05-26,2026-07-14,,2026-07-20,,,,,,,WK,WK,False,,0.0,0.0,13.0,,,In Process,True,,,,,,
J37873,Holcomb USD 363,NH,Dodge City,WK,(10) blank white Econo ACM panels,,Installation,,Survey needed,2026-05-26,2026-07-14,,2026-07-20,,,,,,,WK,WK,False,1532.18,0.0,0.0,13.0,,,In Process,True,,,,,,
J38038,Hi-Plains Motel,NH,Leoti,WK,Furnish (2) sets of regular-cut 7725-10 white vinyl copy to fit the customer's door glass. Package & ship to customer. Customer to apply to first-surface glass.,,Installation,,,2026-06-02,2026-07-21,,2026-07-27,,,,,,,WK,WK,False,198.57,0.0,0.0,6.0,,HPM door vinyl sketch.pdf,Added,True,,,,,,
J38037,GTG Peterbilt,CC,Wichita,WK,Remove the flat panel body shop/TRP signs from the east side of building and dispose of off site.,,Installation,,,2026-06-02,2026-07-21,,2026-07-27,,,,,,,WK,WK,False,,0.0,0.0,6.0,,,Added,True,,,,,,
J37966,GROVE CHIROPRACTIC & SPORTS INJURY,NH,Dodge City,WK,"Furnish and install (1) new regular-cut reading of ""7:00"" (7725-10 white). Peel the existing ""5:00"" vinyl on the ""FRIDAY"" line, and apply the 7:00 in its place. (All other copy remains as is).",,Installation,,,2026-06-02,2026-07-21,,2026-07-27,,,,,,,WK,WK,False,136.28,0.0,0.0,6.0,,J37966 GROVE CHIROPRACTIC & SPORTS INJURY.pdf,Added,True,,,,,,
J36188,O'REILLY AUTO PARTS,VB,Emporia,NEK,"O'Reilly Auto Parts #203 Emporia repair pole sign storm damage with new flex-faces At O'Reilly Auto Parts #203, 2020 W 6th, Emporia: TAKE BEFORE & AFTER PHOTOS 1) receive & inspect new flex-faces & frame system and new LEDs for logo cabinet 2) check in/out with IVR system, 516-500-7776 or 516-200-3363, PIN #338224, WO # 341635070 3) install 10 new provided 96 LED sticks and their power supplies for the logo cabinet 4) install six new provided 96 LED sticks and their power supplies for the marquee 5) install two new provided flex-faces and extrusion kit 6) take completion photos and get customer sign-off",,Install - waiting on product,,Survey needed,2026-04-13,2026-06-01,,2026-06-07,,,,,,,NEK,NEK,False,5445.0,0.0,0.0,56.0,,,In Process,True,,,,,,
J35523,Jones Sign - Gallagher,CC,Wichita,WK,"Receive and install new set of channel letters for Gallagher Furnish labor, materials, and equipment to receive/inspect/install one set of reverse channel letters and logo, per drawings provided by Jones Signs. Building manager doesn't want us set up overhead during regular business hours, so proposal is based on Saturday installation. Permit is not included in the proposal, so if issuing a PO, please add $73.00 for the permit fee, and $200 acquisition fee to this proposal amount. Work must be scheduled for a Saturday install.",,Install - waiting on product,Saturday,Survey needed,2026-04-13,2026-06-01,,2026-06-07,,,,,,RECEIVED,WK,WK,False,7496.0,0.0,0.0,56.0,,KS (1).pdf,In Process,True,,,,,,
J37974,UNITED WIRELESS ARENA/CITY OF DODGE CITY,NH,Howell,WK,R&I 10x24 wrap (Howell),,Install - waiting on product,,,2026-05-28,2026-07-16,,2026-07-22,,,,,,,WK,WK,False,,0.0,0.0,11.0,,,Added,True,,,,,,
J37973,UNITED WIRELESS ARENA/CITY OF DODGE CITY,NH,Dodge City,WK,R&I 10x24 wrap (near Koch),,Install - waiting on product,,,2026-05-28,2026-07-16,,2026-07-22,,,,,,,WK,WK,False,,0.0,0.0,11.0,,,Added,True,,,,,,
J37972,BOOT HILL CASINO & RESORT,NH,Offerle,WK,R&I wrap (Offerle),,Install - waiting on product,,,2026-05-28,2026-07-16,,2026-07-22,,,,,,,WK,WK,False,,0.0,0.0,11.0,,,Added,True,,,,,,
J37971,BOOT HILL CASINO & RESORT,NH,Ford,WK,R&I wrap (Ford),,Install - waiting on product,,,2026-05-28,2026-07-16,,2026-07-22,,,,,,,WK,WK,False,,0.0,0.0,11.0,,,Added,True,,,,,,
J37970,BOOT HILL CASINO & RESORT,NH,Pratt,WK,R&I wrap (Pratt),,Install - waiting on product,,,2026-05-28,2026-07-16,,2026-07-22,,,,,,,WK,WK,False,,0.0,0.0,11.0,,,Added,True,,,,,,
J37872,Dualite (DOLLAR GENERAL),NH,Liberal,WK,"Receive & install (1) 5'x10' double-face, ACM-face sign cabinet, with top light brackets. Remove and dispose of the existing 6'x16' plate-mount cabinet. Bolt the new cabinet to the existing plate/pole. Hook up power.",,Install - waiting on product,,,2026-06-02,2026-07-21,,2026-07-27,,,,,,,WK,WK,False,3641.0,0.0,0.0,6.0,,,Added,True,,,,,,
J37959,EVERBRITE (STATE FARM AMY LONG AGENCY),AS,Hutchinson,WK,"At State Farm Amy Long Agency, Hutchinson: 1) receive & inspect sign face from Everbrite 2) coordinate in advance with customer 3) remove & scrap existing wall sign face 4) install provided new 48.75” x 12’¾” flat white polycarbonate face with vinyl graphics 5) take completion photos",,Install - waiting on product,,,2026-06-02,2026-07-21,,2026-07-27,,,,,,,WK,WK,False,786.0,0.0,0.0,6.0,,539970 A Replacement Box Sign Face.pdf,Added,True,,,,,,
J36927,LEWIS AUTOMOTIVE GROUP,NH,Garden City,WK,"Pattern the 2nd ""N"" channel letter can, and bring in a chip for plex scolor match. Remove the remnant, as not to risk blowing down. Fabricate a new 3'h trimcap face (red plex, red edging). Return to the site to install.",,Surveys,,,2026-05-19,2026-07-07,,2026-07-13,,,,,,,WK,WK,False,1046.03,0.0,0.0,20.0,,,In Process,True,,,,,,
J37378,Calvary Chapel Fellowship,TC,Wichita,WK,New Faces & LED Conversion - Calvary Chapel Fellowship,,Surveys,need trim size survey,,2026-05-28,2026-07-16,,2026-07-22,,,,MIRATEC,,,WK,WK,False,3686.31,0.0,0.0,11.0,,J37378 CALVARY CHAPEL FELLOWSHIP.pdf,Added,True,,,,,,
J36163,Coffee House,NH,Dodge City,WK,"POLE SIGN & DIRECTIONAL SIGN RE-WORK: Furnish and install (2) flat plex faces with translucent digitally-printed vinyl graphics to fit the existing 4'x8' double-face internally-illuminated pole sign cabinet, and the existing 2'x2' double-face internally-illuminated directional sign cabinet. Remove and dispose of the existing faces. Re-paint the cabinets & poles chocolate brown. Slide the new faces into place. *INCLUDES SURVEY TO CONFIRM TRIM SIZES. . . *IF ANY ELECTRICAL SERVICE IS NEEDED, LUMINEO CAN PROVIDE ON AN ADDITIONAL ""TIME & MATERIALS"" BASIS.",,Surveys,,,2026-06-01,2026-07-20,,2026-07-26,,,,,,,WK,WK,False,4088.46,0.0,0.0,7.0,,J36163 COFFEE HOUSE.pdf,Added,True,,,,,,
J34621,MERITRUST CREDIT UNION,CC,"Pueblo, CO",WK,"New set of internally illuminated channel letters for Pueblo branch Furnish and install one set of internally illuminated trim capped channel letters, per design CC-J34621. Drivers will need to be installed inside the building back in the work room area, as well as the wiring pulled into this room. 120V service to the drivers to be supplied and hooked up by separate contractor. Proposal also includes the removal of the flat sign panel and angle iron frame from over main entrance and disposing off site. Permit to be secured and invoiced as a separate line item on final billing. Label for job location and ship product to: DaVinci Sign Systems 4496 Bents Drive - Unit A Windsor, CO 80550",,Outsourced - Vendor,order release from hold 5/29,Survey needed,2025-12-16,2026-02-03,,2026-02-09,,,,AI Innovations,20368,ORDERED,WK,WK,False,14111.72,0.0,0.0,174.0,,J34621 Meritrust Credit Union_New set of internally illuminated letters.pdf,Hold,True,,,,,,
J34827,MERITRUST CREDIT UNION,CC,"Broomfield, CO",WK,"Remove the existing Premier sign from the north side of building and dispose of off site. Furnish and install a new set of internally illuminated channel letters with matching returns, trim cap and faces. Faces to be decorated with translucent printed vinyl that will match PMS 1797C red. Drivers for the LED illumination will need be be housed behind the wall, in an accessible area. 120V service to drivers to be provide and hooked up by separate contractor. Permit to be secured and invoiced as separate line item on final invoice. Reference design CC-J34827.",,Outsourced - Vendor,,Survey needed,2025-12-26,2026-02-13,,2026-02-19,,,,AI Innovations,20166,SHIPPING,WK,WK,False,,0.0,0.0,164.0,,document - 2025-12-31T072629.464.pdf,In Process,True,,,,,,
J34724,MERITRUST CREDIT UNION,CC,"Boulder, CO",WK,"New set of channel letters for 5360 Arapahoe Boulder Meritrust Furnish and install a new set of internally illuminated channel letters for storefront. Letters to be individually mounted on beam. Drivers and wiring to be concealed on back of beam with a fabricated aluminum wireway. 120V electrical service will need to be brought to the wireway by licensed electrician. Reference design CC-J34724. Proposal is based on getting city approval and permit. Permit to be invoiced as a separate line item on final billing statement. Ship product to: DaVinci Sign Systems 4496 Bents Drive - Unit A Windsor, CO 80550",,Outsourced - Vendor,,Survey needed,2026-01-12,2026-03-02,,2026-03-08,,,,AI Innovations,,,WK,WK,False,11815.53,0.0,0.0,147.0,,document (51).pdf,Hold,True,,,,,,
J35645,NKC Health,QT,KCMO,NEK,"NKCH-003 MH Vivion #Int-001 ST: IPH.M.12 NKC-003 MERITAS HEALTH - VIVION SIGN NUMBER: Int-001 SIGN TYPE: IPH.M.12 Interior Acrylic Letters - Non-Illuminated FURNISH AND INSTALL (1) SET OF NON-ILLUMINATED ACRYLICLETTERS. NKC - .5” ACRYLIC PAINTED PMS 2026C ORANGE, SEMI-GLOSS FINISH. HEALTH - .5” ACRYLIC PAINTED PMS 7650C MULBERRY, SEMI-GLOSS FINISH. VHB TAPE TO WALL",,Outsourced - Vendor,,Survey needed,2026-02-05,2026-03-26,,2026-04-01,,,,,,,NEK,NEK,False,,0.0,0.0,123.0,,NKC-012 9411 N Oak Med Center_IPH.M.12 Acrylic Letters_J35645.pdf,In Process,True,,,,,,
J35647,NKC Health,QT,NKCMO,NEK,NKCH-018 main campus #172 STCA.W.18 NKC-018 NKCH MAIN HOSPITAL CAMPUS SIGN NUMBER: 172 SIGN TYPE: CA.W.18 Channel Letters - Internally-Illuminated FURNISH AND INSTALL (1) SET OF INTERNALLY-ILLUMINATED CHANNEL LETTERS. AMBULANCE - .177” #7328 WHITE ACRYLIC FACES .040” PRE-PAINTED WHITE ALUMINUM RETURNS. 1” WHITE JEWELITE TRIM CAPS. ILLUMINATES WITH WHITE LEDS. CUSTOMER TO PROVIDE POWER TO LOCATION,,Outsourced - Vendor,,Survey needed,2026-02-06,2026-03-27,,2026-04-02,,,,,,,NEK,NEK,False,,0.0,0.0,122.0,,NKC-018 NKCH Main Hospital Campus_CA.W.18 Channel Letters_J35647.2.pdf,In Process,True,,,,,,
J34686,Greenbush - The Southeast Kansas Service Center,QT,Girard,NEK,Greenbush Meeting Room ABC 111225 Produce and install (11) Suite Surrounds for existing electronic room ID's,,Outsourced - Vendor,,Survey needed,2026-02-06,2026-03-27,,2026-04-02,,,,,,,NEK,NEK,False,3955.0,0.0,0.0,122.0,,J34686 Greenbush_Meeting Room FCOs.pdf,In Process,True,,,,,,
J35653,NKC Health,QT,KCMO,NEK,"NKCH-002 MH Landmark ST #003 STCH.WR.36 NKC-002 MERITAS HEALTH LANDMARK AT TIFFANY SPRINGS SIGN NUMBER: 003 SIGN TYPE: CH.WR.36 Illuminated Channel Letters Raceway Mounted REMOVE AND DISPOSE OF EXISTING CHANNEL LETTERS. FABRICATE AND INSTALL (1) SET OF 36” PAN CHANNEL LETTERS RACEWAY MOUNTED. NKC - .177” PLASKOLITE #2406 LD WHITE ACRYLIC OVERLAID WITH DIGITALLY PRINTED BY MIRATEC SYSTEMS TRANSLUCENT ORANGE VINYL TO MATCH PMS 2026C. OVERLAM WITH 3M 3660M 1” JEWLITE ORANGE TRIM CAP PAINTED PMS 2026C ORANGE. HEALTH - .177” #7328 WHITE ACRYLIC, 1“ JEWLITE WHITE TRIM CAP. LETTER/SYMBOL RETURNS - .050” ALUMINUM PAINTED PMS 7650C MULBERRY, SEMI-GLOSS FINISH. ILLUMINATES WITH WHITE LEDS. RACEWAY - 8” X 7” EXTRUDED ALUMINUM PAINTED TO MATCH FASCIA (TBD)",,Outsourced - Vendor,,Survey needed,2026-02-06,2026-03-27,,2026-04-02,,,,,,,NEK,NEK,False,,0.0,0.0,122.0,,NKC-002 Meritas Health Landmark at Tiffany Springs_CH.WR.36 Illuminated Channel Letters_J35653.pdf,In Process,True,,,,,,
J35180,Greenbush - The Southeast Kansas Service Center,"QT,DP",Girard,NEK,Greenbush Conference Center 121525 Produce and install two sets of non illuminated letters and logo for Conference Center sign and TV wall,,Outsourced - Vendor,,Survey needed,2026-02-06,2026-03-27,,2026-04-02,,,,,,,NEK,NEK,False,5191.0,0.0,0.0,122.0,,J35180 Greenbush_Dave DeMoss Conference Center interior signage.pdf,In Process,True,,,,,,
J35780,NKC Health,QT,NKCMO,NEK,"NKCH-018 Main #057 ST D7e.i directional w emer NKC-018 NKCH MAIN HOSPITAL CAMPUS SIGN NUMBER: 057 SIGN TYPE: D7e.i NKCH DIRECTIONAL WITH EMERGENCY Illuminated REMOVE AND DISPOSE OF EXISTING INTERNALLY ILLUMINATED DIRECTIONAL. FABRICATE AND INSTALL (1) INTERNALLY-ILLUMINATED, DOUBLE-FACED DIRECTIONAL SIGN. INSTALLS WITH MATCH PLATE AND BOLTS TO EXISTING CONCRETE PAD. SIGN FACES - 3M PANAGRAPHICS III. DIGITALLY PRINTED BY MIRATEC. OVERLAM ENTIRE FACES WITH 3M 3660M OVERLAMINATE #2103 SIGNCOMP EXTRUSION WITH EXPOSED SURFACES PAINTED WHITE. SIDE BIS .125"" ALUMINUM CLADDING PAINTED MULBERRY, SEMI GLOSS FINISH . EXTRUSION COVER - .125"" ALUMINUM PAINTED MULBERRY, SEMI GLOSS FINISH. CLADDING - .125"" ALUMINUM PAINTED ORANGE, SEMI GLOSS FINISH. BASE CLADDING - .125"" ALUMINUM PAINTED DARK MULBERRY, SEMI-GLOSS FINISH. ADDRESS APPLIED IN 3M WHITE REFLECTIVE VINYL. FONT: FIGTREE SEMI-BOLD",,Outsourced - Vendor,,Survey needed,2026-02-06,2026-03-27,,2026-04-02,,,,,,,NEK,NEK,False,,0.0,0.0,122.0,,NKC-018 NKCH MAIN HOSPITAL CAMPUS_D7E.pdf,In Process,True,,,,,,
J29805,Greenbush - The Southeast Kansas Service Center,"QT,DP",Girard,NEK,"Greenbush Dave DeMoss Center Exterior Signage Remove and dispose of current letters on North Elevation. Furnish and install non-illuminated letters with new GREENBUSH logo and Dave DeMoss Center, designed to concept. City permits to be billed at cost on final invoice. Pricing Contingent upon access/survey etc.",,Outsourced - Vendor,,Survey needed,2026-02-06,2026-03-27,,2026-04-02,,,,,,,NEK,NEK,False,8447.0,0.0,0.0,122.0,,J29805 Greenbush_Dave DeMoss Center exterior letters.pdf,In Process,True,,,,,,
J34684,Greenbush - The Southeast Kansas Service Center,QT,Girard,NEK,"Greenbush logo x 10 Remove existing non illuminated logos from wall where necessary. Produce and install (10) 36""x36"" logos for main campus",,Outsourced - Vendor,,Survey needed,2026-02-06,2026-03-27,,2026-04-02,,,,,,,NEK,NEK,False,18166.0,0.0,0.0,122.0,,J34684 Greenbush_logos for various locations.pdf,In Process,True,,,,,,
J35779,NKC Health,QT,NKCMO,NEK,"NKCH-018 Main #163 STP12E pylon NKC-O18 NKCH MAIN HOSPITAL CAMPUS SIGN NUMBER: 163 SIGN TYPE: P12E NKCH PYLON WITH EMERGENCY Illuminated. REMOVE AND DISPOSE OF EXISTING INTERNALLY ILLUMINATED PYLON SIGN/STRUCTURE. FABRICATE AND INSTALL (1) INTERNALLY-ILLUMINATED, SINGLE-FACED PYLON SIGN. INSTALLS WITH MATCH PLATE AND BOLTS TO EXISTING CONCRETE PAD SIGN FACES - 3M PANAGRAPHICS III. DIGITALLY PRINTED BY MIRATEC. OVERLAM ENTIRE FACES WITH 3M 366OM OVERLAMINATE #2103 SIGNCOMP EXTRUSION WITH EXPOSED SURFACES PAINTED WHITE. SIDE BIS .125"" ALUMINUM CLADDING PAINTED MULBERRY, SEMI GLOSS FINISH. • EXTRUSION COVER - .125"" ALUMINUM PAINTED MULBERRY, SEMI GLOSS FINISH. CLADDING - .125"" ALUMINUM PAINTED ORANGE, SEMI GLOSS FINISH. BASE CLADDING - .125"" ALUMINUM PAINTED DARK MULBERRY, SEMI-GLOSS FINISH. ADDRESS APPLIED IN 3M WHITE REFLECTIVE VINYL. FONT: FIGTREE SEMI-BOLD",,Outsourced - Vendor,,Survey needed,2026-02-06,2026-03-27,,2026-04-02,,,,,,,NEK,NEK,False,,0.0,0.0,122.0,,NKC-018 NKCH Main Hospital Campus_P12e_NKCHealth Pylon with Emergency_J34667-Rev1 (1).pdf,In Process,True,,,,,,
J35781,NKC Health,QT,NKCMO,NEK,"NKCH-012 9411 NOak #011 ST D4 Directional NKC-012 9411 N OAK MED CENTER SIGN NUMBER: 011 SIGN TYPE: D4 DIRECTIONAL Non-Illuminated REMOVE AND DISPOSE OF EXISTING DIRECTIONAL. FABRICATE AND INSTALL (1) NON-ILLUMINATED, SINGLE-FACED DIRECTIONAL. INSTALLS WITH MATCHPLATE AND BOLTS TO CONCRETE PAD. SIGN FACES - .125” ALUMINUM CHEM WELDED TO ALUMINUM ANGLE FACE FRAME PAINTED MULBERRY, PAINT AND MASK CORNER ARC PMS ORANGE, SEMI-GLOSS FINISH. FACE FRAMES - .125” ALUMINUM ANGLE PAINTED MULBERRY, SEMI-GLOSS FINISH. CLADDING - .125” ALUMINUM PAINTED ORANGE, SEMI-GLOSS FINIS. BASE CLADDING - .125” ALUMINUM PAINTED DARK MULBERRY, SEMI-GLOSS FINISH. DIRECTIONAL COPY AND ARROWS - 680-10 WHITE REFLECTIVE VINYL. FONT: FIGTREE SEMI-BOLD",,Outsourced - Vendor,,Survey needed,2026-02-06,2026-03-27,,2026-04-02,,,,,,,NEK,NEK,False,,0.0,0.0,122.0,,NKC-012 9411 N Oak Med Center_D4 Non-Illuminated Directional_J34661.1.pdf,In Process,True,,,,,,
J34683,Greenbush - The Southeast Kansas Service Center,"QT,DP",Girard,NEK,Greenbush Haderlein Lobby 111225 Produce and install one (1) interior non illuminated wall sign display for Haderlein Building waiting room and lobby.,,Outsourced - Vendor,,Survey needed,2026-02-09,2026-03-30,,2026-04-05,,,,,,,NEK,NEK,False,3483.0,0.0,0.0,119.0,,J34683 Greenbush_RV Haderlein interior signage.pdf,In Process,True,,,,,,
J33315,Greenbush - The Southeast Kansas Service Center,"QT,DP",Girard,NEK,Greenbush Haderlein Exterior 090925 Produce and install two (2) sets of exterior non illuminated letters for both east and west elevation of Haderlein Building.,,Outsourced - Vendor,,Survey needed,2026-02-09,2026-03-30,,2026-04-05,,,,,,,NEK,NEK,False,8711.0,0.0,0.0,119.0,,J33315 Greenbush_Haderlein Building exterior letters.pdf,In Process,True,,,,,,
J35131,SAINT LUKE'S HEALTH SYSTEM,QT,"Parkville, MO",NEK,SL Parkville West 121125 Remove and dispose of all signage from the west elevation. Produce and install one temporary banner to read urgent care. Produce and install one set of internally illuminated individually mounted channel letters. (remove temporary banner),,Outsourced - Vendor,,Survey needed,2026-02-24,2026-04-14,,2026-04-20,,,,,,,NEK,NEK,False,5636.0,0.0,0.0,104.0,,J35131 Saint Luke's Parkville Multispecialty_West Elev UrgentCare.pdf,In Process,True,,,,,,
J35952,NKC Health,QT,KCMO,NEK,"NKC-002 #005 ST CUST-REF NKC-002_Meritas Health Landmark at Tiffany Springs 10161 N Ambassador Dr Kansas City, MO 64153 Sign # 005 Sign Type CUST-REF Reface existing cabinet with new aluminum panels painted mulberry and orange for curve, returns to be painted mulberry as well. Base below cabinet to be painted dark mulberry, leave existing stone base as is. Cabinet to be routed out with push-thru acrylic copy and applied translucent vinyl on ""NKC"". Must confirm that refacing is a viable option. Confirm existing illumination is in good working order. Replace/repair components to bring sign to full illumination",,Outsourced - Vendor,,Survey needed,2026-03-04,2026-04-22,,2026-04-28,,,,,,,NEK,NEK,False,8454.54,0.0,0.0,96.0,,NKC-002 Meritas Landmark at Tiffany Springs_005_CUST-REF_routed monument faces_J35952r1.pdf,In Process,True,,,,,,
J35919,NKC Health,QT,KCMO,NEK,"NKC-006 #100 Interior FCOs NKC-006 North Oak Building 5400 North Oak Trafficway Kansas City, MO 64118 Sign # 100 Sign Type CUST-LNIP Remove existing pictures. Patch and repair wall as needed. Produce and install one (1) set of interior non illuminated flat cut out letters.",,Outsourced - Vendor,,Survey needed,2026-03-09,2026-04-27,,2026-05-03,,,,,,,NEK,NEK,False,1521.11,0.0,0.0,91.0,,NKC-006 5400 North Oak Building_100_CUST-LNIP_fco acrylic_J35919r1.pdf,In Process,True,,,,,,
J30808,LATHROP GPM,SP,KCMO,NEK,"CANOPY EDGE FCO LETTERS CANOPY EDGE FCO LETTERS -- Produce/install one (1) layout of 3/8"" thick flat cut out aluminum letters stud mounted flush directly onto the canopy edge at bldg entry. Lettering sized 2' tall and to be painted PMS 2765C dark blue, with copy to read ""Lathrop GPM"". Small sidewalk articulating lift will be necessary to reach over to canopy edge from sidewalk due to stairs leading up to bldg entry.",,Outsourced - Vendor,,Survey needed,2026-03-11,2026-04-29,,2026-05-05,,,,,,,NEK,NEK,False,6100.0,0.0,0.0,89.0,,J30808 Lathrop GPM_FCOs on canopy.pdf,In Process,True,,,,,,
J35943,NKC Health,QT,KCMO,NEK,"NKC-008 #INT-002 ST IPH.M.8 NKC-008_Meritas Health Park Plaza 6450 N Chatham Ave Kansas City, MO 64151 Sign # Int-002 Sign Type IPH.M.8 Produce and install one (1) set of non illuminated 1/2"" thick acrylic flat cut out letters, VHB tape mounted",,Outsourced - Vendor,,Survey needed,2026-03-16,2026-05-04,,2026-05-10,,,,,,,NEK,NEK,False,1089.96,0.0,0.0,84.0,,NKC-008 Meritas Health Park Plaza_Int-002_IPH.M.8_Flat Cut Out_J35943.pdf,In Process,True,,,,,,
J35981,SAINT LUKE'S HEALTH SYSTEM,QT,KCMO,NEK,SLN Interior x 10 020526 Produce and install ten (10) interior patient room signs with magnetic pieces to be labeled room # 231-240,,Outsourced - Vendor,,Survey needed,2026-03-16,2026-05-04,,2026-05-10,,,,,,,NEK,NEK,False,6314.0,0.0,0.0,84.0,,,In Process,True,,,,,,
J35941,NKC Health,QT,KCMO,NEK,NKC-008 #003 and 005 ST CUST-LIF Raceway channel letters. Sign # 003 and #005 Sign Type CUST-LIF Remove and dispose of existing two (2) sets of raceway mounted channel letters. Patch repair and repaint wall as needed. Produce and install two (2) sets of raceway mounted internally LED illuminated channel letters.,,Outsourced - Vendor,,Survey needed,2026-03-19,2026-05-07,,2026-05-13,,,,,,,NEK,NEK,False,20954.64,0.0,0.0,81.0,,"NKC-008 Meritas Health Park Plaza_005_CUST-LIF_42in chnl lts_J35941r1.pdf, NKC-008 Meritas Health Park Plaza_003_CUST-LIF_42in chnl lts_J35941r1.pdf",In Process,True,,,,,,
J36653,Chabad of KU,JL,Lawrence,NEK,KU Chabad - Additions Supply and install additions to donor signs previously produced. Sign types and quantities are as follows. Donor Room Signs - Qty (3) Donor Wall: Level 8 - Qty (3) Level 9 - Qty (2) (1 of these is a replacement plaque) Level 10 - Qty (1) Level 12 - Qty (4) (3 of these are replacement plaques) Level 13 - Qty (2),,Outsourced - Vendor,,Survey needed,2026-03-20,2026-05-08,,2026-05-14,,,,,,,NEK,NEK,False,1230.0,0.0,0.0,80.0,,"J36653 C2 KU Chabad_ Donor Room Signs (1).pdf, J36653 B2 Panels KU Chabad_Donor Wall Graphics (1).pdf, J36653 C2 KU Chabad_ Donor Room Signs.pdf",In Process,True,,,,,,
J36313,NKC Health,QT,NKCMO,NEK,NKC-015 Various Interior Signs Various Interior Sign Displays. Sign #120-001 Sign Type IPH.M.8 - Sign #120-001a Sign Type CUST-LNIP - Sign #400-001 Sign Type CUST-LNIP - Sign #400-001a Sign Type CUST-LNIP - Sign # 400a Sign Type IPH.M.12 - Sign #500-001 Sign Type IPH.M.6 - Sign # 500-001a Sign Type CUST-LNIP - Sign # 500-001b Sign Type CUST-LNIP - Sign #500-004 Sign Type CUST-LNIP - Sign #500-006 Sign Type IPH.M.8 - Sign #500b Sign Type IPH.M.12,,Outsourced - Vendor,,Survey needed,2026-03-23,2026-05-11,,2026-05-17,,,,,,,NEK,NEK,False,10387.76,0.0,0.0,77.0,,document - 2026-03-24T081146.535.pdf,In Process,True,,,,,,
J36413,NKC Health,QT,Platte City,NEK,NKC-019 #Int-001 ST IPH.M.12 Remove existing portraits. Patch repair and repaint wall surface to like new condition where necessary. Produce and install one (1) set of non illuminated interior flat cut out letters.,,Outsourced - Vendor,,Survey needed,2026-03-23,2026-05-11,,2026-05-17,,,,,,,NEK,NEK,False,1302.52,0.0,0.0,77.0,,NKC-019 Meritas Health Platte City_Int-001_IPH.M.12 FCO acrylic_J36413.pdf,In Process,True,,,,,,
J36407,NKC Health,QT,"Smithville, MO",NEK,NKC-020 #Int-001 Interior FCO Sign # Int-001 Sign Type IPH.M.12 Remove existing portrait. Produce and install one (1) set of custom interior flat cut out non illuminated letters.,,Outsourced - Vendor,,Survey needed,2026-03-23,2026-05-11,,2026-05-17,,,,,,,NEK,NEK,False,1364.14,0.0,0.0,77.0,,NKC-020 Meritas Health Smithville_Int-001_IPV.M.12 fco acrylics_J36407.pdf,In Process,True,,,,,,
J36404,NKC Health,QT,"Smithville, MO",NEK,NKC-020 #002 ST CH.M.36 Sign # 002 Sign Type CH.M.36 Remove and dispose of existing exterior channel letters. Patch repair and repaint wall surface to like new conditions. Produce and install one (1) set of internally LED illuminated exterior channel letters.,,Outsourced - Vendor,,Survey needed,2026-03-23,2026-05-11,,2026-05-17,,,,,,,NEK,NEK,False,6612.17,0.0,0.0,77.0,,NKC-020 Meritas Health Smithville_002_CH.M.36 channel letters_J36404.pdf,In Process,True,,,,,,
J36389,NKC Health,QT,NKCMO,NEK,"NKC-016 Interior Letters Sign #'s 10-001, 10-001a, 215-001, 215-001a, 312-002, 410a and 600a Remove and dispose of existing signs where necessary. Patch repair and repaint walls to like new condition where necessary. Produce and install custom non illuminated interior letter sets.",,Outsourced - Vendor,,Survey needed,2026-03-23,2026-05-11,,2026-05-17,,,,,,,NEK,NEK,False,7824.63,0.0,0.0,77.0,,NKC-016 2750 Medical Plaza_10-001_IPH.M.10 FCO acrylics_J36389.pdf,In Process,True,,,,,,
J35848,Ong & Company,QT,Lenexa,NEK,Ong & Co Main Entrance V2 013026 Produce and install one (1) set of illuminated letters and logo for main entrance building sign.,,Outsourced - Vendor,,Survey needed,2026-03-26,2026-05-14,,2026-05-20,,,,,,,NEK,NEK,False,9726.0,0.0,0.0,74.0,,J35848r1 Ong and Co_Main Entrance Combo Halo Lit Signage.pdf,In Process,True,,,,,,
J36244,Ong & Company,QT,Lenexa,NEK,"Ong South Logo 021926 FABRICATE AND INSTALL (1) COMBO FACE AND HALO ILLUMINATED LOGO. LOGO - COMBO FACE AND HALO LIT CHANNEL LOGO. WHITE ACRYLIC FACES OVERLAID WITH DIGITALLY PRINTED VINYL GRAPHICS, RETURNS PAINTED PMS 5473C. HALO/FACE ILLUMINATES WITH WHITE LEDS. INSTALLS PINNED OFF FASICA 1 1/2”. SURVEY REQUIRED TO DETERMINE INSTALL REQUIREMENTS",,Outsourced - Vendor,,Survey needed,2026-03-26,2026-05-14,,2026-05-20,,,,,,,NEK,NEK,False,4647.0,0.0,0.0,74.0,,J36244 Ong and Co_South Elev Combo Halo Lit logo only.pdf,In Process,True,,,,,,
J36202,NKC Health,QT,KCMO,NEK,NKC-011 #005 006 011 ST CH.M.36 Sign #'s 005 006 and 011 Sign Type CH.M.36 Remove and dispose of existing exterior building signage where necessary. Patch repair powerwash and repaint wall as needed. Produce and install three (3) sets of raceway mounted internally LED illuminated exterior channel letters.,,Outsourced - Vendor,,Survey needed,2026-04-03,2026-05-22,,2026-05-28,,,,,,,NEK,NEK,False,20042.76,0.0,0.0,66.0,,,In Process,True,,,,,,
J36205,NKC Health,QT,KCMO,NEK,"NKC-011 #220a ST IPH.M.12 Sign # 220a Sign Type IPH.M.12 Produce and install one (1) set of interior 12"" flat cut out non illuminated letters",,Outsourced - Vendor,,Survey needed,2026-04-03,2026-05-22,,2026-05-28,,,,,,,NEK,NEK,False,1302.52,0.0,0.0,66.0,,,In Process,True,,,,,,
J36857,FOOTE CATTLE COMPANY,QT,"Imperial, NE",NEK,Foote Imperial Ship 032026 Produce only and ship to Imperial NE for customer to install two (2) custom painted black F logos to be halo LED illuminated.,,Outsourced - Vendor,,Survey needed,2026-04-06,2026-05-25,,2026-05-31,,,,,,,NEK,NEK,False,6828.0,0.0,0.0,63.0,,,In Process,True,,,,,,
J36525,Ong & Company,QT,Lenexa,NEK,"Ong & Co Monument 030426 CUSTOMER TO REMOVE OVERGROWN LANDSCAPING AND REPAINT EXISTING, DOUBLE-SIDED NON-ILLUMINATED MONUMENT. PRODUCE AND INSTALL (2) SETS OF 1/4” THICK FLAT CUT OUT ALUMINUM LOGO PAINTED PMS 5473C, PMS 375C, PMS 625C AND 1/4” THICK FLAT CUT OUT ALUMINUM LETTERING AND ADDRESS (9900 Lackman) PAINTED WHITE. STUD MOUNTS TO MONUMENT FACES.",,Outsourced - Vendor,,Survey needed,2026-04-07,2026-05-26,,2026-06-01,,,,,,,NEK,NEK,False,9457.0,0.0,0.0,62.0,,J36525 Ong and Co_FCOs for monument.pdf,In Process,True,,,,,,
J36987,MERITRUST CREDIT UNION,CC,"Boulder, CO",WK,"Furnish and install new set of internally illuminated channel letters for Boulder Meritrust Furnish and install one set of internally illuminated channel letters with trim capped faces on store front fascia. Trim cap and returns to be painted to match face color. Faces to be white acrylic, decorated with translucent vinyl to match PMS 1797C red. Drivers for the LEDs will mount behind the wall. 120V electrical service to drivers will need to be provided and hooked up by separate contractor. Permit to be secured and invoiced as a separate line item on final billing. Reference design CC-J36987.",,Outsourced - Vendor,,Survey needed,2026-04-14,2026-06-02,,2026-06-08,,,,AI Innovations,20011,SHIPPING,WK,WK,False,12864.48,0.0,0.0,55.0,,J36987 Meritrust Credit Union_New set of channel letters.pdf,In Process,True,,,,,,
J34440,STOCK EXCHANGE BANK,TC,Arkansas City,WK,Daktronics Repair - Stock Exchange Bank Remove faulty modules from south face of existing Daktronics time and temp unit. Replace with new modules.,,Outsourced - Vendor,,Survey needed,2026-04-17,2026-06-05,,2026-06-11,,,,Daktronics,20037,ORDERED,WK,WK,False,1954.25,0.0,0.0,52.0,,,In Process,True,,,,,,
J36311,Wichita Bio Med,CC,Wichita,WK,"Fabricate and install upper south elevation signage for WBC Fabricate and install one set of internally illuminated channel letters, an internally illuminated vertical bar, and two internally illuminated logos that will install on the south elevation's penthouse level.",,Outsourced - Vendor,,Survey needed,2026-04-22,2026-06-10,,2026-06-16,,,,SIGN HOUSE,20055,SHIPPING,WK,WK,False,268549.47,0.0,0.0,47.0,,document - 2026-04-22T163853.171.pdf,In Process,True,,,,,,
J37163,CAPITOL FEDERAL,VB,Topeka,NEK,"At Capitol Federal's Home Office: 1) coordinate in advance with the Bank 2) provide one set of 14"" x 14'10-9/16"" remote mount, 2” deep, halo-lit channel letters, with internal white LEDs, painted matte black to read HENRY A. BUBB AWARD 3) install on right section of newly expanded award wall on left wall past the elevator welcome wall, approximately 30” from the right end and approximately 35.25” above the finished floor—specific location to be confirmed with Capitol Federal upon arrival 4) take completion photos Drawing VB-J37163",,Outsourced - Vendor,,Survey needed,2026-04-24,2026-06-12,,2026-06-18,,,,,,,NEK,NEK,False,6295.0,0.0,0.0,45.0,,document - 2026-04-27T095606.120.pdf,In Process,True,,,,,,
J35548,Whiting Turner,JL,Manhattan,NEK,"KSU GCGFI - ADA Room Signs Supply and install ADA Room Signs constructed as 1/4"" thick acrylic with painted finish. Sign types and quantities are as follows. Qty (211) type A with (78) acrylic backers Qty (102) type B1 with (5) acrylic backers Qty (44) type B2 with (18) acrylic backers Qty (28) type C Qty (4) type C2 Qty (66) type E1 with (18) acrylic backers Qty (19) type F with (8) acrylic backers Qty (7) type M Qty (10) type S1 Qty (8) type S2 Qty (12) type S3 Qty (8) type S4 Qty (5) type K Qty (6) type P Qty (16) type J",,Outsourced - Vendor,,Survey needed,2026-04-29,2026-06-17,,2026-06-23,,,,,,,NEK,NEK,False,48204.0,0.0,0.0,40.0,,,In Process,True,,,,,,
J37447,MIDWEST TRUST,SP,Overland Park,NEK,"30 INTERIOR OFFICE ROOM ID SIGN PANELS - Provide/install thirty (30) VHB tape mounted, 4 1/4"" x 7"" interior office room ID sign panels that have brushed aluminum #354 striping trim on top/bottom, with a clear faced insertable PASS THRU middle sections and with #993 silver gray acrylic backers. Also included into quote is for 2nd surface black vinyl rectangles to apply on backside of glass to hide VHB tape mounting.",,Outsourced - Vendor,,Survey needed,2026-05-04,2026-06-22,,2026-06-28,,,,,,,NEK,NEK,False,3471.0,0.0,0.0,35.0,,,In Process,True,,,,,,
J36338,First Presbyterian Church,TC,Derby,WK,"Furnish and install one (1) 3'-6"" (H) x 4'-6 1/2"" (W) x 4"" (D) contour, face lit, trim cap logo. Returns and trim cap to match PMS 288C. 3M 3630-36 Blue vinyl to be applied to white plex face. Sign to install on top band on east elevation of church, near playground. Reference design TC-J36338.",,Outsourced - Vendor,size changed due to survey,Survey needed,2026-05-06,2026-06-24,,2026-06-30,,,,SIGN HOUSE,20236,SHIPPING,WK,WK,False,2992.4,0.0,0.0,33.0,,J36338-R1 FIRST PRESBYTERIAN CHURCH.pdf,In Process,True,,,,,,
J36056,First Presbyterian Church,TC,Derby,WK,"Remove existing sign cabinet from South Side of Church. Fabricate and install one (1) 3'-0"" (H) x 3'-0"" (W) x 6"" (D) internally illuminated S/F trim capped wall sign with 3M 3630-36 Blue vinyl applied to flat white plex. Cabinet and trim cap to be black. Reference design TC-J36056.",,Outsourced - Vendor,,Survey needed,2026-05-06,2026-06-24,,2026-06-30,,,,SIGN HOUSE,20181,SHIPPING,WK,WK,False,3347.14,0.0,0.0,33.0,,document - 2026-05-07T085916.217.pdf,In Process,True,,,,,,
J37233,ROCK CREEK MARINA AND RESORT,VB,Ozawkie,NEK,For Rock Creek Marina and Resort’s marina store: 1) check in/out with general manager Emily Hilding 2) provide a new interior 25½” x 56¼” faux neon sign with blue faux neon for Rock Creek Marina’s logo on a custom-shaped white acrylic background 3) install with stand-offs and group wires together to connect with new primary electrical in their drop ceiling 4) take completion photos Drawing VB-J37233-NEW 2,,Outsourced - Vendor,,Survey needed,2026-05-06,2026-06-24,,2026-06-30,,,,,,,NEK,NEK,False,4060.0,0.0,0.0,33.0,,,In Process,True,,,,,,
J36187,EDUCATION CENTER-Olathe Schools,SP,Olathe,NEK,"REPLACE EXISTING DOUBLE FACED, INTERNALLY ILLUMINATED CHANGEABLE COPY MONUMENT SIGN WITH AN ALL NEW OF SIMILAR TYPE & REUSE EXISTING FOOTING / FOUNDATION - Remove/dispose of the one (1) existing double faced, internally illuminated, changeable copy monument (included is its removal in this quote) and produce/install an all new sign of the same type and sizing, white LED lit and placed in the same location again, reusing the existing footing/foundation. The new sign to be an Esco Institutional Series internally illuminated double faced changeable copy monument sign with white LED lighting. Sign sizing is OAH 6'1/2"" x OAL 6' 1/2"" x 10 11/16"" OAD. Cabinet sizing is 4' 1/2"" x 6' 1/2"" x 10 11/16"". Sign cabinets, retainers and skirting all painted PMS 186C red. Faces to be white and overlaid with 3630-36 Blue for school name and apple area (with both being weeded out of blue to read as white) and a digital print for the buffalo on the side area. Included into pricing is for two (2) new changeable copy insert lettering, numerals and punctuation sets with carrying case. ** Reusing existing power. **",,Outsourced - Vendor,,Survey needed,2026-05-06,2026-06-24,,2026-06-30,,,,,,,NEK,NEK,False,13720.92,0.0,0.0,33.0,,,In Process,True,,,,,,
J37636,EMPRISE BANK,CC,Andover,WK,"Replace the logo face in the wall sign logo cabinet on the front of the building's west elevation, and one of the logo faces on the pylon sign.",,Outsourced - Vendor,,Survey needed,2026-05-07,2026-06-25,,2026-07-01,,,,MIRATEC,20357,SHIPPING,WK,WK,False,,0.0,0.0,32.0,,"document - 2026-05-09T074455.129.pdf, document - 2026-05-09T074500.964.pdf",In Process,True,,,,,,
J37256,Hutton Construction,JL,Topeka,NEK,"Supply and install final two remaining sign types. EX30.03c and EX10.04. • EX10.04 - to be 1/2"" thick DHPL panel. Sign to stand on interpretive aluminum support legs identical to EX10.01, 02, 03. Sign panel to be 18"" x 24"" in size. • EX30.03c to be DHPL panel 30"" x 30"" in size to mount on 3/4"" aluminum square tube frame 28"" x 28"" in size to allow panel to standoff from wall. Frames to match previously installed EX30.03d Signs.",,Outsourced - Vendor,,Survey needed,2026-05-07,2026-06-25,,2026-07-01,,,,,,,NEK,NEK,False,6635.0,0.0,0.0,32.0,,,In Process,True,,,,,,
J37713,EMPRISE BANK (S. Seneca),CC,Wichita,WK,Replace logo graphics on the logo on front (south) of building and the logo on the south side of pylon sign,,Outsourced - Vendor,,Survey needed,2026-05-12,2026-06-30,,2026-07-06,,,,MIRATEC,20357,SHIPPING,WK,WK,False,,0.0,0.0,27.0,,"document - 2026-05-13T084520.906.pdf, CCARSON_18394-1A Emprise Bank - S Seneca.pdf",In Process,True,,,,,,
J37517,COHLMIA MARKETING,DW,Wichita,WK,Remove Ragnar S Peerson and James M Haan and all names below those two names from existing sign. Furnish and install new vinyl names leaving off Ragnar S Peerson and James M Haan.,RED DATE,Outsourced - Vendor,,Survey needed,2026-05-12,2026-06-30,,2026-07-06,,,,X-PRESS,20252 / 20302,SHIPPING,WK,WK,False,530.25,0.0,0.0,27.0,,document - 2026-05-13T083844.425.pdf,In Process,True,,,,,,
J35992,"Larson, Brown & Ebert, PA",CC,Wichita,WK,"Furnish and install a new set of 3/8"" thick, machine routed aluminum letters and logo. All to be sanded, primed, and painted black with a satin finish. Letters to stud mount to interior stone wall",Rush,Outsourced - Vendor,,Survey needed,2026-05-13,2026-07-01,,2026-07-07,,,,GEMINI,20297,ORDERED,WK,WK,False,4821.02,0.0,0.0,26.0,,document - 2026-05-14T045439.124.pdf,In Process,True,,,,,,
J37611,DOWER FOR JUDGE,LNI,Hutchinson,WK,"Set up provided design for production, produce and deliver 250 double sided yard signs with stakes.",,Outsourced - Vendor,,Survey needed,2026-05-13,2026-07-01,,2026-07-07,,,,X-PRESS,20226,ORDERED,WK,WK,False,1855.0,0.0,0.0,26.0,,document - 2026-05-14T045348.530.pdf,In Process,True,,,,,,
J37603,Halstead Bank,DW,Valley Center,WK,"Fabricate and install 1 set of 3/8"" thick flat cut out acrylic letters painted to match logo colors stud mounted with stand offs on interior wall.",,Outsourced - Vendor,,Survey needed,2026-05-13,2026-07-01,,2026-07-07,,,,GEMINI,20316,ORDERED,WK,WK,False,2441.88,0.0,0.0,26.0,,document - 2026-05-14T044811.677.pdf,In Process,True,,,,,,
J37731,EMPRISE BANK,CC,Iola,WK,"Replace the logo graphics on both sides of the pylon sign, and on the west face of drive thru canopy.",,Outsourced - Vendor,,Survey needed,2026-05-13,2026-07-01,,2026-07-07,,,,MIRATEC,20357,SHIPPING,WK,WK,False,,0.0,0.0,26.0,,"document - 2026-05-14T044709.500.pdf, document - 2026-05-14T044714.667.pdf",In Process,True,,,,,,
J37730,EMPRISE BANK,CC,McPherson,WK,Replace the graphic on the wall mounted logo cabinet.,,Outsourced - Vendor,,Survey needed,2026-05-13,2026-07-01,,2026-07-07,,,,MIRATEC,20357,SHIPPING,WK,WK,False,,0.0,0.0,26.0,,document - 2026-05-14T044624.268.pdf,In Process,True,,,,,,
J37728,EMPRISE BANK,CC,Park City,WK,Furnish new vinyl graphics for the two E logos on the pylon sign cabinet.,,Outsourced - Vendor,,Survey needed,2026-05-13,2026-07-01,,2026-07-07,,,,MIRATEC,20357,SHIPPING,WK,WK,False,,0.0,0.0,26.0,,document - 2026-05-14T044534.368.pdf,In Process,True,,,,,,
J37726,EMPRISE BANK,CC,Valley Center,WK,Replace the vinyl logo graphic on the wall sign logo cabinet and the E logo on the drive thru directional sign,,Outsourced - Vendor,,Survey needed,2026-05-13,2026-07-01,,2026-07-07,,,,MIRATEC,20357,SHIPPING,WK,WK,False,,0.0,0.0,26.0,,"document - 2026-05-14T044416.951.pdf, document - 2026-05-14T044423.318.pdf",In Process,True,,,,,,
J37722,EMPRISE BANK,CC,Augusta,WK,Replace the logo vinyl graphics on the east side of the pylon sign and on both logo wall sign cabinets.,,Outsourced - Vendor,,Survey needed,2026-05-13,2026-07-01,,2026-07-07,,,,MIRATEC,20357,SHIPPING,WK,WK,False,,0.0,0.0,26.0,,"document - 2026-05-14T044307.685.pdf, document - 2026-05-14T044314.612.pdf",In Process,True,,,,,,
J37721,EMPRISE BANK (N. Woodlawn),CC,Wichita,WK,Furnish new vinyl logo graphics on both sides of the pylon sign,,Outsourced - Vendor,,Survey needed,2026-05-13,2026-07-01,,2026-07-07,,,,MIRATEC,20357,SHIPPING,WK,WK,False,,0.0,0.0,26.0,,document - 2026-05-14T044215.127.pdf,In Process,True,,,,,,
J37720,EMPRISE BANK (E. Harry,CC,Wichita,WK,"Furnish and install replacement logo graphics on both sides of the pylon sign, and on the wall sign logo cabinets on the east and south elevations of the building.",,Outsourced - Vendor,,Survey needed,2026-05-13,2026-07-01,,2026-07-07,,,,MIRATEC,20357,SHIPPING,WK,WK,False,,0.0,0.0,26.0,,"document - 2026-05-14T044110.194.pdf, document - 2026-05-14T044116.650.pdf",In Process,True,,,,,,
J37719,EMPRISE BANK (E. Patriot - Derby),CC,Derby,WK,"Replace the logo graphics on the east side of pylon sign and on the logo cabinets on front of building, back of building, and the east side of building.",,Outsourced - Vendor,,Survey needed,2026-05-13,2026-07-01,,2026-07-07,,,,MIRATEC,20357,SHIPPING,WK,WK,False,,0.0,0.0,26.0,,"document - 2026-05-14T043955.034.pdf, document - 2026-05-14T043949.046.pdf",In Process,True,,,,,,
J37717,EMPRISE BANK (W. Central),CC,Wichita,WK,Replace the logo graphic on the logo wall sign cabinet on south elevation of building,,Outsourced - Vendor,,Survey needed,2026-05-13,2026-07-01,,2026-07-07,,,,MIRATEC,20357,SHIPPING,WK,WK,False,,0.0,0.0,26.0,,document - 2026-05-14T043842.451.pdf,In Process,True,,,,,,
J37714,EMPRISE BANK (Haysville),CC,Haysville,WK,"Replace the logo graphics on both sides of the pylon, the wall mounted logo on the west elevation, and the logo graphic on the south elevation wall mounted logo cabinet.",,Outsourced - Vendor,,Survey needed,2026-05-13,2026-07-01,,2026-07-07,,,,MIRATEC,20357,SHIPPING,WK,WK,False,,0.0,0.0,26.0,,"document - 2026-05-14T043647.690.pdf, document - 2026-05-14T043656.082.pdf",In Process,True,,,,,,
J37577,"Stone Creek Station (GC Investments, Inc)",NH,Garden City,WK,"GATE CANOPY LETTERS: Furnish and install (2) 8""h flat-cut-out aluminum letter sets (3/4"" thick, #5687 white enamel finish), each mounted to a 2""x2"" aluminum angle baseline bracket (black enamel finish). Affix the baseline bracket to the top of each gateway entrance canopy (provided by others).",,Outsourced - Vendor,shipping to Dodge,Survey needed,2026-05-14,2026-07-02,,2026-07-08,,,,GEMINI,20304,ORDERED,WK,WK,False,4529.42,0.0,0.0,25.0,,document - 2026-05-15T070227.707.pdf,In Process,True,,,,,,
J37765,EMPRISE BANK (W. Central - ATM),CC,Wichita,WK,Replace vinyl logo on the South side of ATM Canopy,,Outsourced - Vendor,,Survey needed,2026-05-14,2026-07-02,,2026-07-08,,,,MIRATEC,20357,SHIPPING,WK,WK,False,,0.0,0.0,25.0,,,In Process,True,,,,,,
J37169,HAVILAND BROADBAND,DW,Conway Springs,WK,Remove existing sign from current office and relocate onto new building. Fabricate and install new flat cut out sign to match existing installed on other building elevation.,,Outsourced - Vendor,,Survey needed,2026-05-14,2026-07-02,,2026-07-08,,,,GEMINI,20317,ORDERED,WK,WK,False,10896.38,0.0,0.0,25.0,,J37169 Haviland Broadband_Bldg Sign.pdf,In Process,True,,,,,,
J37637,EMPRISE BANK,CC,Wichita,WK,Replace the E logo faces on the logo wall sign cabinets NMS,,Outsourced - Vendor,,Survey needed,2026-05-15,2026-07-03,,2026-07-09,,,,MIRATEC,20357,SHIPPING,WK,WK,False,,0.0,0.0,24.0,,"CCARSON_16957 EMPRISE BANK.pdf, CCARSON_16956 EMPRISE BANK.pdf, CCARSON_16959 EMPRISE BANK.pdf",In Process,True,,,,,,
J37774,EMPRISE BANK (E. Central),CC,Wichita,WK,"Replace the vinyl E logo graphics on both sides of the pylon sign, the logo cabinet on building and the west end of ATM canopy.",,Outsourced - Vendor,,Survey needed,2026-05-15,2026-07-03,,2026-07-09,,,,MIRATEC,20357,SHIPPING,WK,WK,False,,0.0,0.0,24.0,,"CCARSON_18698 Emprise Bank - E Central.pdf, CCARSON_18703 Emprise Bank - E Central.pdf, ATM LOGO.jpg",In Process,True,,,,,,
J37769,EMPRISE BANK (S. Broadway),CC,Wichita,WK,"Replace vinyl graphic logos on the south side of pylon, the west side of ATM canopy, and front logo wall sign cabinet.",,Outsourced - Vendor,,Survey needed,2026-05-15,2026-07-03,,2026-07-09,,,,MIRATEC,20357,SHIPPING,WK,WK,False,,0.0,0.0,24.0,,"document - 2026-05-17T055202.342.pdf, document - 2026-05-17T055207.975.pdf, ATM LOGO.jpg",In Process,True,,,,,,
J37768,EMPRISE BANK (S. Hydraulic),CC,Wichita,WK,"Replace the vinyl graphic logos on the west side of pylon sign; south side of building, and east end of ATM canopy.",,Outsourced - Vendor,,Survey needed,2026-05-15,2026-07-03,,2026-07-09,,,,MIRATEC,20357,SHIPPING,WK,WK,False,,0.0,0.0,24.0,,"document - 2026-05-17T055025.244.pdf, document - 2026-05-17T055031.991.pdf, ATM LOGO.jpg",In Process,True,,,,,,
J37767,EMPRISE BANK (N. Broadway),CC,Wichita,WK,Replace the vinyl E logos on the logo cabinet on front (south side) of building and on both ends of the ATM canopy.,,Outsourced - Vendor,,Survey needed,2026-05-15,2026-07-03,,2026-07-09,,,,MIRATEC,20357,SHIPPING,WK,WK,False,,0.0,0.0,24.0,,"ATM LOGO.jpg, document - 2026-05-17T054850.761.pdf",In Process,True,,,,,,
J32560,SEWARD CO COMMUNITY COLLEGE,NH,Liberal,WK,"Furnish and install (1) set of LED-lighted trimcap channel letters/droplet logo (white cans, white edging, white plex, white LED, blue perf, green vinyl, translucent digital print logo graphics). Flush-mount the individual letters on the block fascia. *ASSUMES OPEN ACCESS BEHIND THE FASCIA, FOR WIRING & REMOTE POWER SUPPPLIES. -Hook up to existing power.",,Outsourced - Vendor,,,2026-05-19,2026-07-07,,2026-07-13,,,,DSW,20354,ORDERED,WK,WK,False,28876.34,0.0,0.0,20.0,,J32560 SEWARD CO COMMUNITY COLLEGE.pdf,In Process,True,,,,,,
J37691,EQUITY BANK,DW,Macksville,WK,"Remove and discard existing ""ATM inside"" decal from front door and drive thru window. Furnish and install (2) new vinyl decal with Equity Bank branding and ATM inside copy.",,Outsourced - Vendor,,,2026-05-19,2026-07-07,,2026-07-13,,,,GREGORY,20355,ORDERED,WK,WK,False,588.0,0.0,0.0,20.0,,J37691 Equity Bank_ATM Decals KH.pdf,In Process,True,,,,,,
J37614,"TYREE AG, INC",NH,Kinsley,WK,"Furnish (4) 8""h x 6' 8""w digitally-printed opaque white vinyl overlays (back copy on white). Ship directly to the customer. Customer to apply to each side of their existing double-face post & panel signs (covering the old salesman name & phone number).",,Outsourced - Vendor,shipping to customer,,2026-05-19,2026-07-07,,2026-07-13,,,,GREGORY,20352,ORDERED,WK,WK,False,338.52,0.0,0.0,20.0,,INC.pdf,In Process,True,,,,,,
J37764,SPX COOLING TECHNOLOGIES INC,SP,Overland Park,NEK,"STUDIO ROOM FCO ACRYLIC LOGO - Produce and ship to Olathe Shop for Shelly to deliver to customer for their own install of one (1) 3/8"" thick pigmented white acrylic ""arrow"" logo (sized 2'6"" x 2'6"") with 3M VHB tape mounting and providing a mounting pattern.",,Outsourced - Vendor,,,2026-05-20,2026-07-08,,2026-07-14,,,,,,,NEK,NEK,False,758.0,0.0,0.0,19.0,,,In Process,True,,,,,,
J37484,Cornejo Holdings,DW,Wichita,WK,"Fabricate and install 1 LED illuminated trim cap logo. Signage to have black returns, black trim cap, white acrylic faces and perforated black vinyl.",,Outsourced - Vendor,,,2026-05-20,2026-07-08,,2026-07-14,,,,SIGN HOUSE,20353,ORDERED,WK,WK,False,5743.2,0.0,0.0,19.0,,J37484 NEW Cornejo Holdings_Facilities Building Sign.pdf,In Process,True,,,,,,
J37311,Empirical Foods,NH,Garden City,WK,interior acrylic sign (large; breakroom),,Outsourced - Vendor,shipping to Dodge,Survey needed,2026-05-26,2026-07-14,,2026-07-20,,,,GEMINI,20370,ORDERED,WK,WK,False,10589.27,0.0,0.0,13.0,,J37311 EMPIRICAL FOODS.pdf,In Process,True,,,,,,
J37312,Empirical Foods,NH,Garden City,WK,FCO acrylic (small set; hallway),,Outsourced - Vendor,shipping to Dodge,Survey needed,2026-05-26,2026-07-14,,2026-07-20,,,,GEMINI,20372,ORDERED,WK,WK,False,3174.08,0.0,0.0,13.0,,J37312 EMPIRICAL FOODS.pdf,In Process,True,,,,,,
J37911,MCP GROUP,DP,Salina,WK,"TM/Add-on: Furnish and install (1) 4"" x 8"" ADA sign reading ""MECHANICAL"" with 1/32"" raised tactile braille. Sandblasted acrylic, second surface painted white. Black raised copy. (This is to match the signs that were just produced - this is an Add on sign that was not on the original order but customer has asked us to order).",,Outsourced - Vendor,,Survey needed,2026-05-26,2026-07-14,,2026-07-20,,,,bg automation,20330,ORDERED,WK,WK,False,,0.0,0.0,13.0,,J37911 MCP GROUP_ADA ADD ON.pdf,In Process,True,,,,,,
J37839,Knights of Columbus (St. Edwards Council),NH,Kinsley,WK,"Furnish (2) 4'x8' single-face, aluminum composite material sign panels with digitally-printed vinyl graphics/UV laminate. Send to the Lumineo-Dodge City shop. (Nathan & fellow Knights to install/rebuild the existing wood structure).",,Outsourced - Vendor,,Survey needed,2026-05-26,2026-07-14,,2026-07-20,,,,GREGORY,20365,ORDERED,WK,WK,False,1205.18,0.0,0.0,13.0,,J37839 KNIGHTS OF COLUMBUS.pdf,In Process,True,,,,,,
J37798,DISABILITY SUPPORTS,AS,McPherson,WK,T/M Amber Mannel,,Outsourced - Vendor,,Survey needed,2026-05-26,2026-07-14,,2026-07-20,,,,GEMINI,20337,ORDERED,WK,WK,False,,0.0,0.0,13.0,,J37798 DISABILITY SUPPORTS_ Amber Mannel.pdf,In Process,True,,,,,,
J37808,Reign Wealth Advisors,NH,Dodge City,WK,interior FCO letters,,Outsourced - Vendor,shipping to Dodge,Survey needed,2026-05-27,2026-07-15,,2026-07-21,,,,GEMINI,20333,ORDERED,WK,WK,False,1749.42,0.0,0.0,12.0,,J37808 REIGN WEALTH ADVISORS.pdf,In Process,True,,,,,,
J30649,Snodgrass & Sons Construction (McConnel AFB),DW,Wichita,WK,McConnell AFB Dog Kennel - Dimensional Letters,,Outsourced - Vendor,,Survey needed,2026-05-27,2026-07-15,,2026-07-21,,,,GEMINI,20282,ORDERED,WK,WK,False,5536.36,0.0,0.0,12.0,,J30649 MCCONNEL AFB BUILDING LETTERS REV 1.26.26KH.pdf,In Process,True,,,,,,
J37613,WIENS & COMPANY (Hutchinson Public Library),AS,Hutchinson,WK,1 wall covering,,Outsourced - Vendor,,Survey needed,2026-05-27,2026-07-15,,2026-07-21,,,,,,,WK,WK,False,2786.87,0.0,0.0,12.0,,J37613 HUTCHINSON PUBLIC LIBARY - ELEPHANT WALL GRAPHIC.pdf,In Process,True,,,,,,
J31589,Snodgrass & Sons Construction (Central Christian Academy),TC,Wichita,WK,Central Christian Academy - ADA,,Outsourced - Vendor,,,2026-05-28,2026-07-16,,2026-07-22,,,,,,,WK,WK,False,1494.53,0.0,0.0,11.0,,J31589 CENTRAL CHRISTIAN ACADEMY.pdf,Added,True,,,,,,
J36711,Bridger Companies,DW,Wichita,WK,Pawnee Crossing North Monument Revision,,Outsourced - Vendor,,,2026-05-28,2026-07-16,,2026-07-22,,,,GEMINI,20285,Artwork Approved,WK,WK,False,7977.28,0.0,0.0,11.0,,J36711 PAWNEE CROSSING NORTH MONUMENT - FOR PERMIT.pdf,Added,True,,,,,,
J36710,Bridger Companies,DW,Wichita,WK,Pawnee Crossing South Monument Revision,,Outsourced - Vendor,,,2026-05-28,2026-07-16,,2026-07-22,,,,GEMINI,20285,Artwork Approved,WK,WK,False,4832.46,0.0,0.0,11.0,,J36710 PAWNEE CROSSING SOUTH MONUMENT - FOR PERMIT.pdf,Added,True,,,,,,
J37807,Reign Wealth Advisors,NH,Dodge City,WK,interior digital print,,Outsourced - Vendor,,,2026-05-28,2026-07-16,,2026-07-22,,,,,,,WK,WK,False,329.5,0.0,0.0,11.0,,,Added,True,,,,,,
J37878,HEARTLAND CREDIT UNION (Rock Rd),CC,Wichita,WK,Furnish and install a set of internally illuminated letters for east elevation,,Outsourced - Vendor,,,2026-05-28,2026-07-16,,2026-07-22,,,,STEEL ART,20332,ORDERED,WK,WK,False,18894.7,0.0,0.0,11.0,,J37878 HEARTLAND CREDIT UNION.pdf,Added,True,,,,,,
J30940,Snodgrass & Sons Construction (McConnell AFB),DW,Wichita,WK,McConnel AFB Dog Kennel - ADA,,Outsourced - Vendor,,,2026-05-28,2026-07-16,,2026-07-22,,,,bg automation,20213,ORDERED,WK,WK,False,3547.0,0.0,0.0,11.0,,J30940 McConnel AFB ADA signs REV 2.pdf,Added,True,,,,,,
J37905,FIDELITY BANK (S. Seneca),CC,Wichita,WK,Remove existing window graphics and replace with new for S Seneca branch,,Outsourced - Vendor,,,2026-05-28,2026-07-16,,2026-07-22,,,,,,,WK,WK,False,1412.06,0.0,0.0,11.0,,,Added,True,,,,,,
J19254,Scott City HealthMart Pharmacy,NH,Scott City,WK,wall sign LED retrofits,,Outsourced - Vendor,,,2026-05-29,2026-07-17,,2026-07-23,,,,,,,WK,WK,False,,0.0,0.0,10.0,,,Added,True,,,,,,
J37853,FIDELITY BANK,CC,Wichita,WK,"Furnish and install a set of edge lit/back lit channel letters for the 5th floor elevator lobby area. Letters to be 2"" deep, with black faces and returns, with 1/4"" white acrylic backs. Letters to mount flush to wall, as shown on design CC-J37853. Letters to be populated with white LED to create edge lighting around the back perimeter of each letter. Wires will need to be pulled through and up the wall, into the area above the drop ceiling where the LED drivers will be placed. 120V electrical service will need to be provided to the drivers by licensed electrician. Coordination between facilities and Lumineo to make sure we can have access to pull wiring.",,Outsourced - Vendor,,,2026-06-01,2026-07-20,,2026-07-26,,,,,,,WK,WK,False,1002.7,0.0,0.0,7.0,,J37853 FIDELITY BANK_ EDGE LIT LETTERS.pdf,Added,True,,,,,,
J35285,Rockwell Library,CC,Wichita,WK,"Furnish labor and material to fabricate and install a total of six wall signs with printed copy for art pieces. Reference design CC-J35285 for size, style, and copy on each sign. NOTE: Copy on sign faces is too small for raised lettering, so all copy to be digitally printed on sign faces.",,Outsourced - Vendor,,,2026-06-01,2026-07-20,,2026-07-26,,,,,,,WK,WK,False,1014.89,0.0,0.0,7.0,,J35285 Hutton Construction_Type 2 signs.pdf,Added,True,,,,,,
J35289,Angelou Library,CC,Wichita,WK,"Furnish labor and materials to produce and install two interior signs and one exterior sign for Angelou Library art pieces. Reference design CC-J35289 for sign sizes, style, and copy per each sign. NOTE: Copy on sign faces are too small for raised lettering, so all copy to be digitally printed on sign faces.",,Outsourced - Vendor,,,2026-06-01,2026-07-20,,2026-07-26,,,,,,,WK,WK,False,549.24,0.0,0.0,7.0,,J35289 Hutton Construction_Type 2 signs.pdf,Added,True,,,,,,
J35287,Alford Library,CC,Wichita,WK,"Furnish and install two interior room signs for art pieces. Reference design CC-J35287. NOTE: Copy on face plates is too small for raised lettering, so all copy to be directly printed to face plates.",,Outsourced - Vendor,,,2026-06-01,2026-07-20,,2026-07-26,,,,,,,WK,WK,False,398.96,0.0,0.0,7.0,,J35287 Hutton Construction_Type 2 signs.pdf,Added,True,,,,,,
J38014,CONV/VISITORS BUREAU LIBERAL,NH,Liberal,WK,"SOUTH HWY 83: Furnish and install (1) new 10'x24' vinyl wrap, to fit the customer-owned roadsign structure. Dispose of the old wrap & install the new one, using the existing rod & straps. **ASSUMES THE EXISTING PLYWOOD BAKER PANELS & HARDWARE ARE IN GOOD CONDITION.",,Outsourced - Vendor,shipping to dodge,,2026-06-02,2026-07-21,,2026-07-27,,,,INDEPENDENT'S,20367,ORDERED,WK,WK,False,1649.2,0.0,0.0,6.0,,J38014 CONV VISITORS BUREAU LIBERAL.pdf,Added,True,,,,,,
J37430,Childrens Mercy Hospital-Clinic,CC,Wichita,WK,Furnish and install interior ADA and room signs and vinyl,,Outsourced - Vendor,,,2026-06-02,2026-07-21,,2026-07-27,,,,bg automation,20314,ORDERED,WK,WK,False,,0.0,0.0,6.0,,"CC-J37430 CMH Interior Sign Samples.pdf, J37430 DONDLINGER & SONS CONSTRUCTION_ADA_SIGNS.pdf",Added,True,,,,,,
J37931,Elite Landscape Solutions LLC,DW,Wichita,WK,Small Pylon LED conversion,,Outsourced - Vendor,,,2026-06-02,2026-07-21,,2026-07-27,,,,GRIMCO,20347,ORDERED,WK,WK,False,1629.26,0.0,0.0,6.0,,,Added,True,,,,,,
J37864,Benjamin F. Edwards Investments,DP,Abilene,WK,"Extensive rusting was found on (3) awnings when they were removed from the building. Quote needed to remove (3) existing, non-illuminated awnings from side elevation of building. (This has been done) Furnish and install (3) new frames with awning covers (No graphics or hanging valance) Awning color: Ferrari Precontraint 502-2161 Blue",,Outsourced - Vendor,,,2026-06-03,2026-07-22,,2026-07-28,,,,Endura,20358,ORDERED,WK,WK,False,9860.86,0.0,0.0,5.0,,J36976 Benjamin F Edwards Investments_Awnings.pdf,Added,True,,,,,,
J36568,EQUITY BANK,DW,Liberal,WK,"Liberal S Kansas Teller Desk Sign Non-Illuminated Fabricate and install (1) 2""deep foam logo with black laminate and black edges.",,Equity Bank Upcoming,Sept. 1 install?,Survey needed,2026-04-29,2026-06-17,,2026-06-23,,,,"GEMINI,GREGORY",,,WK,WK,False,3133.23,0.0,0.0,40.0,,J36568 Equity Bank_Interior Logo.pdf,In Process,True,,,,,,
J35774,Gene's Heartland Foods,JL,Eudora,NEK,Gene's Heartland Foods - EMC Retrofit in pylon Supply and install new 6mm resolution 3' x 6' watchfire electronic message center in existing pylon to replace 3' x 6' changeable copy board. Message center to be installed above tenant panels and below Gene's signage.,,Upcoming Mfg.,top and bottom angle iron. need to test EMC and send to NEK. wait for filler sizes,Survey needed,2026-04-02,2026-05-21,,2026-05-27,,,,,,,NEK,NEK,False,33000.0,0.0,0.0,67.0,,J35774 NEW Gene's Heartland_EMC Sign.pdf,In Process,True,,,,,,
J36133,Peachy Cheeks Co.,DP,Salina,WK,"Halo-Lit Formed Letters on Aluminum Pan Furnish and install halo letters on aluminum pan sign. Letters to be fabricated 2""d trimless aluminum with warm white LEDs. Letters to flush mount to aluminum pan sign. Pan sign to be painted Blue (color match of blue on building (Light Navy 197/PMS 289 C), letters to be brushed bronze finish. Copy to be ""Peachy Cheeks Co"". *Survey wood band to make sure sign will fit - It can not go on the upper brick and tile band area",Rush,Upcoming Mfg.,need to survey band area,Survey needed,2026-04-13,2026-06-01,,2026-06-07,,,,GEMINI,,,WK,WK,False,8302.03,0.0,0.0,56.0,,J36133 Peachy Cheeks Co_Halo lit letters on pan.pdf,In Process,True,,,,,,
J36982,OUTLAW GOLF CARTS,SP,Olathe,NEK,"SERVICE CENTER WALL SIGN CABINET NEW SERVICE CENTER WALL SIGN CABINET - Produce/install one (1) single faced, internally illuminated aluminum fabricated wall sign cabinet (sized 9' x 18') with white flex face having digital print graphics to match 3630-33 red and 7125-22 black. Sign to be mounted flush onto the EIFS facade wall area. Cabinet to be painted a TBD custom duranodic bronze to match the new bldg facade color and with white LED lighting. ** Customer to provide electrical feed to sign location and substrate backing in sign area to support sign installation. City review and sign permit fees are additional charge, billed at cost of what city charges. **",,Upcoming Mfg.,start production late may,Survey needed,2026-04-28,2026-06-16,,2026-06-22,,,,,,,NEK,NEK,False,22184.0,,0.0,41.0,,J36982 Outlaw Golf Carts_tenant cabinets.pdf,In Process,True,,,in_progress,in_progress,,
J36566,EQUITY BANK,DW,Liberal,WK,Liberal S Kansas ITM Wrap & Topper Install (2) ITM wraps and toppers from bulk inventory. Install will be done at Wichita warehouse staging area. TOPPERS TO BE INSTALLED ON LAST TRIP,,Upcoming Mfg.,9/1/26 Install target,Survey needed,2026-04-29,2026-06-17,2026-09-01,2026-06-23,,,,,,,WK,WK,False,1567.0,,0.0,40.0,2026-08-17,J36566 SIGNED SKETCH.pdf,In Process,True,,,,,,in_progress
J36563,EQUITY BANK,DW,Liberal,WK,Liberal S Kansas ITM Surround Fabricate and install 1 painted aluminum pan sign surround to existing inwall ITM unit.,,Upcoming Mfg.,9/1/26 Install target,Survey needed,2026-04-29,2026-06-17,2026-09-01,2026-06-23,,,,,,,WK,WK,False,2367.66,,0.0,40.0,2026-08-17,J36563 Equity Bank_ITM Surround.pdf,In Process,True,,Metal Only,in_progress,,in_progress,in_progress
J37683,Air Capital Wealth Management,AS,Hutchinson,WK,"Remove wall sign. Bring to Lumineo shop, take routed faces off, install new routed faces with perforated vinyl on plex face. Sand cabinet, and paint new colors (tbd). Reinstall in existing location.",,Upcoming Mfg.,,,2026-05-21,2026-07-09,,2026-07-15,,,,,,,WK,WK,False,4724.89,0.0,0.0,18.0,,J37683 Air Capital Wealth Management - wall sign reface.pdf,In Process,True,,,,,,
J37684,Air Capital Wealth Management,AS,Hutchinson,WK,"Remove logo of Rolling Plains Financial logo at top. Furnish and install (1) new cut white vinyl reading of customer logo. Furnish and install (1) reading saying ""Wyatt Fouts, CRPC (registration mark), this to be placed in blank space under Debra Caffrey.",,Upcoming Mfg.,,,2026-05-20,2026-07-08,,2026-07-14,,,,,,,WK,WK,False,239.81,0.0,0.0,19.0,,J37684 Air Capital Wealth Management - door vinyl update.pdf,In Process,True,,,,,,
J36701,DODGE CITY USD #443,NH,Dodge City,WK,"DIRECTIONAL SIGN (@ MEMORIAL STADIUM ENTRANCE): Furnish and install (1) 2' 6""h x 5'w double-face, non-illuminated aluminum post & panel sign (PMS 661 blue enamel finish, 4""x4"" aluminum posts, vinyl graphics). Hand-dig holes & set the posts in Sackcrete to grade. (4' 6"" OAH). *10' setback from the curb.",,Upcoming Mfg.,,,2026-05-20,2026-07-08,,2026-07-14,,,,,,,WK,WK,False,3729.93,0.0,0.0,19.0,,J36701 DODGE CITY USD 443.pdf,In Process,True,,,,,,
J37685,Air Capital Wealth Management,AS,Hutchinson,WK,"Remove and dispose of (2) parking signs with customer old logo and Client Parking Only, measuring 12""x18"". Furnish and install (2) where existing signs are (2) slightly bigger client parking signs. Signs to be rounded corner aluminum panels with digital print applied and installed on brick wall. Signs will have new logo at the top and ""Client Parking Only"" on digital print.",,Upcoming Mfg.,,,2026-05-20,2026-07-08,,2026-07-14,,,,,,,WK,WK,False,580.97,0.0,0.0,19.0,,J37685 Air Capital Wealth Management - parking signs.pdf,In Process,True,,,,,,
J35025,BLUESTEM COMMUNITIES - CORPORATE,AS,McPherson,WK,Post and panel directional,,Upcoming Mfg.,,Survey needed,2026-05-26,2026-07-14,,2026-07-20,,,,,,,WK,WK,False,3045.36,0.0,0.0,13.0,,J35025 Bluestem Communities - p&p sign.pdf,In Process,True,,,,,,
J35023,BLUESTEM COMMUNITIES - CORPORATE,AS,McPherson,WK,Pan on existing monument - E. 1st & Maxwell,,Upcoming Mfg.,,Survey needed,2026-05-26,2026-07-14,,2026-07-20,,,,,,,WK,WK,False,4808.98,0.0,0.0,13.0,,J35023 Bluestem Communities - Cedars 1st & Maxwell.pdf,In Process,True,,,,,,
J35022,BLUESTEM COMMUNITIES - CORPORATE,AS,McPherson,WK,Pan overlay on existing monument - 1st & Cedar,,Upcoming Mfg.,,Survey needed,2026-05-26,2026-07-14,,2026-07-20,,,,,,,WK,WK,False,7635.2,0.0,0.0,13.0,,J35022 Bluestem Communities - Cedars.pdf,In Process,True,,,,,,
J37794,Reign Wealth Advisors,NH,Dodge City,WK,re-face wall sign cabinet,,Upcoming Mfg.,need survey on trim size,Survey needed,2026-05-27,2026-07-15,,2026-07-21,,,,,,,WK,WK,False,1956.78,0.0,0.0,12.0,,J37794 REIGN WEALTH ADVISORS .pdf,In Process,True,,,,,,
J37279,Koch Fertilizer,NH,Dodge City,WK,OPT 2A -4x20 ACM,,Upcoming Mfg.,,,2026-05-28,2026-07-16,,2026-07-22,,,,,,,WK,WK,False,1892.19,0.0,0.0,11.0,,J37279 KOCH FERTILIZER.pdf,Added,True,,,,,,
J19253,Scott City HealthMart Pharmacy,NH,Scott City,WK,wall sign re-face Opt 2,,Upcoming Mfg.,,,2026-05-29,2026-07-17,,2026-07-23,,,,MIRATEC,,,WK,WK,False,2729.48,0.0,0.0,10.0,,J19253 SCOTT CITY HEALTHMART PHARMACY.pdf,Added,True,,,,,,
J34808,Salina First United Methodist Church,DP,Salina,WK,"Furnish and install (3) total aluminum pan signs with digitally printed applied graphics. (1) 5' x 5' Front entrance aluminum pan sign. Returns to be painted to match graphic. Sign to mount to brick wall to left of main entrance doors. (1) 2' 3"" x 1' 3"" Elevator and Sanctuary Entrance sign with handicap accessible image. Returns to be painted to match graphic. Sign to mount to right of main entrance doors. Signs to not mount flush to ground. (1) Dimensional pan sign that will mount to a slightly curved wall. Customer does not want any space between the sign and stone above and below signs and may need filler at top and bottom of each sign (painted to match Dk Bronze backer pan). Backer panel to be 5' x 8' 11 3/4"" and will be painted Dk. Bronze with Dk. Bronze returns. On bronze backer pan, install (3) raised pans with digitally prints applied to each face. Returns on each raised panel to be painted to color match graphic base colors of red, purple and blue. *See notes to city about mounting method that we need to use.",,Upcoming Mfg.,,,2026-06-01,2026-07-20,,2026-07-26,,,,,,,WK,WK,False,9601.75,0.0,0.0,7.0,,34808 FINAL Salina First Methodist Church_Various pans.pdf,Added,True,,,,,,
J38015,PEOPLES BANK & TRUST,CC,McPherson,WK,"Remove the existing panels from two development signs at the Autumn Wood housing development, leaving wood post uprights. Bring panels back to Hutch shop. Receive new art files, for new prints. Apply new prints and then re-install the panels on wood posts.",,Upcoming Mfg.,printed and given to Chuck,,2026-06-02,2026-07-21,,2026-07-27,,,,,,,WK,WK,False,,0.0,0.0,6.0,,,Added,True,,,,,,
J37599,Cathedral of Our Lady of Guadalupe,NH,Dodge City,WK,"LED DISPLAY & FLAT ALUMINUM LOGO ON MASONRY MONUMENT SIGN BASE (OPTION 3A): Furnish and install (1) 4' 5""h x 8' 3""w single-face, 6mm, 192x384, RGB full-color ""WatchFire"" electronic message center cabinet to mount flush on the masonry sign base (being constructed by others. Furnish and install (1) 3' 8""h x 3' 1/8”w flat-cut-out aluminum ""Sacred Heart"" logo (1/2"" thick, stud-mount flush, #3130 Duranodic bronze enamel finish, with applied digitally-printed vinyl/UV laminate). *ORIGINAL PAN LOGO THAT WAS QUOTED DIRECT TO HUTTON TO BE DELETED. . . *THE CUSTOMER IS RESPONSIBLE FOR RUNNING POWER TO THE SIGN LOCATION (EMC load = 23amps, 120v). Includes GOLD PLAN 5yr parts & labor warranty, Broadband wireless communications (with prepaid lifetime data plan), ‘lab near me’ temp reference, grounding accommodations, programming software for customer's PC, setup, on-site software training, access to LN Help Desk, (5) start up slides, and programmer retraining for 5yrs if needed.",,Upcoming Mfg.,,,2026-06-03,2026-07-22,,2026-07-28,,,,,,,WK,WK,False,42767.85,0.0,0.0,5.0,,J37599 CATHEDRAL OF OUR LADY OF GUADALUPE.pdf,Added,True,,,,,,
J29295,OUR LADY OF PRESENTATION CATHOLIC CHURCH,SP,"Lee's Summit, MO",NEK,"NEW PLANTER BOXES WITH BELL TOWER NEW PLANTER BOXES WITH BELL TOWER IN LANDSCAPING BED ( Option C ) - Produce/install four (4) individual Benchmark EPS custom faux stone planter boxes like Benchmark EPS monument sign bases with planters having aluminum caps painted Sherwin SW7505 Stone Lion and boxes to be secured/attached to a new concrete perimeter pads which Lumineo is to produce. Then produce/install one (1) four sided 13'9"" tall x 4' square bell tower structure (using churches existing approx 1500 # bell) with an FCO aluminum cross at top - entire structure painted Sherwin SW7048 Urbane Bronze.",,Mfg. Ready for Planning,,Survey needed,2026-03-10,2026-04-28,,2026-05-04,,,,,,,WK,NEK,False,50341.0,0.0,0.0,90.0,,J29295 Our Lady of Presentation_planter box_bell tower_optC.pdf,In Process,True,,,,,,
J33678,DISABILITY SUPPORTS,AS,Hutchinson,WK,"airport space Work with Howerton White design to specify, furnish and install airport display. Customer to contract with electrician for modifications to existing electrical, and provide 37"" monitor and wall mount device for monitor. Customer to determine if airport Wi Fi adequate for providing changing content to the monitor or if it should be provided via flash drive.",,Mfg. Ready for Planning,,Survey needed,2026-04-30,2026-06-18,,2026-06-24,,,,GEMINI,,,WK,WK,False,16634.77,,0.0,39.0,,"DISABILITY SUPPORTS J33678 Stamped Ceiling tile.png, 25_DSI12907_Airport_Display_Final_01 (1).pdf",In Process,True,,,in_progress,in_progress,in_progress,
J37837,HUTCHINSON COMMUNITY COLLEGE,AS,Hutchinson,WK,T/M alumni of year,,Mfg. Ready for Planning,,Survey needed,2026-05-26,2026-07-14,,2026-07-20,,,,,,,WK,WK,False,,0.0,0.0,13.0,,J37837 HUTCHINSON COMMUNITY COLLEGE_ ALUM WALL 2026 UPDATE.pdf,In Process,True,,,,,,
J30941,Snodgrass & Sons Construction (McConnel AFB),DW,Wichita,WK,McConnel AFB Dog Kennel - Panel Signs,Rush,Mfg. Ready for Planning,6/29 date,,2026-05-28,2026-07-16,,2026-07-22,,,,,,,WK,WK,False,1180.6,0.0,0.0,11.0,,J30941 McConnel AFB Misc Metal Signs REV 4 FINAL.pdf,Added,True,,,,,,
J37689,EQUITY BANK,DW,"Altus, OK",WK,Remove existing vinyl. Furnish and install new first surface white vinyl.,,Mfg. Ready for Planning,,,2026-06-02,2026-07-21,,2026-07-27,,,,,,,WK,WK,False,715.62,0.0,0.0,6.0,,J37689 Equity Bank_Altus For Lease Vinyl.pdf,Added,True,,,,,,
J37854,McPherson Co Building,DP,McPherson,WK,"Furnish and install white cut applied vinyl graphics on the following doors: West glass entrance door: ""County Building Hours: 8:00 a.m. - 5:00 p.m. After Hours Public Meetings: USE EAST ENTRANCE"" Northeast glass entrance door: ""After Hours Public Meeting Entrance"" and ""200 North Maple"" above entrance doors (centered). East glass entrance doors: ""County Building Hours: 8:00 a.m. - 5:00 p.m. After Hours Public Meeting Entrance: USE ENTRANCE TO NORTH""",,Mfg. Ready for Planning,,,2026-06-03,2026-07-22,,2026-07-28,,,,,,,WK,WK,False,620.86,0.0,0.0,5.0,,J37854 FUQUA CONSTRUCTION.pdf,Added,True,,,,,,
J36039,The Coop Chicken Fingers,AS,Wichita,WK,"Furnish and Install (1) 2'-8 3/8""(h) x 8-1 3/4""(w) Internally Illuminated routed cabinet backed with white plex with digital print overlay. Sign to install on side elevation. Customer to check with electrician about power to the wall. Permits to be added to final invoice",RED DATE,Mfg. Ready for Planning,,,2026-06-03,2026-07-22,,2026-07-28,,,,MIRATEC,,,WK,WK,False,11040.24,0.0,0.0,5.0,,J36039 The Coop Chicken Fingers (Wichita)_Side Wall sign.pdf,Added,True,,,,,,
J36077,The Coop Chicken Fingers,AS,Wichita,WK,Remove old faces to directional sign. Furnish and install (2) plex faces with digitally printed translucent vinyl over lays. Faces to have the logo up top and Drive Thru below and an arrow. Lighting repairs not included in this quote.,RED DATE,Mfg. Ready for Planning,,,2026-06-03,2026-07-22,,2026-07-28,,,,MIRATEC,,,WK,WK,False,1371.11,0.0,0.0,5.0,,J36077 The Coop Chicken Fingers (Wichita)_directional faces.pdf,Added,True,,,,,,
J36040,The Coop Chicken Fingers,AS,Wichita,WK,"Remove and dispose of lower cabinet on pole. On existing pole, furnish and install (1) 5' tall x 10' wide double sided internally illuminated sign cabinet. Cabinet to be painted customer outline color and to have white plex and full digital print overlays with customer brand and Drive Thru on sign face. Customer to check with electrician to see if power is present. Cost of permit to be added to final invoice.",RED DATE,Mfg. Ready for Planning,,,2026-06-03,2026-07-22,,2026-07-28,,,,MIRATEC,,,WK,WK,False,12457.79,0.0,0.0,5.0,,J36040 The Coop Chicken Fingers (Wichita) _pole sign cabinet.pdf,Added,True,,,,,,
J37417,The Coop Chicken Fingers,AS,Wichita,WK,Furnish & Install (1) 5’-0”(h) x 5’-0.75”(w) irregular shaped pan logo with flush mounted LED Flexibrite stripes to create a Sign to install on the front elevation facing rock road centered on over windows,RED DATE,Mfg. Ready for Planning,,,2026-06-03,2026-07-22,,2026-07-28,,,,GRIMCO,,,WK,WK,False,7315.77,0.0,0.0,5.0,,J37417 The Coop Chicken Fingers (Wichita)_ faux neon pan sign.pdf,Added,True,,,,,,
J33999,G Alexander Construction LLC - Disability Supports,AS,McPherson,WK,"204 monument Remove sign from base and poles. Bring to shop for full refurb. Replace damaged faces with ""Disability Supports"" and logo element. Routed push thru copy with clear plex with applied white vinyl backing for replacement faces as it was previously, digital prints for logo element. Bondo top of sign before paint of any hail damage. Sand, prime, and repaint sign. Any needed sign permits to be added onto final invoice. Refurb pricing does not include any retrofitting internal illumination to LED components.",,Refurb - Awaiting Removal,,Survey needed,2026-04-30,2026-06-18,2026-06-30,2026-06-24,,,,,,,WK,WK,False,10610.18,,0.0,39.0,2026-06-15,J33999 DISABILITY SUPPORTS (G ALEXANDER CONST)_Monument refurb.pdf,In Process,True,,Metal w/ Push thru,in_progress,in_progress,in_progress,
J34000,G Alexander Construction LLC - Disability Supports,AS,McPherson,WK,"501 Monument Remove sign from base and poles. Bring to shop along with listing cabinet stored in the basement of their office. Replace damaged faces with ""Disability Supports"" and logo element. Routed push thru copy with clear plex with applied white vinyl backing for replacement faces as it was previously, digital prints for logo element. Bondo top of sign before paint of any hail damage. Sand, prime, and repaint sign. Any needed sign permits to be added onto final invoice. Refurb pricing does not include any retrofitting internal illumination to LED components.",,Refurb - Awaiting Removal,,Survey needed,2026-04-30,2026-06-18,2026-06-30,2026-06-24,,,,,,,WK,WK,False,9702.69,,0.0,39.0,2026-06-15,J33400 DISABILITY SUPPORTS (G ALEXANDER CONST)_Monument refurb.pdf,In Process,True,,Metal w/ Push thru,in_progress,in_progress,in_progress,
J37422,Cris Corey State Farm (Refurb Copy),AS,Hutchinson,WK,"Refurb Remove, repaint sign, base and reveal black, replace lighting, furnish two new plex faces 36x96 same graphics as current, graphics on pole cover per new layout, 21x96, reinstall. Proposal includes 5-year parts and labor warranty. Please coordinate removal with paint and with the acrylic face timeline so they can have a quick turnaround once the sign has been removed and will not be without sign too long.",,Refurb - Awaiting Removal,,Survey needed,2026-04-29,2026-06-17,,2026-06-23,,,,MIRATEC,20132,SHIPPING,WK,WK,False,,,0.0,40.0,,J37422 STATE FARM CHRIS COREY_ REFURB.pdf,Placeholder,True,"Hutch,Outsourced",,,in_progress,in_progress,in_progress
J37290,Fine Art of Family Dentistry (Refurb Copy),DP,Salina,WK,"Remove existing 2'6"" x 8' single face monument sign, move to Lumineo Plant. Sand, patch and repaint all finishes, new paint to be black. Remove ""Lynn R. Wuthnow, DDS"" and add ""Sara E. Gassman, DDS"". Reinstall at same location.",,Refurb - Awaiting Removal,,Survey needed,2026-05-11,2026-06-29,,2026-07-05,,,,GEMINI,20331,ORDERED,WK,WK,False,,,0.0,28.0,,document - 2026-05-12T092137.878.pdf,Placeholder,True,,,,in_progress,,
J34403,MERITRUST CREDIT UNION,CC,"Boulder, CO",WK,"New internallly illuminated single face cabinet for Gunbarrel branch Boulder Remove existing sign cabinet from the front of tenant space. Furnish and install a new, internally illuminated sign cabinet with routed copy. The routed copy will be backed with white acrylic, decorated with translucent vinyl to match PMS 1797C red. Proposal also includes removing and disposing of the wall sign on the rear elevation. This sign will not be replaced with a new sign. Reference design CC-J34403. Permit to be secured and invoiced as a separate line item on final invoice. Label for job location and ship product to: DaVinci Sign Systems 4496 Bents Drive - Unit A Windsor, CO 80550",,MFG - Routing,order released from hold 5/29,Survey needed,2025-12-16,2026-02-03,2026-07-17,2026-02-09,,,,,,,WK,WK,False,8981.84,,0.0,174.0,2026-07-02,J34403 Meritrust Credit Union_IL routed cabinet.pdf,In Process,True,Hutch,Metal & Backed,in_progress,in_progress,in_progress,
J34830,MERITRUST CREDIT UNION,CC,"Broomfield, CO",WK,"Remove and dispose of the existing monument sign off site. Furnish and install a new internally illuminated all aluminum construction monument sign with routed copy. Routed copy to be backed with white acrylic, with white LED illumination. The topper section will have white reflective vinyl applied to each side. Reference design CC-J34830. Permit to be secured and invoiced as a separate line item on final billing.",,MFG - Routing,off hold 5/1 permit waver (original order day 12/26/25),Survey needed,2026-05-01,2026-06-19,2026-06-23,2026-06-25,,,,,,,WK,WK,False,,,0.0,38.0,2026-06-08,document - 2025-12-31T072826.528.pdf,In Process,True,Hutch,Metal w/ Push thru,in_progress,in_progress,in_progress,in_progress
J37095,Intellicents,TC,Wichita,WK,"Interior Reception Sign - Intellicents Remove and dispose of existing acrylic sign. Furnish and Install one (1) 4'-0"" (H) x 8'-0"" (W) x 1/2"" (D) clear acrylic with applied digitally printed vinyl graphics of Intellicents logo. Re-use existing ACM backer panel and standoffs. Reference design TC-J37095.",,MFG - Routing,,Survey needed,2026-04-27,2026-06-15,2026-06-15,2026-06-21,,,,GREGORY,20117,RECEIVED,WK,WK,False,2408.65,,0.0,42.0,2026-05-31,J37095 INTELLICENTS.pdf,In Process,True,Outsourced,1/2 plex,,,in_progress,
J31949,"Stone Creek Station (GC Investments, Inc)  (Routing Copy)",NH,Garden City,WK,"MONUMENT SIGN @ THE COURTYARD: Furnish and install (1) new single-face sign, consisting of (1) 2' 4 13/16""h x 8'w x 8""d irregular-shaped single-face aluminum cabinet (white enamel finish) with routed copy/logo, internal-LED-illumination, push-thru plex letters, custom digitally-printed gold vinyl overlay, 3630-22 black vinyl overlay), with a 3-piece flat-cut-out aluminum ""accent bars"" (3/8"" deep, Pantone #4515 enamel finish), stud-mounted flush, and (1) 2'h x 7' 8""w x 4""d painted aluminum polecover (black enamel finish). Set new base steel (excavation through dirt, concrete to grade). *ASSUMES THE CUSTOMER WILL LANDSCAPE AROUND THE SIGN. On the return trip, weld the signage to the poles. *THE CUSTOMER IS RESPONSIBLE FOR RUNNING POWER TO THE SIGN LOCATION.",,MFG - Routing,,Survey needed,2026-05-01,2026-06-19,2026-06-19,2026-06-25,,,,"GEMINI,GREGORY",20320 / 20327,ORDERED,WK,WK,False,,0.0,0.0,38.0,2026-06-04,document - 2026-05-04T092404.642.pdf,Placeholder,True,"Hutch,Outsourced",1/2 plex,,,,
J36938,Community National Bank and Trust (Routing Copy),CC,Wichita,WK,"Furnish new pylon sign for CNB&T Wichita Provide labor, materials, and equipment to fabricate and install a new, internally illuminated CNB ID cabinet and pole cover with address numerals. Reference design CC-J36938. Upper ID cabinet to have routed copy, backed with 1/2"" thick, push-thru acrylic. The CNB logo on the faces of the cabinet to be internally illuminated trim capped logos, with vinyl graphics applied to white acrylic faces. The top of cabinet to have a custom fabricated topper, trimmed with red, LED tube. Address numerals on pole cover base to be attached, 1/4"" thick, machine routed aluminum. The LED display to be provided by separate vendor, but this proposal includes providing framed out section to accommodate installers LED modules. The stone base to be supplied by GC. Lumineo Signs will coordinate with site super and electrician when we dig our footing for the new support pipe. Permit will be secured by Lumineo Signs and invoiced at cost on final billing.",,MFG - Routing,1st of July install,Survey needed,2026-04-16,2026-06-04,2026-06-30,2026-06-10,,,,"SIGN HOUSE,GEMINI",20161 / 20162,ORDERED,WK,WK,False,,,0.0,53.0,2026-06-15,J36938 Community Bank and Trust_double face sign revised.pdf,Placeholder,True,Hutch,Metal w/ Push thru,in_progress,in_progress,in_progress,
J34000,G Alexander Construction LLC - Disability Supports (Routing Copy),AS,McPherson,WK,"501 Monument Remove sign from base and poles. Bring to shop along with listing cabinet stored in the basement of their office. Replace damaged faces with ""Disability Supports"" and logo element. Routed push thru copy with clear plex with applied white vinyl backing for replacement faces as it was previously, digital prints for logo element. Bondo top of sign before paint of any hail damage. Sand, prime, and repaint sign. Any needed sign permits to be added onto final invoice. Refurb pricing does not include any retrofitting internal illumination to LED components.",,MFG - Routing,,Survey needed,2026-04-30,2026-06-18,2026-06-30,2026-06-24,,,,,,,WK,WK,False,,,0.0,39.0,2026-06-15,J33400 DISABILITY SUPPORTS (G ALEXANDER CONST)_Monument refurb.pdf,Placeholder,True,,Metal w/ Push thru,in_progress,in_progress,in_progress,
J33999,G Alexander Construction LLC - Disability Supports (Routing Copy),AS,McPherson,WK,"204 monument Remove sign from base and poles. Bring to shop for full refurb. Replace damaged faces with ""Disability Supports"" and logo element. Routed push thru copy with clear plex with applied white vinyl backing for replacement faces as it was previously, digital prints for logo element. Bondo top of sign before paint of any hail damage. Sand, prime, and repaint sign. Any needed sign permits to be added onto final invoice. Refurb pricing does not include any retrofitting internal illumination to LED components.",,MFG - Routing,,Survey needed,2026-04-30,2026-06-18,2026-06-30,2026-06-24,,,,,,,WK,WK,False,,,0.0,39.0,2026-06-15,J33999 DISABILITY SUPPORTS (G ALEXANDER CONST)_Monument refurb.pdf,Placeholder,True,,Metal w/ Push thru,in_progress,in_progress,in_progress,
J33316,Greenbush - The Southeast Kansas Service Center (Routing Copy),"QT,DP",Girard,NEK,Greenbush Reception 090925 Produce and install graphics display for reception gathering area.,,MFG - Routing,,Survey needed,2026-02-06,2026-03-27,2026-06-16,2026-04-02,,,,,,,NEK,NEK,False,,0.0,0.0,122.0,2026-06-01,J33316 Greenbush_Reception gathering area and behind desk.pdf,Placeholder,True,,,,,,
J34690,Greenbush - The Southeast Kansas Service Center (Routing Copy),"QT,DP",Girard,NEK,Greenbush Timeline 111225 Produce and install one custom wall mounted interior non illuminated wall sign display of timeline,,MFG - Routing,,Survey needed,2026-02-09,2026-03-30,2026-06-16,2026-04-05,,,,,,,NEK,NEK,False,,0.0,0.0,119.0,2026-06-01,J34690 Greenbush_Hallway Timeline.pdf,Placeholder,True,,,,,,
J34689,Greenbush - The Southeast Kansas Service Center (Routing Copy),"QT,DP",Girard,NEK,Greenbush Legacy Builders 111225 Produce and install one custom interior non illuminated wall sign display for Legacy Builders Wall.,,MFG - Routing,,Survey needed,2026-02-09,2026-03-30,2026-06-16,2026-04-05,,,,,,,NEK,NEK,False,,0.0,0.0,119.0,2026-06-01,J34689 Greenbush_Legacy Builders.pdf,Placeholder,True,Outsourced,Metal Only,,,,
J36938,Community National Bank and Trust,CC,Wichita,WK,"Furnish new pylon sign for CNB&T Wichita Provide labor, materials, and equipment to fabricate and install a new, internally illuminated CNB ID cabinet and pole cover with address numerals. Reference design CC-J36938. Upper ID cabinet to have routed copy, backed with 1/2"" thick, push-thru acrylic. The CNB logo on the faces of the cabinet to be internally illuminated trim capped logos, with vinyl graphics applied to white acrylic faces. The top of cabinet to have a custom fabricated topper, trimmed with red, LED tube. Address numerals on pole cover base to be attached, 1/4"" thick, machine routed aluminum. The LED display to be provided by separate vendor, but this proposal includes providing framed out section to accommodate installers LED modules. The stone base to be supplied by GC. Lumineo Signs will coordinate with site super and electrician when we dig our footing for the new support pipe. Permit will be secured by Lumineo Signs and invoiced at cost on final billing.",,MFG - Chris Metal Fab,1st of July install,Survey needed,2026-04-16,2026-06-04,2026-06-30,2026-06-10,,,,"SIGN HOUSE,GEMINI",20161 / 20162,ORDERED,WK,WK,False,47040.16,,0.0,53.0,2026-06-15,J36938 Community Bank and Trust_double face sign revised.pdf,In Process,True,Hutch,Metal w/ Push thru,in_progress,in_progress,in_progress,
J36940,"Stone Creek Station (GC Investments, Inc)",NH,Garden City,WK,"CORNER SIGN (OPTION 2): Furnish and install (1) 12""h x 30'w x 8""d single-face aluminum cabinet (black enamel finish) with individual non-illuminated reverse-channel letters (30""h, Pantone 4515 gold enamel finish, full painted backs), mounted to the face of the 12""h base cabinet, along with flat-cut-out aluminum ""hex bolt heads"" (3/8"" deep, white enamel finish), stud-mounted at the corners. Excavate & form a 31'w x 1' 4""d x 5.5""h concrete mow pad, with steel j-bolts throughout. On the return trip, mount the sign sections on the pad. . . *THE CUSTOMER IS RESPONSIBLE FOR ADDING LANDSCAPING LIGHTS/CAST FIXTURES, AS DESIRED. . . *CUSTOMER TO PLACE A REPLICA PUMPJACK BEHIND THE SIGN, COMPLETELY INDEPENDENT OF THE SIGN. (PRIOR TO PLACEMENT OF THE SIGN).",,MFG - Chris Metal Fab,,Survey needed,2026-05-01,2026-06-19,2026-07-03,2026-06-25,,,,,,,WK,WK,False,21836.19,,0.0,38.0,2026-06-18,document - 2026-05-04T092501.560.pdf,In Process,True,Outsourced,Routing Complete,in_progress,in_progress,,
J31949,"Stone Creek Station (GC Investments, Inc)",NH,Garden City,WK,"MONUMENT SIGN @ THE COURTYARD: Furnish and install (1) new single-face sign, consisting of (1) 2' 4 13/16""h x 8'w x 8""d irregular-shaped single-face aluminum cabinet (white enamel finish) with routed copy/logo, internal-LED-illumination, push-thru plex letters, custom digitally-printed gold vinyl overlay, 3630-22 black vinyl overlay), with a 3-piece flat-cut-out aluminum ""accent bars"" (3/8"" deep, Pantone #4515 enamel finish), stud-mounted flush, and (1) 2'h x 7' 8""w x 4""d painted aluminum polecover (black enamel finish). Set new base steel (excavation through dirt, concrete to grade). *ASSUMES THE CUSTOMER WILL LANDSCAPE AROUND THE SIGN. On the return trip, weld the signage to the poles. *THE CUSTOMER IS RESPONSIBLE FOR RUNNING POWER TO THE SIGN LOCATION.",,MFG - Terry Metal Fab,,Survey needed,2026-05-01,2026-06-19,2026-06-19,2026-06-25,,,,"GEMINI,GREGORY",20320 / 20327,ORDERED,WK,WK,False,10408.44,,0.0,38.0,2026-06-04,document - 2026-05-04T092404.642.pdf,In Process,True,"Hutch,Outsourced",Routing Complete,in_progress,in_progress,in_progress,
J35730,FUQUA CONSTRUCTION,DP,McPherson,WK,"McPherson Co Office Building - Rev2: Attached you will find our renderings of the signage and elevations of the signage. There are three signs in total, all to be backlit with color changeable LEDs. This is for the McPherson County Building, which is an office structure being remodeled for County use catty-corner from the courthouse. The signs will be mounted on existing walls.",,MFG - Len Metal Fab,didn't get final info till 3/4/26,Survey needed,2026-02-20,2026-04-10,2026-06-29,2026-04-16,,,,STEEL ART,19639,RECEIVED,WK,WK,False,52924.52,,0.0,108.0,2026-06-14,document - 2026-02-21T092626.664.pdf,In Process,True,,,in_progress,in_progress,,
J33724,Dough Co Donuts,AS,Hutchinson,WK,Survey for cut size. Remove existing faces in pole sign. Furnish and install (2) new plex faces with vinyl graphics in pole sign.,,MFG - Need Material Cut,survey received 5/18,Survey needed,2026-05-06,2026-06-24,,2026-06-30,,,,GREGORY,20327,ORDERED,WK,WK,False,2308.21,,0.0,33.0,,document - 2026-05-07T090239.632.pdf,In Process,True,Outsourced,,,,in_progress,
J36873,BILLBOARD BUSINESS LLC,LNI,Hutchinson,WK,Luke is asking Lumineo to produce and furnish 50 qty. billboard ID tags (3 ft.) for The Billboard Business. Refer to prior discussions with Alex regarding details. See uploaded mockup.,,MFG - Need Material Cut,,Survey needed,2026-05-08,2026-06-26,,2026-07-02,,,,,,,WK,WK,False,5182.72,,0.0,31.0,,document - 2026-05-09T063709.189.pdf,In Process,True,Hutch,,,,in_progress,in_progress
J37515,Dodge City Smiles,NH,Dodge City,WK,"OPTION 2: Furnish and install (2) new flat plex faces to fit the existing 4'x6' top section of the existing pylon sign (translucent digitally-printed vinyl graphics, UV laminate). Remove and dispose of the existing faces. Slide the new ones into place. *Reference trim size from original order #24627.1... *IF THE SIGN NEEDS ANY ELECTRICAL SERVICE, LUMINEO CAN PROVIDE ON AN ADDITIONAL ""TIME & MATERIALS"" BASIS.",,MFG - Need Material Cut,,Survey needed,2026-05-14,2026-07-02,,2026-07-08,,,,MIRATEC,20262,SHIPPING,WK,WK,False,2374.87,,0.0,25.0,,document - 2026-05-15T065458.749.pdf,In Process,True,Outsourced,,,,in_progress,
J33316,Greenbush - The Southeast Kansas Service Center,"QT,DP",Girard,NEK,Greenbush Reception 090925 Produce and install graphics display for reception gathering area.,,MFG - Paint Prep / Paint,,Survey needed,2026-02-06,2026-03-27,2026-06-16,2026-04-02,,,,,,,NEK,NEK,False,5272.0,0.0,0.0,122.0,2026-06-01,J33316 Greenbush_Reception gathering area and behind desk.pdf,In Process,True,,,,,,
J34690,Greenbush - The Southeast Kansas Service Center,"QT,DP",Girard,NEK,Greenbush Timeline 111225 Produce and install one custom wall mounted interior non illuminated wall sign display of timeline,,MFG - Paint Prep / Paint,,Survey needed,2026-02-09,2026-03-30,2026-06-16,2026-04-05,,,,,,,NEK,NEK,False,16210.0,0.0,0.0,119.0,2026-06-01,J34690 Greenbush_Hallway Timeline.pdf,In Process,True,,,,,,
J34689,Greenbush - The Southeast Kansas Service Center,"QT,DP",Girard,NEK,Greenbush Legacy Builders 111225 Produce and install one custom interior non illuminated wall sign display for Legacy Builders Wall.,,MFG - Paint Prep / Paint,,Survey needed,2026-02-09,2026-03-30,2026-06-16,2026-04-05,,,,,,,NEK,NEK,False,6059.0,0.0,0.0,119.0,2026-06-01,J34689 Greenbush_Legacy Builders.pdf,In Process,True,Outsourced,Metal Only,,,,
J35471,MERITRUST CREDIT UNION,CC,Wichita,WK,"Fabricate and install two, internally illuminated single face sign cabinets with routed, push thru copy. Sign cabinets to install over transom windows on the north and west elevations of tenant space. Cabinets painted DK Bronze to match mullion color. Copy will be clear matt acrylic, pushed through routed copy on faces, and backed with translucent white vinyl. Permit, as required by the city will be invoiced at cost on final billing as a separate line item. 120V service to each sign by others. Reference design CC-J35471.",RED DATE,MFG - Paint Prep / Paint,Install by end of June.,Survey needed,2026-02-19,2026-04-09,2026-06-15,2026-04-15,,,,,,,WK,WK,False,19738.43,,0.0,109.0,2026-05-31,document - 2026-02-21T093740.261.pdf,In Process,True,Hutch,Routing Complete,done,in_progress,,
J36861,First Security Bank,DW,Conway Springs,WK,Conway Springs Pylon Option 5 NEEDS SURVEY! Remove and discard existing double face pylon. Reusing pole structure fabricate and install new LED illuminated double face pylon with routed push thru graphics.,,MFG - Paint Prep / Paint,,Survey needed,2026-04-06,2026-05-25,2026-06-17,2026-05-31,,,,,,,WK,WK,False,34622.35,,0.0,63.0,2026-06-02,J36861 First Security Bank_Pylon Sign.pdf,In Process,True,Hutch,Routing Complete,in_progress,in_progress,in_progress,
J37422,Cris Corey State Farm,AS,Hutchinson,WK,"Refurb Remove, repaint sign, base and reveal black, replace lighting, furnish two new plex faces 36x96 same graphics as current, graphics on pole cover per new layout, 21x96, reinstall. Proposal includes 5-year parts and labor warranty. Please coordinate removal with paint and with the acrylic face timeline so they can have a quick turnaround once the sign has been removed and will not be without sign too long.",,MFG - Paint Prep / Paint,,Survey needed,2026-04-29,2026-06-17,2026-06-29,2026-06-23,,,,MIRATEC,20132,SHIPPING,WK,WK,False,7091.19,,0.0,40.0,2026-06-14,J37422 STATE FARM CHRIS COREY_ REFURB.pdf,In Process,True,"Hutch,Outsourced",,,in_progress,in_progress,in_progress
J37303,"Stone Creek Station (GC Investments, Inc)",NH,Garden City,WK,"BIG SKY EXTERIOR SIGNS: Furnish & install (1) 4'h x 5' 11 1/2'w single-face, internal-LED-lit oval-shaped wall sign cabinet (red enamel finish, flat plex face, translucent digitally-printed graphics, UV laminate). Mount on the east elevation, centered over the entrance. *THE CUSTOMER IS RESPONSIBLE FOR RUNNING POWER TO THE SIGN LOCATION. . . Furnish and install (3) 6'h x 9' 9 5/8""w single-face, non-illuminated, oval-shaped aluminum pan signs (red enamel finish, opaque digitally-printed graphics, UV laminate). Mount on the south/west/north elevations, centered under the gooseneck fixtures (SUPPLIED BY OTHERS).",,MFG - Paint Prep / Paint,,Survey needed,2026-05-01,2026-06-19,2026-06-19,2026-06-25,,,,,,,WK,WK,False,17036.17,,0.0,38.0,2026-06-04,document - 2026-05-04T092132.068.pdf,In Process,True,Outsourced,Routing Complete,done,in_progress,in_progress,
J36888,"Carlson Hydraulics, LLC",TC,Wichita,WK,"Furnish and Install one (1) set of 3/8"" (D) non-illuminated, aluminum flat cut out letters (FCOs), painted blue. FCOs to mount on 4'-0"" (H) x 10'-0"" (W) x 2"" (D) brushed aluminum pan sign with radius corners. FCOs to mount to pan sign with 1"" standoffs. Reference design TC-J36888.",,MFG - Paint Prep / Paint,,Survey needed,2026-05-08,2026-06-26,2026-06-26,2026-07-02,,,,GEMINI,20324,ORDERED,WK,WK,False,5762.7,,0.0,31.0,2026-06-11,document - 2026-05-09T063136.849.pdf,In Process,True,,,done,in_progress,,
J37290,Fine Art of Family Dentistry,DP,Salina,WK,"Remove existing 2'6"" x 8' single face monument sign, move to Lumineo Plant. Sand, patch and repaint all finishes, new paint to be black. Remove ""Lynn R. Wuthnow, DDS"" and add ""Sara E. Gassman, DDS"". Reinstall at same location.",,MFG - Paint Prep / Paint,,Survey needed,2026-05-11,2026-06-29,2026-07-01,2026-07-05,,,,GEMINI,20331,ORDERED,WK,WK,False,5904.47,,0.0,28.0,2026-06-16,document - 2026-05-12T092137.878.pdf,In Process,True,,,,in_progress,,
J36774,THRIVE RESTAURANT GROUP,DW,"Cedar Falls, IA",WK,Remove and discard existing cabinet. Fabricate and install new LED illuminated sign cabinet with digitally printed flexible faces. Customer responsible for any applicable sales or use tax to appropriate local taxing authority.,,MFG - Paint Prep / Paint,,Survey needed,2026-05-13,2026-07-01,,2026-07-07,,,,MIRATEC,20235,SHIPPING,WK,WK,False,21362.84,,0.0,26.0,,document - 2026-05-14T045007.974.pdf,In Process,True,,,done,in_progress,,
J37420,Commerce Bank C/O CBRE,QT,Kansas City,NEK,"Provide labor, equipment and necessary materials to remove and dispose of existing damaged ""Enter"" sign. Produce and install replacement internally LED illuminated sign cabinet.",,MFG - Paint Prep / Paint,,Survey needed,2026-05-14,2026-07-02,2026-06-16,2026-07-08,,,,,,,NEK,NEK,False,6052.86,,0.0,25.0,2026-06-01,,In Process,True,,Routing Complete,done,in_progress,in_progress,
J34926,Greenbush - The Southeast Kansas Service Center,"QT,DP",Girard,NEK,Greenbush Audiology 112525 Produce and install one (1) single sided non illuminated sign pan with flat cut out lettering for Greenbush logo and Audiology Clinic Main Entrance with a left arrow.,,MFG - Assembly,,Survey needed,2026-02-09,2026-03-30,2026-06-16,2026-04-05,,,,,,,WK,NEK,False,5441.0,,0.0,119.0,2026-06-01,J34926r1 Greenbush Audiology Building_pan with FCOs.pdf,In Process,True,Outsourced,,done,in_progress,,
J34368,Goodwin Outdoors,QT,Overland Park,NEK,Walnut Reserve monument Produce and install one single sided illuminated sign cabinet to mount to customer provided stone base.,,MFG - Assembly,,Survey needed,2026-03-16,2026-05-04,2026-06-10,2026-05-10,,,,,,,WK,NEK,False,17800.0,,0.0,84.0,2026-05-26,J34368r2 Goodwin Outdoors-Walnut Reserve-monument.pdf,In Process,True,Outsourced,,done,in_progress,,
J36121,Greenbush - The Southeast Kansas Service Center,"QT,DP",Girard,NEK,"Greenbush Monument 021326 REMOVE AND DISPOSE OF EXISTING MONUMENT SIGN AND WOOD SUPPORT STRUCTURE INSIDE SIGN. LEAVE STONE PLANTER. PROVIDE EQUIPMENT AND LABOR TO EXCAVATE AND SET NEW STEEL SUPPORT POLE. FURNISH AND INSTALL NEW DOUBLE-SIDED, NON-ILLUMINATED MONUMENT SIGN. ALUMINUM CABINET PAINTED PMS 298C DARK BLUE WITH (2) 3” SQUARE CHANNEL SURROUNDS. 1/4” THICK FLAT CUT OUT LOGO PAINTED PMS 3395C MINT, 725U BROWN AND WHITE. FLAT CUT OUT ADDRESS ON POLE COVER.",,MFG - Assembly,,Survey needed,2026-03-26,2026-05-14,2026-06-16,2026-05-20,,,,,,,WK,NEK,False,28289.0,,0.0,74.0,2026-06-01,J36121 Greenbush_NI monument.pdf,In Process,True,Outsourced,,done,in_progress,,
J35899,Food Bank of Reno County,AS,Hutchinson,WK,"Pole sign revision Remove top two pole sign ID cabinets and two arched pole covers above tenant sign, discard. Furnish and install new internally illuminated flex faced cabinet, 8' x 12' with Food Bank Branding at top in 6 x 12 space and blank space below for future tenant graphics to be added at later date. Install on existing pole structure after trimming down to needed height. Paint existing cabinet and pole covers black. This option could meet opposition from city in permitting due to location being grandfathered. **POWER LINES PRESENT",,MFG - Assembly,survey for pole structure / Survey received 5/21,Survey needed,2026-04-10,2026-05-29,2026-06-26,2026-06-04,,,,MIRATEC,20261,SHIPPING,WK,WK,False,23584.29,,0.0,59.0,2026-06-11,J35899 Food Bank of Reno County_Pole Sign Revision.pdf,In Process,True,Outsourced,,done,in_progress,,
J36950,"Stone Creek Station (GC Investments, Inc)",NH,Garden City,WK,"NORTH EXTERIOR FASCIA SIGN: Furnish and install (1) new 5' 4"" 3/16""h x 22' 3/8""w x 4""d irregular-shaped single-face aluminum cabinet (black enamel finish) with LED-lighted trimcap channel letters (white cans, white plex, white edging, custom digitally-printed gold vinyl overlay, white LED), flat-cut-out aluminum ""hex bolt heads"" (1"" deep, white enamel finish), stud-mounted at the corners, with an aluminum channel ""oil rig"" top ornament (4"" deep, black enamel finish, with mounting plate). Mount on the ribbed metal siding. *WILL NEEED TRUCK ACCESS PRIOR TO DEVELOPMENT OF THE COURTS OUT FRONT. . . *THE CUSTOMER IS RESPONSIBLE FOR RUNNING POWER TO THE SIGN LOCATION.",,MFG - Assembly,,Survey needed,2026-05-01,2026-06-19,2026-06-19,2026-06-25,,,,"SIGN HOUSE,GEMINI",20256 / 20319,ORDERED,WK,WK,False,19691.06,,0.0,38.0,2026-06-04,document - 2026-05-04T092245.340.pdf,In Process,True,,Routing Complete,done,in_progress,,
J36182,CITY OF GODDARD,TC,Goddard,WK,"Fabricate and install two (2) 11'-0"" (H) x 4'-0"" (W) x 1'-0"" (D) single faced, non-illuminated, entryway signs at Goddard North Park. Sign to be painted PMS 7686C, PMS 2985C, with surface mounted 1/2"" (D) brushed aluminum flat cut out letters reading ""GODDARD"" & ""LEGACY BANK PARK"" and feature a brushed aluminum side panel, similar to existing signage on US-54. Sign structure to mount above 5-1/2"" (H) x 4'-6"" (W) x 1'-6"" (D) mow pad. Reference design TC-J36182.",,MFG - Assembly,,Survey needed,2026-05-05,2026-06-23,2026-06-23,2026-06-29,,,,GEMINI,20321,ORDERED,WK,WK,False,22738.47,,0.0,34.0,2026-06-08,document - 2026-05-06T083324.317.pdf,In Process,True,,Routing Complete,done,in_progress,,
J37539,"Carlson Hydraulics, LLC",TC,Wichita,WK,"Furnish and Install one (1) set of 1'-0"" (H) x 3/8"" (D) non-illuminated, aluminum flat cut out letters (FCOs), reading ""3414"", in a brushed aluminum finish. FCOs to mount flush to a 1'-6"" (H) x 4'-8"" (W) x 1"" (D) backer panel with radius corners, painted blue. Reference design TC-J37539.",,MFG - Assembly,,Survey needed,2026-05-08,2026-06-26,2026-06-26,2026-07-02,,,,GEMINI,20322,ORDERED,WK,WK,False,2383.59,,0.0,31.0,2026-06-11,document - 2026-05-09T063331.857.pdf,In Process,True,Outsourced,,done,in_progress,,
J36878,- Leroy Career Technical College,DP,Leroy,NEK,PRODUCE AND INSTALL NEW BUILDING SIGNAGE “TITAN” SHIELD - 1/4” THICK FLAT CUT OUT ALUMINUM SHIELD PAINTED WHITE OVERLAID WITH DIGITALLY PRINTED VINYL GRAPHIC (NEED ART FROM CUSTOMER) “CAREER & TECHNICAL EDUCATION” - 1/4” THICK FLAT CUT OUT ALUMINUM LETTERS PAINTED White INSTALL ON 1” DEEP BACKGROUND PAN PAINTED Ash Grey to match building accent colors.,,MFG - Assembly,,Survey needed,,,2026-06-16,,,,,,,,WK,NEK,False,7988.0,,0.0,,2026-06-01,J36878 Leroy Career Technical Education_FCOs on building (1).pdf,In Process,True,Outsourced,,done,in_progress,,
J35260,MERITRUST CREDIT UNION,CC,"Erie, CO",WK,"@Furnish and install new double face monument sign for Erie branch Fabricate and install a new internally illuminated monument sign with routed copy and internal LED lighting per design CC-J35260. Routed copy on both faces to be 1/2"" push thru white acrylic, with the exception of the address copy which will just be backed with white acrylic. Main sign cabinet to be painted to match PMS 1797C Red, with the reveals painted to match PMS Grey1C. Proposal includes new footing, new support pipe, block and bricking of the base, using customer supplied brick. Permit to be invoiced as a separate line item on final statement. 120V service to sign by others.",,MFG - Assembly & Graphics,off hold 4/14/26,Survey needed,2026-04-14,2026-06-02,2026-06-09,2026-06-08,,,,,,,WK,WK,True,30600.63,,0.0,55.0,2026-05-25,document (92).pdf,In Process,True,Hutch,Routing Complete,done,in_progress,in_progress,
J36343,"Presbyterian Manors of MId-America, Inc.",DW,Lawrence,NEK,Lawrence Monument Sign Refurb Remove existing faces. Fabricate and install new routed acrylic backed faces. Paint cabinet and pole cover in field. Will require pulling rocks back from around bottom of pole cover. Convert to LED illumination.,,MFG - Assembly & Graphics,,Survey needed,2026-03-23,2026-05-11,2026-06-12,2026-05-17,,,,MIRATEC,20020,RECEIVED,WK,NEK,False,11159.52,,0.0,77.0,2026-05-28,"J32713 Lawrence Presbyterian Manor Monument Sign SITE PLAN.pdf, J36343 Lawrence Presbyterian Manor_Monument Sign.pdf",In Process,True,Outsourced,Routing Complete,done,in_progress,in_progress,in_progress
J29155,Morton Buildings,DW,"Atkinson, IL",WK,Remove and discard (1) existing double face sign cabinet off site. Furnish and install (1) 5'x10' double face full bleed extrusion retainerless sign cabinet with digitally printed flexible sign faces. Sign cabinet to be UL listed with multi-voltage LED lighting system. Sign cabinet to have integral steel structural pole with match plate to match existing structure. Sign cabinet to be painted black with polyurethane enamel finish. Existing pole to be painted PMS 877 metallic silver. Furnish and install 1 vinyl reading for front door glass.,,MFG - Assembly & Graphics,,,2026-03-25,2026-05-13,2026-06-09,2026-05-19,,,,MIRATEC,20012,RECEIVED,WK,Sub-Installer,True,22381.08,,0.0,75.0,2026-05-25,J29155 Morton Buildings_Sign Cabinet & Graphics.pdf,In Process,True,Outsourced,,done,in_progress,,in_progress
J36879,Inland Ocean Vineyards,AS,Hutchinson,WK,"Option 5 Furnish and deliver 60” x 120"" non-illuminated sign cabinet. (Customer plans to install sign themselves between two wood beams that they will be putting in), sign to have 2"" tube on top and bottom of sides with flanges to mount to posts. Pan cabinet to be painted light gray with white 1/2"" FCO letters and border. Contour shape to mount on light gray oval space with a white raised border to match border on the rest of the sign on the rest of the sign. *Lumineo will need to provide brackets for mounting on each side of the sign for hanging.",,MFG - Assembly & Graphics,,Survey needed,2026-04-09,2026-05-28,2026-06-11,2026-06-03,,,,"GEMINI,GREGORY",20029 /20117,RECEIVED,WK,WK,False,16708.76,,0.0,60.0,2026-05-27,J36879 Inland Ocean Vineyards & Winery_irregular p&p sign horizontal opt 5.pdf,In Process,True,Outsourced,,done,in_progress,in_progress,
J35522,Jones Sign,CC,Wichita,WK,"Furnish and install routed tenant panels on two monuments for Jones Sign Fabricate and install two pairs of routed tenant panels for existing multi-tenant monument signs. One set of small panels for the tenant sign at the building, and two larger panels for the 21st St tenant sign. Each to be fabricated with 1"" angle returns and routed copy in faces with 1/2"" clear matte push through acrylic, with white diffuser film applied on second surface. All panels painted black with a satin finish. Dispose of removed faces, off site.",,MFG - Assembly & Graphics,,Survey needed,2026-04-14,2026-06-02,2026-06-12,2026-06-08,,,,,,,WK,WK,False,6748.37,,0.0,55.0,2026-05-28,J35522 Gallagher _ routed tenant pans.pdf,In Process,True,Hutch,Routing Complete,done,in_progress,in_progress,in_progress
J36983,Agri Trails Co-op,DP,Durham,WK,"New ID Cabinet and Price Changer Cabinet Remove damaged ID cabinet and price changer cabinet and bring to Lumineo plant. Furnish and install new double-faced illuminated pylon display for ""DURHAM STATION"" and ""Agri Trails Coop"". Cabinet and retainers to be painted black. Plex faces with digitally printed applied vinyl graphics. Keep ""Unleaded"" & ""Diesel"" faces and price changers to install into cabinet. Return and install at same location. Colors: 374 C - Lt. Green ""Trail Designating Line"", PMS.M 7406C - Gold Wheat PMS Fades of Yellow for background of Kansas, PMS 5361C Medium Green",,MFG - Assembly & Graphics,,Survey needed,2026-04-23,2026-06-11,2026-06-26,2026-06-17,,,,MIRATEC,20131,RECEIVED,WK,WK,False,20968.21,,0.0,46.0,2026-06-11,J36983 Agri Trails Co op_New ID cabinet and price changer.pdf,In Process,True,Outsourced,,done,in_progress,in_progress,
J36787,Stevens County Hospital,NH,Hugoton,WK,"REPAIR WIND-DAMAGED SIGN: Pattern the existing 3' 10""h x 9' 8""w irregular-shaped LED-lit can. Fabricate a new plex/trimcap face with vinyl graphics. Remove and dispose of the face remnant. Affix the new face using painted fasteners.",,MFG - Assembly & Graphics,Need pattern for face,Survey needed,2026-05-04,2026-06-22,2026-06-11,2026-06-28,,,,,,,WK,WK,False,3355.02,,0.0,35.0,2026-05-27,"SCHCOT sketch NH-11122.jpg, SCHCOT.png",In Process,True,Hutch,,,,in_progress,in_progress
J34645,BUILDERS INC PARKLANE SHOPPING,DW,Wichita,WK,"South Rock RD Multi-Tenant Remove and discard existing multi-tenant sign. Cut poles at grade. Set new steel pole so edge of sign cabinet is closer to Rock Rd. Fabricate and install new double face LED illuminated multi-tenant sign cabinet. Top cabinet to be ID cabinet reading ""Cedar Lakes Village"" and tenant section to have 6 tenant spaces with floating divider bars giving ability to convert two tenant spaces into one. All tenant panels and ID cabinet to have white acrylic panels. Tenant panels to be blank and ID cabinet to have full coverage reverse cut vinyl reading ""Cedar Lakes Village"" Cabinet to be painted neutral color and pole to be painted black.",,MFG - Vinyl Cut,,Survey needed,2025-12-05,2026-01-23,2026-06-11,2026-01-29,,,,,,,WK,WK,False,24425.5,,0.0,185.0,2026-05-27,J34645 Cedar Lake Village_Tenant Sign.pdf,In Process,True,Outsourced,,done,done,in_progress,in_progress
J36912,Wichita State University,CC,Wichita,WK,"Furnish and install a new clearance bar at WSU parking garage Furnish and install a new clearance bar on the east side of the Rhatigan Center parking garages north entrance lane. Clearance bar to be produced from 8"" diameter, black PVC pipe, with matching PVC end caps. New yellow, reflective vinyl graphic to be applied. Reference design 6919 (CB-1). Existing brackets to be used with new steel cabling.",,MFG - Vinyl Cut,,Survey needed,2026-04-03,2026-05-22,2026-06-11,2026-05-28,,,,,,,WK,WK,False,2526.81,,0.0,66.0,2026-05-27,document - 2026-04-03T130147.502.pdf,In Process,True,Hutch,,done,,in_progress,in_progress
J36376,Community National Bank and Trust,CC,Wichita,WK,"Two new direction signs for CNB Wichita Fabricate and install two, double sided, non-illuminated directional signs with vinyl graphics. Each sign to have a two paint color, with the logo and copy applied in reflective white vinyl. Each cabinet to be 3"" deep, and set on concrete mow pad. Reference design CC-J36376 for copy and color layouts. Permit, as required by the city will be secured by Lumineo Signs and invoiced at cost on final billing statement. Chuck to flag locations",,MFG - Vinyl Cut,July 1st install,Survey needed,2026-04-23,2026-06-11,2026-06-30,2026-06-17,,,,,,,WK,WK,False,6600.5,,0.0,46.0,2026-06-15,CC-J36376 Directional Signs CNB (1).pdf,In Process,True,Hutch,,done,in_progress,in_progress,in_progress
J36881,"NEWTON HEALTHCARE CORPORATION, D/B/A NMC HEALTH",DW,Newton,WK,"Remove and discard faces from bottom cabinet. Bring back into shop all retainers. Repaint retainers to match rest of sign fabricate new acrylic panel reading ""Physical Therapy & Rehabilitation""",,MFG - Vinyl Cut,survey done 5/18/26,Survey needed,2026-04-24,2026-06-12,,2026-06-18,,,,,,,WK,WK,False,3229.59,,0.0,45.0,,document - 2026-04-27T094520.378.pdf,In Process,True,Hutch,,,,in_progress,in_progress
J37535,"Schramm Feedlot, Inc.",NH,"Yuma, CO",WK,"Furnish (2) full sign replacements (white ACM panels, with 7725-12 black & 7725-47 intense blue vinyl graphics, and digital print logo in bottom-right corner. Breakdown: (1) 6' 8"" x 20' sign (in 4 pieces), and (1) 4' 6"" x 15' sign (in 2 pieces). -Original sketch references attached. Crate & ship to the site. Customer to take down the old panels & install new panels. **LN DOES NOT HAVE A COLORADO RETAIL TAX NUMBER; CUSTOMER IS RESPONSIBLE FORPAYING ANY APPLICASBLE TAXES TO LOCAL AUTHORITIES.",Rush,MFG - Vinyl Cut,,Survey needed,2026-05-01,2026-06-19,2026-06-09,2026-06-25,,,,,,,WK,WK,False,,,0.0,38.0,2026-05-25,"document - 2026-04-30T151523.523.pdf, document - 2026-04-30T151510.193.pdf",In Process,True,Hutch,,,,in_progress,in_progress
J36733,"CHCT Kansas, LLC",TC,Wichita,WK,"Fabricate and install one (1) 6'-0"" (H) x 4'-0"" (W) x 4"" (D) S/F wayfinding sign. Sign to match others on property, painted (PMS TBD). Top of sign to read ""CYPRESS MEDICAL BLDG 300"" in white vinyl, applied over a black vinyl background. Tenant information to be applied in white vinyl on a black background. Reverse weeded Up & Left arrow to be applied in black vinyl directly to painted surface next to tenant information. Backside of sign to have ""CYPRESS MEDICAL"" in white vinyl, applied over a black vinyl background. Building 300 tenants are as follows, reference design TC-J36733:",,MFG - Vinyl Cut,,Survey needed,2026-05-06,2026-06-24,2026-06-24,2026-06-30,,,,,,,WK,WK,False,3595.86,,0.0,33.0,2026-06-09,document - 2026-05-07T090036.429.pdf,In Process,True,Hutch,,done,,in_progress,in_progress
J37607,MIKE NOLTE,DD,Buhler,WK,"Clear plex panel with 2nd surface cut vinyl & white backer vinyl. Panel size is 8 3/8""H x 49 1/4""W",,MFG - Vinyl Cut,,Survey needed,2026-05-13,2026-07-01,2026-06-10,2026-07-07,,,,,,,WK,WK,False,308.04,,0.0,26.0,2026-05-26,document - 2026-05-14T043526.284.pdf,In Process,True,Hutch,,,,in_progress,in_progress
J37863,FIDELITY BANK (E. English),CC,Wichita,WK,Provide new stop sign panel for end of parking deck ramp,,MFG - Vinyl Cut,,Survey needed,2026-05-22,2026-07-10,2026-06-12,2026-07-16,,,,,,,WK,WK,False,382.91,,0.0,17.0,2026-05-28,J37863 FIDELITY BANK.pdf,In Process,True,,,done,,in_progress,in_progress
J34687,Greenbush - The Southeast Kansas Service Center,"QT,DP",Girard,NEK,Greenbush Observatory Exterior 111225 Remove existing non illuminated pan signs. Produce and install two (2) single sided non illuminated exterior sign displays with digitally printed vinyl graphics.,,MFG - Vinyl Application,,Survey needed,2026-02-09,2026-03-30,2026-06-16,2026-04-05,,,,,,,WK,NEK,False,14641.0,,0.0,119.0,2026-06-01,J34687r1 Greenbush_Observatory pans.pdf,In Process,True,Outsourced,,done,,in_progress,
J36382,COHLMIA MARKETING,DW,Wichita,WK,"Breast Care Specialist Acrylic Stand Off Revision #2 Fabricate and install 1 acrylic standoff sign with 1/4"" thick acrylic flat cut out and vinyl graphics.",,MFG - Vinyl Application,,Survey needed,2026-03-10,2026-04-28,2026-06-08,2026-05-04,,,,GEMINI,19900,RECEIVED,WK,WK,False,3150.0,,0.0,90.0,2026-05-24,J36382 Breast Care Specialists_Interior Sign (1).pdf,In Process,True,,,,done,done,done
J36515,Children's Mercy,CC,Wichita,WK,Non Illuminated Wayfinding Sign for Childrens Mercy Wichita Furnish and install two new non-illuminated wayfinding signs,,MFG - Vinyl Application,tall side to the building,Survey needed,2026-04-06,2026-05-25,2026-06-09,2026-05-31,,,,,,,WK,WK,False,20149.95,,0.0,63.0,2026-05-25,J36515r2 Children's Mercy Hospital_Wichita directionals.pdf,In Process,True,Hutch,Routing Complete,done,done,in_progress,in_progress
J36516,Children's Mercy,CC,Wichita,WK,"New Non Illuminated monument sign for Childrends Mercy Wichita Furnish and install one new double faced, non-illuminated monument sign for entry.",,MFG - Vinyl Application,,Survey needed,2026-04-06,2026-05-25,2026-06-09,2026-05-31,,,,,,,WK,WK,False,15506.95,,0.0,63.0,2026-05-25,J36516r1 Children's Mercy Hospital_Wichita monument.pdf,In Process,True,Hutch,Routing Complete,done,done,in_progress,in_progress
J37094,Intellicents,TC,Wichita,WK,"Interior Vinyl - Intellicents Remove and dispose of existing vinyl. Furnish and install two (2) 66-1/4"" (H) x 21"" (W) readings of regular cut Etch Look vinyl. Reference design TC-J37094.",,MFG - Vinyl Install,,Survey needed,2026-04-27,2026-06-15,2026-06-09,2026-06-21,,,,,,,WK,WK,False,952.06,,0.0,42.0,2026-05-25,J37094 INTELLICENTS.pdf,In Process,True,Hutch,,,,,done
J36732,"CHCT Kansas, LLC",TC,Wichita,WK,"Furnish and install the following vinyl readings at 9300 W 29th St N, Bldg 300, reference design TC-J36732: ""BUILDING 300"" - 3M 7725-10 White Vinyl - To install on transom windows directly above sliding glass entrance doors ""ENTER THIS SIDE"" - Digital Print Vinyl Strips - To install directly above divider bar on left entrance door - QTY 2 ""EXIT THIS SIDE"" - Digital Print Vinyl Strips - To install directly above divider bar on left entrance door, opposite side of glass as ""ENTER"" vinyl - QTY 2",,MFG - Vinyl Install,,Survey needed,2026-05-06,2026-06-24,2026-06-09,2026-06-30,,,,,,,WK,WK,False,687.61,,0.0,33.0,2026-05-25,document - 2026-05-07T090113.059.pdf,In Process,True,Hutch,,,,,done
J36890,"Carlson Hydraulics, LLC",TC,Wichita,WK,"Remove existing vinyl. Furnish and install one (1) new reading of 3M 7725-10 White Vinyl, with company logo and repair hours. Reference design TC-J36890.",,MFG - Vinyl Install,,Survey needed,2026-05-08,2026-06-26,,2026-07-02,,,,,,,WK,WK,False,446.74,,0.0,31.0,,document - 2026-05-09T063213.948.pdf,In Process,True,Hutch,,,,,done
J36892,"Carlson Hydraulics, LLC",TC,Wichita,WK,"Clean door of any debris. Furnish and install one (1) reading of 3M 7725-397 Dark Blue vinyl, reading ""Customer Repair Drop Off."" Vinyl to install directly on door at SE elevation of building. Reference design TC-J36892.",,MFG - Vinyl Install,,Survey needed,2026-05-08,2026-06-26,,2026-07-02,,,,,,,WK,WK,False,327.91,,0.0,31.0,,document - 2026-05-09T063248.309.pdf,In Process,True,Hutch,,,,,done
J37648,DISABILITY SUPPORTS,AS,Hutchinson,WK,Remove current window graphics from back door and side light. Furnish and install (1) new set of frosted crystal cut and printed graphics (West Gallery door and window graphics only all others remain the same). *Replacing all graphics due to overspray from exterior paint job. Remove and dispose of frosted crystal cut vinyl reading on East sliding door. Furnish and install (1) new set of frosted crystal cut vinyl with hours.,,MFG - Vinyl Install,,Survey needed,2026-05-12,2026-06-30,2026-06-10,2026-07-06,,,,GREGORY,20231,,WK,WK,False,665.6,0.0,0.0,27.0,2026-05-26,document - 2026-05-13T084640.123.pdf,In Process,True,,,,,,
J28989,KIEWIT ENGINEERING GROUP INC,SP,Lenexa,NEK,"TEMP COPY CHANGES FOR 3 EXISTING DIRECTIONAL SIGNS ON SIGNS #1, 9 AND 11 COPY & REINSTALL SIGN #9 - Make vinyl copy changes using 7125-22 matte black vinyl on three (3) existing directionals at the site for Signs #1, 9 and 11; and reinstall existing previously removed sign #9 back at its same sod/dirt location having new pole support and concrete footing with mow pad (this sign is being stored in a trash enclosure area at Kiewit site and Lonny Stump can be contacted to gain access to sign . His cell # is 816.668.5523 or office direct # 913.689.1962 or office admin asst # 816.701.5000)",,NEK - Production,,Survey needed,2025-01-29,2025-03-19,,2025-03-25,,,,,,,NEK,NEK,False,2209.0,0.0,0.0,495.0,,J28989 Kiewit_directionals.pdf,In Process,True,,,,,,
J31749,Multistudio,QT,KCKS,NEK,American Royal ADA sample Create a sample referencing sketch J31578. N/C,,NEK - Production,,Survey needed,2025-06-03,2025-07-22,,2025-07-28,,,,,,,NEK,NEK,False,,0.0,0.0,370.0,,J31578 American Royal 052925.pdf,In Process,True,,,,,,
J31961,CHILDREN'S MERCY HOSPITALS,SP,KCMO,NEK,"INTERIOR DON CHISHOLM BLDG LEGACY DISPLAY WITH DIG PRINTS & PLAQUES DON CHISHOLM BLDG LEGACY DISPLAY - Customer to remove/relocate on their own the AED Unit, AED Sign, Small Wall Plaque and Light Box, but 2 Rm ID Signs on far right to remain as-is since the new display doesn't cover that area. Lumineo to produce/install one (1) Legacy Wall display for the 7'8"" x 17'4"" wall area which consists of: one (1) large digital print graphic with matte laminate finish to overlay onto the painted sheetrock wall area, three (3) clear acrylic plaques all 3/8"" thick with polished edges (and all edges of acrylic plaques need to have corner edges of acrylic rounded off due to being in a metal health bldg, using brushed silver button spacers for mounting attached flush up to wall, having digital print images, graphics and vinyl copy with 1 plaque sized 2' x 2'6"" and 2 sized 1'6"" x 3'6""), one (1) black sintra panel 1/2"" thick sized 2'6"" x 2'2"" with a digital print image having matte laminate finish and VHB tape mounting; and one (1) layout of white acrylic 1/4""",,NEK - Production,,Survey needed,2025-11-25,2026-01-13,,2026-01-19,,,,,,,NEK,NEK,False,10612.0,0.0,0.0,195.0,,J31961r3FINAL Opt1 CMH Don Chisholm_legacy display.pdf,In Process,True,,,,,,
J33873,Speeks Technology,QT,"Maplewood, MO",NEK,PayMore STL Tenant Monuments 100725 Produce and install four (4) tenant monument panels for PayMore for two (2) double sided tenant monument signs.,,NEK - Production,,Survey needed,2026-02-04,2026-03-25,,2026-03-31,,,,,,,NEK,NEK,False,2813.0,0.0,0.0,124.0,,J33873 PayMore_tenant monument.pdf,In Process,True,,,,,,
J34688,Greenbush - The Southeast Kansas Service Center,"QT,DP",Girard,NEK,Greenbush Suite Surrounds 111225 Produce and install (11) Suite Surrounds for existing electronic room ID's,,NEK - Production,,Survey needed,2026-02-09,2026-03-30,,2026-04-05,,,,,,,NEK,NEK,False,,0.0,0.0,119.0,,J34688r1 Greenbush_room id surrounds.pdf,In Process,True,,,,,,
J35123,Greenbush - The Southeast Kansas Service Center,"QT,DP",Girard,NEK,Greenbush Photo Plaques 121125 Fabricate and install sixteen (16) informational plaques to go along with existing photo plaques.,,NEK - Production,,Survey needed,2026-02-06,2026-03-27,,2026-04-02,,,,,,,NEK,NEK,False,4756.0,0.0,0.0,122.0,,J35123 Greenbush_photo caption plaques.pdf,In Process,True,,,,,,
J35949,NKC Health,QT,KCMO,NEK,"NKC-002 #001 ST V1 NKC-002_Meritas Health Landmark at Tiffany Springs 10161 N Ambassador Dr Kansas City, MO 64153 Sign # 001 Sign Type V1 Remove and dispose of existing graphics from door glass. Clean surface of all residue. Produce and install replacement vinyl graphics.",,NEK - Production,,Survey needed,2026-03-04,2026-04-22,,2026-04-28,,,,,,,NEK,NEK,False,577.64,0.0,0.0,96.0,,NKC-002 Meritas Landmark and Tiffany Springs_001_V1 Door Vinyl_J35949.pdf,In Process,True,,,,,,
J35950,NKC Health,QT,KCMO,NEK,"NKC-002 Sign#002 ST CUST-W-NIL NKC-002_Meritas Health Landmark at Tiffany Springs 10161 N Ambassador Dr Kansas City, MO 64153 Sign # 002 Sign Type CUST-W.NIL Remove and replace insert inside cabinet with new flat panel (match existing)with new full color graphics,",,NEK - Production,,Survey needed,2026-03-04,2026-04-22,,2026-04-28,,,,,,,NEK,NEK,False,835.52,0.0,0.0,96.0,,NKC-002 Meritas Landmark at Tiffany Springs_002_CUST-W-NIL_J35950r1.pdf,In Process,True,,,,,,
J35928,NKC Health,QT,KCMO,NEK,"NKC-007 Pole Parking Signs NKC-007_Tremont Imaging Center 5501 NW 62nd Terrace, Suite 200 Kansas City, MO 64151 All Regulatory Small Pole Parking Signs Sign Type RP3. (11) in total. Sign #'s 003a, 003b,003c,008a,008b,008c,010a,010b,010c,12a,12b Remove and dispose of 9 existing post and panel parking signs. Produce and install eleven (11) replacement small regulatory parking pole signs",,NEK - Production,,Survey needed,2026-03-10,2026-04-28,,2026-05-04,,,,,,,NEK,NEK,False,5226.83,0.0,0.0,90.0,,"NKC-007 Tremont Imaging Center_010abc_RP3 regulatory sm pole_J35928.pdf, NKC-007 Tremont Imaging Center_008abc_RP3 regulatory sm pole_J35928.pdf, NKC-007 Tremont Imaging Center_003abc_RP3 regulatory sm pole_J35928.pdf, NKC-007_Tremont Imaging Center Print Book.pdf",In Process,True,,,,,,
J35942,NKC Health,QT,KCMO,NEK,"NKC-008 #004 ST CUST-REF NKC-008_Meritas Health Park Plaza 6450 N Chatham Ave Kansas City, MO 64151 Sign # 004 Sign Type CUST_REF Reface existing cabinet with new aluminum panels painted mulberry and orange for curve, returns to be painted mulberry as well. Base below cabinet to be painted dark mulberry, leave existing stone base as is. Cabinet to be routed out with push-thru acrylic copy and applied translucent vinyl on ""NKC"". Must confirm that refacing is a viable option. Confirm existing illumination is in good working order. Replace/repair components to bring sign to full illumination.",,NEK - Production,,Survey needed,2026-03-16,2026-05-04,,2026-05-10,,,,,,,NEK,NEK,False,5658.07,0.0,0.0,84.0,,"NKC-008 Meritas Health Park Plaza_004_CUST-REF_monument_J35942r1.pdf, NKC-008_Meritas Health Park Plaza Print Book.pdf",In Process,True,,,,,,
J35940,NKC Health,QT,KCMO,NEK,"NKC-008 Sign #001 ST V1, #002 Removal, # Int-001 Removal Sign #001 ST V1, sign #002 Removal and Sign # Int-001 Sign Type Removal Remove and dispose of existing signage where necessary. Clean surface of all residue. Produce and install replacement vinyl graphics. Remove and leave with customer primary care letters and portraits. Patch repair and repaint wall as necessary",,NEK - Production,,Survey needed,2026-03-16,2026-05-04,,2026-05-10,,,,,,,NEK,NEK,False,1206.84,0.0,0.0,84.0,,"NKC-008 Meritas Health Park Plaza_Int-001_remove_J35940.pdf, NKC-008 Meritas Health Park Plaza_002_remove_J35940.pdf, NKC-008 Meritas Health Park Plaza_001_V1 Door Vinyl_J35940r1.pdf, NKC-008_Meritas Health Park Plaza Print Book (1).pdf",In Process,True,,,,,,
J36782,KU School of Pharmacy,AW,Lawrence,NEK,"KU Pharmacy School Shield Produce digitally printed vinyl graphics to install to customer-supplied shield. Install completed shield after April 27. Gene Hotchkiss Distinguished Service Award Pharmacy Class of 1969 Burlingame, KS",,NEK - Production,,Survey needed,2026-03-17,2026-05-05,,2026-05-11,,,,,,,NEK,NEK,False,318.0,0.0,0.0,83.0,,J36782 KU Pharmacy_Interior Sign.pdf,In Process,True,,,,,,
J36201,NKC Health,QT,KCMO,NEK,"NKC-011 Removals Sign #'s 001,004,200-001, 220-002 Remove and dispose of any existing vinyl graphics as necessary. Clean surface of all residue. Produce and install vinyl door and glass graphics",,NEK - Production,,Survey needed,2026-03-18,2026-05-06,,2026-05-12,,,,,,,NEK,NEK,False,745.16,0.0,0.0,82.0,,,In Process,True,,,,,,
J36200,NKC Health,QT,KCMO,NEK,"NKC-011 Door Vinyls Sign #'s 001,004,200-001, 220-002 Remove and dispose of any existing vinyl graphics as necessary. Clean surface of all residue. Produce and install vinyl door and glass graphics",,NEK - Production,,Survey needed,2026-03-18,2026-05-06,,2026-05-12,,,,,,,NEK,NEK,False,1993.62,0.0,0.0,82.0,,,In Process,True,,,,,,
J36289,NKC Health,QT,KCMO,NEK,NKC-013 Vinyl 022326 Sign # 001 and 100-004 sign Type V1 and V2 Remove and dispose of existing. Clean surface of all residue. Produce and install replacement graphics.,,NEK - Production,,Survey needed,2026-03-18,2026-05-06,,2026-05-12,,,,,,,NEK,NEK,False,1155.28,0.0,0.0,82.0,,"NKC-013 9500 N Oak Medical Center_100-004_V2 suite vinyl_J36289.pdf, NKC-013 9500 N Oak Medical Center_001_V1 door vinyl_J36289.pdf",In Process,True,,,,,,
J36293,NKC Health,QT,KCMO,NEK,NKC-013 #100-001 & 100-003 022326 sign # 100-001 and #100-003 sign Type SP1 and SP2 Remove and dispose of existing. Clean surface of all residue. Produce and install replacement interior suite plaques,,NEK - Production,,Survey needed,2026-03-18,2026-05-06,,2026-05-12,,,,,,,NEK,NEK,False,918.2,0.0,0.0,82.0,,"NKC-013 9500 N Oak Medical Center_100-003_SP2 Large Suite Plaque_J36293.pdf, NKC-013 9500 N Oak Medical Center_100-001_SP1 Small Suite Plaque_J36293.pdf",In Process,True,,,,,,
J36292,NKC Health,QT,KCMO,NEK,NKC-013 Monument #003 ST CUST-REF 022326 Sign # 003 Sign Type Cust-REF Remove and dispose of existing two (2) monument sign faces from double sided monument sign. Produce and install replacement sign faces.,,NEK - Production,,Survey needed,2026-03-18,2026-05-06,,2026-05-12,,,,,,,NEK,NEK,False,2120.89,0.0,0.0,82.0,,NKC-013 9500 N Oak Medical Center_003_CUST-REF Reface existing tenant panels_J36292.pdf,In Process,True,,,,,,
J36401,NKC Health,QT,KCMO,NEK,NKC-021 Vinyl Sign # EXT-004 Sign Type V1 and Sign # INT-002 Sign Type V2 Remove and dispose of existing vinyl where necessary. clean surfaces of all residue. Produce and install custom vinyl graphics.,,NEK - Production,,Survey needed,2026-03-23,2026-05-11,,2026-05-17,,,,,,,NEK,NEK,False,1155.28,0.0,0.0,77.0,,"NKC-021 Physical Therapy_Sports Medicine_INT-002_V2 suite vinyl_J36401.pdf, NKC-021 Physical Therapy_Sports Medicine_EXT-004_V1 door vinyl_J36401.pdf",In Process,True,,,,,,
J36399,NKC Health,QT,KCMO,NEK,NKC-021 Monument EXT-001 Sign # EXT-001 Sign Type CUST-REF Remove and dispose of existing faces from double sided tenant monument sign. Produce and install replacement faces for both sides of double sided tenant monument sign.,,NEK - Production,,Survey needed,2026-03-23,2026-05-11,,2026-05-17,,,,,,,NEK,NEK,False,3949.82,0.0,0.0,77.0,,NKC-021 Physical Therapy_Sports Medicine_EXT-001_CUST-REF multi tenant panels_J36399.pdf,In Process,True,,,,,,
J36402,NKC Health,QT,"Smithville, MO",NEK,NKC-020 Vinyl #001 ST V1 Sign # 001 Sign Type V1 Remove and dispose of existing vinyl. clean surface of all residue. Produce and install replacement custom vinyl graphics,,NEK - Production,,Survey needed,2026-03-23,2026-05-11,,2026-05-17,,,,,,,NEK,NEK,False,628.08,0.0,0.0,77.0,,NKC-020 Meritas Health Smithville_001-V1 door vinyl_J36402.pdf,In Process,True,,,,,,
J36405,NKC Health,QT,"Smithville, MO",NEK,NKC-020 Pylon Sign # 004 Sign Type CUST-REF Remove and dispose of existing two (2) MERITAS tenant panels from both sides of double sided tenant pylon sign. Produce and install replacement tenant panels with translucent color vinyl.,,NEK - Production,,Survey needed,2026-03-23,2026-05-11,,2026-05-17,,,,,,,NEK,NEK,False,2074.4,0.0,0.0,77.0,,NKC-020 Meritas Health Smithville_004_CUST-REF tenant panels_J36405.pdf,In Process,True,,,,,,
J36408,NKC Health,QT,Platte City,NEK,NKC-019 Door Vinyl Sign # 001 Sign Type V1 Remove and dispose of existing vinyl graphics where necessary. Clean surface of all residue. Produce and install custom vinyl door graphics.,,NEK - Production,,Survey needed,2026-03-23,2026-05-11,,2026-05-17,,,,,,,NEK,NEK,False,628.08,0.0,0.0,77.0,,NKC-019 Meritas Health Platte City_001_V1 door vinyl_J36408.pdf,In Process,True,,,,,,
J36315,NKC Health,QT,NKCMO,NEK,NKC-015 Vinyl Sign # 240-001 Sign Type V2 - Sign # 500-003 Sign Type V2 - Sign # 500-005 Sign Type V2 Remove and dispose of existing vinyl where necessary. Clean surfaces of all residue. Produce and install replacement vinyl.,,NEK - Production,,Survey needed,2026-03-23,2026-05-11,,2026-05-17,,,,,,,NEK,NEK,False,1561.32,0.0,0.0,77.0,,document - 2026-03-24T081534.068.pdf,In Process,True,,,,,,
J36393,NKC Health,QT,NKCMO,NEK,"NKC-016 #312-001 ST V2 NKC-016_2750 Medical Plaza 2750 Clay Edwards Dr. North Kansas City, MO 64115 Sign # 312-001 Sign Type V2 Remove and dispose of existing signage. Clean surface of all residues. Produce and install new custom vinyl graphics.",,NEK - Production,,Survey needed,2026-03-23,2026-05-11,,2026-05-17,,,,,,,NEK,NEK,False,492.61,0.0,0.0,77.0,,NKC-016 2750 Medical Plaza_312-001_V2 Suite Vinyl_J36393.pdf,In Process,True,,,,,,
J36654,AAA CLUB ALLIANCE CENTRAL PARKWAY,VB,Topeka,NEK,"AAA Travel & Insurance Wanamaker replace east & west channel letters' trim cap faces At AAA Travel & Insurance, Wanamaker Rd: 1) check in/out with manager on duty 2) remove & scrap badly fading east entrance and rear/west wall channel letter trim faces 3) pattern both sets of faces for production 4) provide and install new white acrylic faces with overlaid with 3M 3630-143 poppy red vinyl graphics for the logo and 3630-157 sultan blue vinyl graphics for the letters 5) take completion photos Drawing VB-J36618",,NEK - Production,,Survey needed,2026-03-26,2026-05-14,,2026-05-20,,,,,,,NEK,NEK,False,10530.0,0.0,0.0,74.0,,J36618 AAA Topeka_Channel Letters.pdf,In Process,True,,,,,,
J36686,NKC Health,QT,NKCMO,NEK,"NKC-017 Interior 031126 sign # Cardiac-001 , Cath-001 , CVICU-004 Provide labor, materials and necessary equipment to remove existing and produce and install digitally printed overlays to be be applied over glass.",,NEK - Production,,Survey needed,2026-03-26,2026-05-14,,2026-05-20,,,,,,,NEK,NEK,False,4376.55,0.0,0.0,74.0,,,In Process,True,,,,,,
J36214,NKC Health,QT,KCMO,NEK,"NKC-012 #100-002, 200-001,202a & 205a Sign #'s 100-002, 200-001, 202a and 205a Remove and dispose of existing signage where necessary. Patch repair and repaint wall surfaces as needed. Produce and install one (1) non illuminated small suite plaque and three (3) sets of non illuminated flat cut out letters.",,NEK - Production,,Survey needed,2026-03-26,2026-05-14,,2026-05-20,,,,,,,NEK,NEK,False,4324.45,0.0,0.0,74.0,,,In Process,True,,,,,,
J36398,NKC Health,QT,NKCMO,NEK,NKC-017 ceiling and removal Sign # Cardiac-002 Sign Type CUST-REF & Removal for Sign # CCD-001 Sign Type REMOVE Reface existing double sided cabinet faces with new acrylic panels with full color vinyl.,,NEK - Production,,Survey needed,2026-03-26,2026-05-14,,2026-05-20,,,,,,,NEK,NEK,False,1132.17,0.0,0.0,74.0,,,In Process,True,,,,,,
J36212,NKC Health,QT,KCMO,NEK,"NKC-012 #011 013 & 014 ST D4 Sign #'s 011, 013 and 014 Sign Type D4 Remove existing three (3) non illuminated directional signs. Produce and install replacement non illuminated directional signs.",,NEK - Production,,Survey needed,2026-03-26,2026-05-14,,2026-05-20,,,,,,,NEK,NEK,False,9528.84,0.0,0.0,74.0,,,In Process,True,,,,,,
J36211,NKC Health,QT,KCMO,NEK,"NKC-012 Regulatorys Sign #'s 005a, 005b, 007f, 007g, 009a, 009b, 009c, 009d and 009e sign Type RP3 Remove existing regulatory signs and posts as necessary. Produce and install replacement regulatory post and panel signs.",,NEK - Production,,Survey needed,2026-03-26,2026-05-14,,2026-05-20,,,,,,,NEK,NEK,False,7443.72,0.0,0.0,74.0,,,In Process,True,,,,,,
J36394,NKC Health,QT,NKCMO,NEK,"NKC-017 Vinyl Sign #'s 1200-001, 1235-001, 1250-001, 500-001, 520-001a, 530-001, 570-001, 600-002, 625-001 and 630-001 Remove and dispose of existing where necessary. Clean surfaces of all residue. Produce and install custom vinyl.",,NEK - Production,,Survey needed,2026-03-26,2026-05-14,,2026-05-20,,,,,,,NEK,NEK,False,5204.4,0.0,0.0,74.0,,,In Process,True,,,,,,
J36208,NKC Health,QT,KCMO,NEK,NKC-012 #002 ST CUST-REF Sign # 002 Sign Type CUST-REF Remove and dispose of existing sign faces from double sided multi tenant internally illuminated sign. Produce and install replacement two (2) sign faces for both sides of double sided tenant monument sign,,NEK - Production,,Survey needed,2026-03-26,2026-05-14,,2026-05-20,,,,,,,NEK,NEK,False,1996.53,0.0,0.0,74.0,,,In Process,True,,,,,,
J36397,NKC Health,QT,NKCMO,NEK,"NKC-017 Interior FCO Letters Sign #'s 1200a, 1235a, 1250a, 500a, 520a, 530a, 570-002, 600-001, 625a, 630-002, CVICU-002, CVICU-002a, Wound and Wounda Remove and dispose of existing non illuminated signage where necessary. Patch repair and repaint wall surfaces to like new condition where necessary. Produce and install various interior non illuminated letter sets.",,NEK - Production,,Survey needed,2026-03-26,2026-05-14,,2026-05-20,,,,,,,NEK,NEK,False,16581.32,0.0,0.0,74.0,,,In Process,True,,,,,,
J36206,NKC Health,QT,KCMO,NEK,"NKC-012 Door & Glass Vinyls Sign #'s 001, 200-001a, 202-001, 205-002a, 260-001 Remove and dispose of existing vinyl where necessary. Clean surface of all residue. Produce and install vinyl door and glass graphics",,NEK - Production,,Survey needed,2026-03-26,2026-05-14,,2026-05-20,,,,,,,NEK,NEK,False,2465.8,0.0,0.0,74.0,,,In Process,True,,,,,,
J35951,NKC Health,QT,KCMO,NEK,"NKC-002 #003 #006 #007 #008 Building Signs NKC-002_Meritas Health Landmark at Tiffany Springs 10161 N Ambassador Dr Kansas City, MO 64153 Sign # 003 Sign Type CH.WR.36 Sign #006 Sign Type CH.W.36 Sign #007 Sign Type CV.WR.30 Sign # 008 Sign Type CH.WR.36 Remove and dispose of existing three (4) sets of illuminated building sign letters. Patch repair powerwash and repaint wall as needed. Produce and install three (4) sets of raceway mounted internally LED illuminated channel letters",,NEK - Production,,Survey needed,2026-03-26,2026-05-14,,2026-05-20,,,,,,,NEK,NEK,False,24953.15,0.0,0.0,74.0,,,In Process,True,,,,,,
J36724,Harvesters,JL,Lawrence,NEK,"Harvesters Wall Graphic Supply and install new wall graphic 112"" tall x 26' in width using client provided art (will match design on existing banner). Graphic to be placed so fire alarm falls in specific location on graphic. Graphic is sized at 112"" to fall below conduit wall penetrations near top of wall. Graphic will go from steel beam on right hand side all the way to the wall termination at left.",,NEK - Production,,Survey needed,2026-04-01,2026-05-20,,2026-05-26,,,,,,,NEK,NEK,False,3554.0,0.0,0.0,68.0,,,In Process,True,,,,,,
J36400,NKC Health,QT,KCMO,NEK,"NKC-021 Exterior letters NKC-021_Physical Therapy & Sports Medicine 9401 N. Oak Trafficway Kansas City, MO 64155 Sign # EXT-002 Sign Type CH.W.36, Sign #EXT-002a Sign Type CUST-LNIC, Sign # EXT-003 Sign Type CH.W.36 Remove and dispose of existing address numbers. Produce and install replacement white address numbers. Produce and install exterior internally LED illuminated raceway mounted channel letters.",,NEK - Production,,Survey needed,2026-04-09,2026-05-28,,2026-06-03,,,,,,,NEK,NEK,False,15477.96,0.0,0.0,60.0,,,In Process,True,,,,,,
J36213,NKC Health,QT,KCMO,NEK,"NKC-012 #015 ST M4a NKC-012_9411 N. Oak Medical Center 9411 North Oak Trafficway Kansas City, MO 64155 Sign # 015 Sign Type M4a Remove and dispose of existing monument sign. Produce and install one (1) double sided internally LED illuminated monument sign.",,NEK - Production,,Survey needed,2026-04-09,2026-05-28,,2026-06-03,,,,,,,NEK,NEK,False,14466.59,0.0,0.0,60.0,,,In Process,True,,,,,,
J36210,NKC Health,QT,KCMO,NEK,"NKC-012 #003 #003a Exterior letters NKC-012_9411 N. Oak Medical Center 9411 North Oak Trafficway Kansas City, MO 64155 Sign # 003 and #003a Sign Type CH.MR.36 and CUST-LNIC Remove and dispose of existing exterior building signage and address numbers. Patch repair powerwash and repaint wall surface as needed. Produce and install one (1) set of raceway mounted internally LED illuminated channel letters and one (1) set of non illuminated address numbers.",,NEK - Production,,Survey needed,2026-04-09,2026-05-28,,2026-06-03,,,,,,,NEK,NEK,False,9776.27,0.0,0.0,60.0,,,In Process,True,,,,,,
J36291,NKC Health,QT,KCMO,NEK,"NKC-013 N Oak Medical Bldg letters 032326 NKC-013_9500 N. Oak Medical Center 9501 North Oak Trafficway Kansas City, MO 64155 Sign # 002 and 004 Sign Type CH.WR.36 Remove and dispose of two (2) existing sets of raceway mounted channel letters from exterior building elevations. Patch repair powerwash and repaint wall surface to like new conditions as needed. Produce and install two (2) internally LED illuminated sets of raceway mounted channel letters.",,NEK - Production,,Survey needed,2026-04-09,2026-05-28,,2026-06-03,,,,,,,NEK,NEK,False,12935.38,0.0,0.0,60.0,,,In Process,True,,,,,,
J36441,NKC Health,QT,NKCMO,NEK,"NKC-018 Various Regulatory/Parking NKC-018_NKCH Main Hospital Campus 2800 Clay Edwards Dr North Kansas City, MO 64115 Various Regulatory signs and parking/directional signs. Remove and dispose of existing signs where necessary. Cover existing when called out. Produce and install replacements and coverings for various regulatory and parking signs Sign #'s - 026a, 042a, 042b, 046, 048a, 048b, 048c, 048d, 048e, 048f, 048g, 058a, 058b, 058c, 058d, 120, 129, 130, 159a, 163a, 168a, 168b, 168c, 168d, 168e, 178, 179, 180, 181, 182, 183, 184,",,NEK - Production,,Survey needed,2026-04-13,2026-06-01,,2026-06-07,,,,,,,NEK,NEK,False,19733.8,0.0,0.0,56.0,,,In Process,True,,,,,,
J37228,NKC Health,QT,NKCMO,NEK,"NKC-018 Clearance Wall signs NKC-018_NKCH Main Hospital Campus 2800 Clay Edwards Dr North Kansas City, MO 64115 Produce and install aluminum panel with cut vinyl graphics. Remove old and clean wall as necessary. Sign# 089a, 089b, 140, 140a",,NEK - Production,,Survey needed,2026-04-13,2026-06-01,,2026-06-07,,,,,,,NEK,NEK,False,5254.6,0.0,0.0,56.0,,,In Process,True,,,,,,
J36439,NKC Health,QT,NKCMO,NEK,"NKC-018 Various Custom Reface NKC-018_NKCH Main Hospital Campus 2800 Clay Edwards Dr North Kansas City, MO 64115 Remove and dispose of existing sign faces where necessary. Produce and install replacement painted sign faces with regular and reflective vinyl graphics where necessary. Field paint where applicable. Sign #'s 014, 015, 021, 025, 027, 028, 038, 047, 062, 066, 088, 097a, 097b, 097c, 097d, 097e, 100, 112, 117, 131, 139, 141, 143, 145, 146, 154, and 166",,NEK - Production,,Survey needed,2026-04-13,2026-06-01,,2026-06-07,,,,,,,NEK,NEK,False,30576.6,0.0,0.0,56.0,,,In Process,True,,,,,,
J36437,NKC Health,QT,NKCMO,NEK,"NKC-018 Various Vinyl NKC-018_NKCH Main Hospital Campus 2800 Clay Edwards Dr North Kansas City, MO 64115 Various Vinyl applications. Remove and dispose of existing vinyl signage where necessary. clean surfaces of all residue. Produce and install applied vinyl graphics. Sign #'s : 004, 009, 017, 022, 035, 037, 050a, 051, 053, 064a, 067, 074, 085, 090, 095, 104, 116, 124, 136, 137, 152, and 176",,NEK - Production,,Survey needed,2026-04-13,2026-06-01,,2026-06-07,,,,,,,NEK,NEK,False,8555.0,0.0,0.0,56.0,,,In Process,True,,,,,,
J36444,NKC Health,QT,NKCMO,NEK,"NKC-018 Routed faces with new cabinets NKC-018_NKCH Main Hospital Campus 2800 Clay Edwards Dr North Kansas City, MO 64115 Produce and install six (6) new internally-illuminated cabinets with routed faces backed flush with white acrylic Signs# 010, 013, 019, 121, 126, and 148 Sign Type CUST-W-IL",,NEK - Production,,Survey needed,2026-04-13,2026-06-01,,2026-06-07,,,,,,,NEK,NEK,False,49600.0,0.0,0.0,56.0,,,In Process,True,,,,,,
J36766,NKC Health,QT,NKCMO,NEK,"NKC-018 Sign 65 NKC-018_NKCH Main Hospital Campus 2800 Clay Edwards Dr North Kansas City, MO 64115 Sign # 65 Sign Type CUST-M Remove and dispose of existing sign cabinet. Produce and install replacement internally LED illuminated sign cabinet.",,NEK - Production,,Survey needed,2026-04-13,2026-06-01,,2026-06-07,,,,,,,NEK,NEK,False,10569.96,0.0,0.0,56.0,,,In Process,True,,,,,,
J36443,NKC Health,QT,NKCMO,NEK,"NKC-018 Various Non-Illuminated NKC-018_NKCH Main Hospital Campus 2800 Clay Edwards Dr North Kansas City, MO 64115 Various Non-Illuminated Sign #'s : 022a, 034, 036, 087, 128, and 173",,NEK - Production,,Survey needed,2026-04-13,2026-06-01,,2026-06-07,,,,,,,NEK,NEK,False,20878.12,0.0,0.0,56.0,,,In Process,True,,,,,,
J37227,NKC Health,QT,NKCMO,NEK,"NKC-018 Digital Graphic Displays NKC-018_NKCH Main Hospital Campus 2800 Clay Edwards Dr North Kansas City, MO 64115 Produce and install digital print graphics for displays throughout the campus. Sign# 006, Wom-001, Wom-002, Wom-003, and ER-001",,NEK - Production,,Survey needed,2026-04-13,2026-06-01,,2026-06-07,,,,,,,NEK,NEK,False,6569.8,0.0,0.0,56.0,,,In Process,True,,,,,,
J36412,NKC Health,QT,"Platte City, MO",NEK,"NKC-019 Monument NKC-019_Meritas Health Platte City 2600 Running Horse Road Platte City, MO 64115 Sign # 006 Sign Type CUST-REF Remove and dispose of existing two (2) sign faces from double sided illuminated monument sign. Leaving stone base as is. Field paint base below cabinet dark mulberry. Produce and install replacement routed sign faces.",,NEK - Production,,Survey needed,2026-04-14,2026-06-02,,2026-06-08,,,,,,,NEK,NEK,False,6566.07,0.0,0.0,55.0,,,In Process,True,,,,,,
J36411,NKC Health,QT,"Platte City, MO",NEK,"NKC-019 Exterior Signs NKC-019_Meritas Health Platte City 2600 Running Horse Road Platte City, MO 64115 Sign # 003 Sign Type CH.WR.36 and Sign # 005 Sign Type CH.WR.36 Remove and dispose of existing exterior illuminated building signs. Patch repair powerwash and repaint wall surfaces to like new condition where necessary. Produce and install two (2) sets of replacement raceway mounted internally LED illuminated channel letters.",,NEK - Production,,Survey needed,2026-04-14,2026-06-02,,2026-06-08,,,,,,,NEK,NEK,False,12935.38,0.0,0.0,55.0,,,In Process,True,,,,,,
J37288,EQUITY BANK,DW,"Moberly, MO",NEK,Moberly ATM Vinyl Repair Repair vinyl on freestanding ATM.,,NEK - Production,sent SO to JF 4/21/26,Survey needed,2026-04-17,2026-06-05,,2026-06-11,,,,,,,NEK,NEK,False,,0.0,0.0,52.0,,"Image 2026-04-01 11-03-51.jpeg, Image 2026-04-01 11-05-36.jpeg",In Process,True,,,,,,
J37287,EQUITY BANK,DW,"Memphis, MO",NEK,Memphis ATM vinyl repairs Repair vinyl on free standing ATM.,,NEK - Production,sent SO to JF 4/21/26,Survey needed,2026-04-17,2026-06-05,,2026-06-11,,,,,,,NEK,NEK,False,,0.0,0.0,52.0,,"Image 2026-04-02 09-51-13.jpeg, Image 2026-04-02 09-52-02.jpeg",In Process,True,,,,,,
J36203,NKC Health,QT,KCMO,NEK,"NKC-011 #007 ST Remove NKC-011_Meritas Health BarryPointe - Cardiology/Surgery. 9151 NE 81st Terrace Kansas City, MO 64158 Sign # 007 Sign Type Remove Remove and dispose of existing monument sign. 4/16/26 decision was made to remove instead of replacing. Cost will need to be changed at final billing.",,NEK - Production,,Survey needed,2026-04-17,2026-06-05,,2026-06-11,,,,,,,NEK,NEK,False,,0.0,0.0,52.0,,,In Process,True,,,,,,
J37221,NKC Health,QT,NKCMO,NEK,"NKC-018 Clearance vinyl NKC-018_NKCH Main Hospital Campus 2800 Clay Edwards Dr North Kansas City, MO 64115 Produce and install Clearance vinyl for various locations across campus. Remove existing and clean wall before install of new. Sign type: CUST-V Sign #013a, 121a, 126a,",,NEK - Production,,Survey needed,2026-04-21,2026-06-09,,2026-06-15,,,,,,,NEK,NEK,False,3351.01,0.0,0.0,48.0,,,In Process,True,,,,,,
J36446,NKC Health,QT,NKCMO,NEK,"NKC-018 Various Remove Replace NKC-018_NKCH Main Hospital Campus 2800 Clay Edwards Dr North Kansas City, MO 64115 Various Remove and Replace directional signs. Sign #'s 024, 026, 099, 113",,NEK - Production,,Survey needed,2026-04-22,2026-06-10,,2026-06-16,,,,,,,NEK,NEK,False,46317.02,0.0,0.0,47.0,,,In Process,True,,,,,,
J36442,NKC Health,QT,NKCMO,NEK,"NKC-018 Illuminated Emergency sign reface. Various Illuminated sign reface. Illuminated Emergency sign reface. Remove and dispose of existing illuminated faces where necessary. Field paint cabinet and retainers where needed. Produce and install various translucent sign faces. Sign #'s 110, 114",,NEK - Production,,Survey needed,2026-04-22,2026-06-10,,2026-06-16,,,,,,,NEK,NEK,False,4158.11,0.0,0.0,47.0,,,In Process,True,,,,,,
J37326,NKC Health,QT,KCMO,NEK,NKC-011 001a Cust-V NKCH-011 Sign # 001a CUST-V Produce and install custom applied vinyl graphics for tenant listing to front entrance glass.,,NEK - Production,,Survey needed,2026-04-23,2026-06-11,,2026-06-17,,,,,,,NEK,NEK,False,,0.0,0.0,46.0,,,In Process,True,,,,,,
J35352,Gene's Heartland Foods,JL,Eudora,NEK,"Renovate Existing Pylon Faces Remove and replace Red vinyl on ""Heartland"" portion of sign.",,NEK - Production,,Survey needed,2026-04-30,2026-06-18,,2026-06-24,,,,,,,NEK,NEK,False,1172.0,0.0,0.0,39.0,,,In Process,True,,,,,,
J37552,COREFIRST BANK & TRUST,VB,Topeka,NEK,"1) check in/out with manager at each location 2) using customer-provided art, provide one 2' x 8' and five 2' x 10' single-faced banners with grommets every foot all around 3) replace existing banners in one day: Main Bank 3035 SW Topeka Blvd Southwest Wanamaker 3711 SW Wanamaker Rd (8' banner) Wanamaker 2129 SW Wanamaker Rd Fleming Place 1105 SW Gage Blvd North Plaza 2010 NW Central Croco Crossing 3641 SW Croco Rd 4) take completion photos",,NEK - Production,,Survey needed,2026-05-01,2026-06-19,,2026-06-25,,,,,,,NEK,NEK,False,,0.0,0.0,38.0,,,In Process,True,,,,,,
J37408,City of Baldwin City,AW,Lawrence,NEK,"Produce and install vinyl graphics to customer truck. 680-10 White Reflective, 680-85 Black Reflective, 680-72 Red Reflective, 680-75 Blue Reflective and digitally printed logos on White Reflective.",,NEK - Production,,Survey needed,2026-05-04,2026-06-22,,2026-06-28,,,,,,,NEK,NEK,False,935.36,0.0,0.0,35.0,,,In Process,True,,,,,,
J37452,NKC Health,QT,North Kansas City,NEK,"N/C-create and provide 2 temporary panels for sign number 120-001 and 500-001 since it will be a bit before the new signs will be installed. Can be black vinyl on white panel, see Justin for best way to attach.",,NEK - Production,,Survey needed,2026-05-05,2026-06-23,,2026-06-29,,,,,,,NEK,NEK,False,,0.0,0.0,34.0,,,In Process,True,,,,,,
J37661,LUMINOUS NEON LLC,LNI,Topeka,NEK,"""622"" Topeka door vinyl (NC)",,NEK - Production,,Survey needed,2026-05-11,2026-06-29,,2026-07-05,,,,,,,NEK,NEK,False,,0.0,0.0,28.0,,,In Process,True,,,,,,
J37668,"CUTLER REPAVING, INC",AW,Lawrence,NEK,Produce for customer pick up: (20) cut vinyl logos in 7725-12 Black. NOTE: PAPER BACKED VINYL.,,NEK - Production,,Survey needed,2026-05-12,2026-06-30,,2026-07-06,,,,,,,NEK,NEK,False,502.0,0.0,0.0,27.0,,,In Process,True,,,,,,
J37650,SENIOR RESOURCE CENTER,AW,Lawrence,NEK,Produce and install (2) digitally printed graphic and 7725-12 Black vinyl logos to (2) doors on separate vans. (1) passenger door and (1) driver door.,,NEK - Production,,Survey needed,2026-05-14,2026-07-02,,2026-07-08,,,,,,,NEK,NEK,False,225.0,0.0,0.0,25.0,,,In Process,True,,,,,,
J36307,"GODFATHER'S PIZZA, INC",VB,Topeka,NEK,"At Godfather's Pizza 5300 SW Fairlawn Road: 1) survey roof sign’s mounting structure 2) remove & scrap existing cabinet 3) provide & install a new 4’ x 24’ single-faced cabinet with internal white LED illumination, digitally printed flex-faces, including three colors for new Godfather’s Pizza logo, and cabinet painted black 4) take completion photos Drawing VB-J36307",,NEK - Production,,,2026-05-21,2026-07-09,,2026-07-15,,,,,,,NEK,NEK,False,16925.0,0.0,0.0,18.0,,,In Process,True,,,,,,
J35814,"GODFATHER'S PIZZA, INC",VB,Topeka,NEK,At Godfather's Pizza 5300 SW Fairlawn Road: 1) survey to confirm cabinet & cut sizes 2) remove & scrap existing pole sign faces 3) install new LED Kwik Stiks and their power supplies 4) provide and install new pan-formed faces with PMS 200 red background and white Godfather's Pizza logo 5) take completion photos Drawing VB-J35814,,NEK - Production,,,2026-05-21,2026-07-09,,2026-07-15,,,,,,,NEK,NEK,False,6675.0,0.0,0.0,18.0,,,In Process,True,,,,,,
J37672,AAA CLUB ALLIANCE CENTRAL PARKWAY,VB,Topeka,NEK,"Warranty At AAA Travel & Insurance Wanamaker Rd: 1) on west (nonilluminated) side, replace white acrylic with sultan blue vinyl trim cap face for one letter 2) take completion photos",,NEK - Production,,,2026-05-21,2026-07-09,,2026-07-15,,,,,,,NEK,NEK,False,,0.0,0.0,18.0,,,In Process,True,,,,,,
J37790,"RIVER CITY PROPERTY MANAGEMENT, LLC",AW,Lawrence,NEK,River City Property Interior Vinyl,,NEK - Production,,Survey needed,2026-05-27,2026-07-15,,2026-07-21,,,,,,,NEK,NEK,False,242.0,0.0,0.0,12.0,,,In Process,True,,,,,,
J37269,SAINT LUKE'S HEALTH SYSTEM,QT,Overland Park,NEK,SLS Surgery 041426,,NEK - Production,,,2026-05-28,2026-07-16,,2026-07-22,,,,,,,NEK,NEK,False,251.0,0.0,0.0,11.0,,,Added,True,,,,,,
J37967,PROVIDENCE MEDICAL CENTER,AW,Kansas City,NEK,Providence Medical Directory,,NEK - Production,,,2026-05-29,2026-07-17,,2026-07-23,,,,,,,NEK,NEK,False,261.0,0.0,0.0,10.0,,,Added,True,,,,,,
J35064,DOUGLAS COUNTY PUBLIC WORKS,JL,Lawrence,NEK,Douglas County Treasurer - EMC Monument R1,,NEK - Production,,,2026-05-29,2026-07-17,,2026-07-23,,,,,,,NEK,NEK,False,70078.0,,0.0,10.0,,,Added,True,,Metal & Backed,in_progress,in_progress,,
J37296,DCCCA,JL,Lawrence,NEK,Freestanding Donor Display R1,,NEK - Production,,,2026-05-29,2026-07-17,,2026-07-23,,,,,,,NEK,NEK,False,8618.4,0.0,0.0,10.0,,,Added,True,,,,,,
J37457,KYLE ZELLER AGENCY - AMERICAN FAMILY INSURANCE,SP,Mission,NEK,REWORK EXISTING MONUMENT SIGN,,NEK - Production,,,2026-05-29,2026-07-17,,2026-07-23,,,,,,,NEK,NEK,False,2974.0,0.0,0.0,10.0,,,Added,True,,,,,,
J37488,Kansas Department of Administration,JL,Topeka,NEK,Docking Building - Directory Updates,,NEK - Production,,,2026-05-29,2026-07-17,,2026-07-23,,,,,,,NEK,NEK,False,1702.0,0.0,0.0,10.0,,,Added,True,,,,,,
J33044,University of Kansas Edwards Campus,QT,Overland Park,NEK,Remove and leave with customer existing set of flat cut out letters. Produce and install replacement flat cut out pin mounted metal letters in a larger size.,,NEK - Production,,,2026-06-01,2026-07-20,,2026-07-26,,,,,,,NEK,NEK,False,5914.0,0.0,0.0,7.0,,,Added,True,,,,,,
J37397,Ong & Company,QT,Lenexa,NEK,"T&M to remove sign from current location (9225 Indian Creek Pkwy, Overland Park, KS 66210) and transport to the new office and reinstall. We will need to have a pattern reproduced.",,NEK - Production,,,2026-06-01,2026-07-20,,2026-07-26,,,,,,,NEK,NEK,False,,0.0,0.0,7.0,,,Added,True,,,,,,
J38029,LAWRENCE MEMORIAL HOSPITAL,AW,Lawrence,NEK,LMH Interior Office Vinyl,,NEK - Production,,,2026-06-02,2026-07-21,,2026-07-27,,,,,,,NEK,NEK,False,152.0,0.0,0.0,6.0,,,Added,True,,,,,,
J37802,DIPASQUALE MOORE LAW,SP,Topeka,NEK,N/C phone # vinyl copy,,NEK - Production,,,2026-06-02,2026-07-21,,2026-07-27,,,,,,,NEK,NEK,False,,0.0,0.0,6.0,,,Added,True,,,,,,
J38009,DCCCA,JL,Lawrence,NEK,"Supply and deliver temporary donor display constructed as digital print applied to PVC or similar material approximately 3' x 4' in size. Customer has requested to include images of the 3 panels for the final display as well as an overall image of the final display noting it is ""Coming Soon"". Temporary display is intended to install on easel by customer. Client needs this for an event on 6/4.",,NEK - Production,,,2026-06-02,2026-07-21,,2026-07-27,,,,,,,NEK,NEK,False,,0.0,0.0,6.0,,,Added,True,,,,,,
J37925,NKC Health,QT,North Kansas City,NEK,"Provide, labor, equipment and necessary materials to produce and install one (1) set of non illuminated flat cut out Cancer Care letters.",,NEK - Production,,,2026-06-03,2026-07-22,,2026-07-28,,,,,,,NEK,NEK,False,1244.1,0.0,0.0,5.0,,,Added,True,,,,,,
J33844,Dondlinger & Sons Construction,DW,Wichita,WK,"Goodwill West Central North Building Elevation Fabricate and install 1 set of face lit LED illuminated channel letters to read ""Goodwill"" with white trim caps, returns, to match Reflex Blue and white faces and digitally printed perforated vinyl to match Reflex Blue. All signage to be flush mounted to building.",,Hold - Product Ready,,Survey needed,2026-02-25,2026-04-15,,2026-04-21,,,,SIGN HOUSE,19677,RECEIVED,WK,WK,False,7707.9,0.0,0.0,103.0,,J33844 Goodwill_Channel Letters.pdf,Hold,True,,,,,,
J36544,T&T Landscaping,NH,Montezuma,WK,"S/F monument OPT 1A OPTION 1A : Furnish and install (1) set of reverse-channel aluminum LED-halo-lit letters (#2025 black & custom Pantone 377 green enamel finish, with 7725-120 silver & 7725-136 lime green vinyl detail, white LED halo, on 1"" stand-offs), and a non-illuminated flat-cut-out aluminum address (6""h copy, 3/8"" thick, #2025 black enamel finish, stud-mount flush). Mount on the single-sided stone/masonry base that is being constructed by the customer. **TOP CAP NEEDS TO BE REMOVALBLE, TO ACCESS THE INTERNAL CAVITY, WHRE WE WILL LOCATE THE REMOTE POWER SUPPLIES & WIRING. *THE CUSOTMER IS RESPONSIBLE FOR RUNNING POWER TO THE SIGN LOCATION.",,Hold - Product Ready,,Survey needed,2026-03-23,2026-05-11,,2026-05-17,,,,"SIGN HOUSE,GEMINI",19831 / 19833,RECEIVED,WK,WK,False,10150.71,0.0,0.0,77.0,,J36544 T&T LANDSCAPING.pdf,Hold,True,,,,,,
J36375,Community National Bank and Trust,CC,Wichita,WK,"Furnish and install channel letters and logo on north and south elevations for new CNB Branch Furnish and install two sets of internally illuminated channel letters and logos. One set to install on the north elevation, and one for the south elevation on tower feature. Letters to be fabricated with aluminum returns, black trim cap and white faces decorated with perforated day / night graphics. Letters will be black during the day, and illuminate white at night. The logos will be reverse channel aluminum elements with black faces and returns. The CNB letters will be routed from the face and backed with white acrylic. Logos will mount on wall surface with spacers to allow for halo lighting around the logo at night. Drivers for the internal LED lighting will mount remotely behind each wall. 120V service to each area, and final hook up of power to drivers will be responsibility of the site electrician. Reference design CC-J36375. Permit, as required by the city will be secured by Lumineo Signs and invoiced at cost on final billing statement. We need to get full size patterns, for both sets of letters, with electrical penetrations marked, and delivered to GC as soon as possible",,Hold - Product Ready,End of June install?,Survey needed,2026-03-24,2026-05-12,,2026-05-18,,,,SIGN HOUSE,19861,RECEIVED,WK,WK,False,18233.3,0.0,0.0,76.0,,J36375 Community National bank and trust_2 sets of channel letters.pdf,Hold,True,,,,,,
J31581,Snodgrass & Sons Construction,TC,Wichita,WK,"Central Christian Academy - Interior Logo Lumineo Signs to furnish and install the following interior signage at Central Christian Academy, per design TN-J31581. One (1) 5'-2"" (H) x 5'-1"" (W) x 1/4"" (D) S/F, N/I Metal Logo.",,Hold - Product Ready,,Survey needed,2026-04-20,2026-06-08,,2026-06-14,,,,GEMINI,20042,RECEIVED,WK,WK,False,6345.34,0.0,0.0,49.0,,document - 2026-04-20T135908.445.pdf,Hold,True,,,,,,
J35361,CITY OF GODDARD,TC,Goddard,WK,"Public Works FCOs - City of Goddard Furnish and install one (1) set of 1/2"" (D) aluminum flat cut out letters (FCOs), in a brushed aluminum finish, reading ""Public Works"", installed flush mount. Cap height on ""P"" and ""W"" is 10"" (H). Reference TC-J35361.",,Hold - Product Ready,Oct. install,Survey needed,2026-04-21,2026-06-09,,2026-06-15,,,,GEMINI,20077,RECEIVED,WK,WK,False,2101.46,0.0,0.0,48.0,,J35361 CITY OF GODDARD.pdf,Hold,True,,,,,,
J25590,/ Luminous Neon LLC (west 4th Hutchinson),LNI,Hutchinson,WK,"Road sign structure on W 4th came down during recent storm. There is not a current contract for this board, but in the meantime we need an order to fix the board so we can rent it in the future. (Current wrap on the board is for Riverside Baptist) Located on W. 4th just West of the K96 overpass on the right side of the road before Fun Valley. *See Photos.",,Hold - Local,"on hold with land owner/size location/steel order produced, going back with steel poles",Survey Complete,2024-07-03,2024-08-21,,2024-08-27,,,,,,,WK,WK,False,,0.0,0.0,705.0,,"image002 (3).jpg, IMG_3378.jpg",Hold,True,,,,,,
J31717,KS STATEBANK,DW,Manhattan,WK,Manhattan Westloop Directional NC Survey Survey 4 non-illuminated directionals for potential replacements or overlays. Need straight on photos of both sides and all measurements.,,Hold - Local,scan to Dan,Survey needed,2025-05-30,2025-07-18,,2025-07-24,,,,,,,WK,WK,False,,0.0,0.0,374.0,,"directional 1.png, Directional 4.jpg, directional 3.jpg, directional 2.png",Hold,True,,,,,,
J35607,"RESER'S FINE FOODS, INC.",VB,Topeka,NEK,"Reser's Distribution Center expansion exterior dock door signs SURVEY For Reser’s plant expansion, for exterior dock doors: 1) contact with general contractor Leon Methvin 2) verify the current dock sign's dimensions and numeral height for the west side of the original building prior to fabrication of new signs on plant expansion 3) take close-up photo",,Hold - Local,,Survey needed,2026-01-30,2026-03-20,,2026-03-26,,,,,,,NEK,NEK,False,2750.0,0.0,0.0,129.0,,J35607 Reser's Distribution Center_Dock Sign Panels.pdf,Hold,True,,,,,,
J36747,CENTRAL NATIONAL BANK,VB,Great Bend,WK,"At Central National Bank’s new location in Great Bend: 1) verify dimensions for new monument sign faces 2) after the previous business’ faces have been removed, repaint the cabinet frame and top PMS 288 blue 3) provide and install new white LED Kwik Stiks for internal illumination and power supplies 4) provide and install two new 5’ x 10’ routed sign faces for the Central National Bank logo, painted PMS 288 blue, with push-thru acrylic, overlaid with white vinyl 5) take completion photos Drawing VB-J36747",,Hold - Local,,Survey needed,2026-04-27,2026-06-15,,2026-06-21,,,,,,,WK,WK,False,16885.0,,0.0,42.0,,document - 2026-04-27T101100.092.pdf,Hold,True,Hutch,Metal w/ Push thru,in_progress,in_progress,in_progress,
J30978,City of McPherson,DP,McPherson,WK,"Northbound & Southbound Gateway EMC Project - 10mm Option - 8' x 17' Viewable Area Furnish and install (2) SF 8’4”h x 18’w 10mm, 240 x 306 pixel (8' x 17' viewing area), RGB full-color ""WatchFire"" electronic message center cabinet. Mount on the top of the existing concrete block sign at each elevation, Southbound and Northbound Gateway signage on I-135 in McPherson.",,Hold - Permit,,Survey needed,2025-08-15,2025-10-03,,2025-10-09,,,,,,,WK,WK,False,182722.14,0.0,0.0,297.0,,J30978 City of Mcpherson_EMC 10mm.pdf,Hold,True,,,,,,
J35524,MERITRUST CREDIT UNION,CC,"Estes Park, CO",WK,"Furnish and install new building wall sign for Estes Park Meritrust Remove and dispose of the existing Premier CU cabinet from wall fascia. Fabricate and install one set of internally illuminated channel letters with trim capped faces. Faces decorated with translucent vinyl. Drivers for the LEDs to be mounted remotely behind the wall. Reference design CC-J35524. Permit, as required by the City of Estes Park to be secured and invoiced as a separate line item on final billing. Have product shipped to: DaVinci Sign Systems 4496 Bents Drive - Unit A Windsor, CO 80550",,Hold - Permit,,Survey needed,2026-02-03,2026-03-24,,2026-03-30,,,,,,,WK,WK,False,11835.71,0.0,0.0,125.0,,J35524 Meritrust Credit Union_Building wall sign.pdf,Hold,True,,,,,,
J35307,MERITRUST CREDIT UNION,CC,"Firestone, CO",WK,"Two sets of internally illuminated channel letters for Firestone CO building Remove and dispose of the two wall signs from the buildings north and south elevations and dispose of off site. Furnish and install two new sets of internally illuminated channel letter sets, mounted flush to each wall. Access behind each wall will be required for wiring and placing new LED drivers. Letters to have red returns, and trim cap, with white faces decorated with translucent vinyl to match PMS 1797C red. Permit, as required by the city will be invoiced as a separate line item on final billing statement. Reference design CC-J35307. Ship to DaVinci Sign Systems: 4496 Bents Dr - Unit A Windsor, CO 80550",,Hold - Permit,,Survey needed,2026-02-13,2026-04-03,,2026-04-09,,,,,,,WK,WK,False,22688.53,0.0,0.0,115.0,,J35307 Meritrust credit Union_Two sets of channel letters (1).pdf,Hold,True,,,,,,
J35306,MERITRUST CREDIT UNION,CC,"Firestone, CO",WK,"New internally illuminated double faced cabinets for Firestone CO Remove and dispose of the two existing double-faced monument sign cabinets. Fabricate and install two new 6' (H) x 14' (W) x 2' (D), internally illuminated sign cabinets to install on existing brick bases. Cabinets to be aluminum construction, sanded, primed, and painted to match PMS 1797C Red. Faces will be digitally printed, heavy weight vinyl ""flex"" faces, printed with translucent inks so red background will illuminate at night along with copy. Permit to be secured and invoiced as a separate line item on final billing. Reference design CC-J35306. Ship to DaVinci Sign Systems: 4496 Bents Dr - Unit A Windsor, CO 80550",,Hold - Permit,,Survey needed,2026-02-13,2026-04-03,,2026-04-09,,,,,,,WK,WK,False,40376.62,0.0,0.0,115.0,,J35306 Meritrust_New cabinets (1).pdf,Hold,True,,,,,,
J33727,Crossland Construction,CC,Park City,WK,New 70' OAH Crosswinds Casino HiWay Sign Furnish and install new 70' tall pylon with 16mm Watchfire display per the new drawings provided by Crossland Const,,Hold - Permit,,Survey needed,2026-03-12,2026-04-30,,2026-05-06,,,,,,,WK,WK,False,789588.14,0.0,0.0,88.0,,,Hold,True,,,,,,
J37402,EDUCATION CENTER-Olathe Schools,SP,Olathe,NEK,PERMIT FOR OLATHE SCHOOLS - PRAIRIE CTR ELEMENTARY SIGN,,Hold - Permit,,Survey needed,2026-05-06,2026-06-24,,2026-06-30,,,,,,,NEK,NEK,False,,0.0,0.0,33.0,,,Hold,True,,,,,,
J37698,EDUCATION CENTER-Olathe Schools,SP,Olathe,NEK,new monument sign permit fee,,Hold - Permit,,Survey needed,2026-05-12,2026-06-30,,2026-07-06,,,,,,,NEK,NEK,False,,0.0,0.0,27.0,,,Hold,True,,,,,,
J38043,Dualite (DOLLAR GENERAL),NH,Liberal,WK,staff time/permit,,Hold - Permit,,,2026-06-02,2026-07-21,,2026-07-27,,,,,,,WK,WK,False,,0.0,0.0,6.0,,,Added,True,,,,,,
J26318,/ THRIVE RESTAURANT GROUP - Carlos O'Kelly's,DW,Hutchinson,WK,"Furnish and install 1 set of non-illuminated 2"" deep open face aluminum channel letters reading ""Tequila Love"". Outside and inside returns of all letters and heart to be painted to match SW6760. The inside flat face of letters on ""Tequila Love"" to be painted to match SW6664 and the flat face of the heart is to paint to match SW0080. Signage to be flush mounted to interior SHEETROCK wall. 909 E. 30TH AVE HUTCHINSON, KS 67502",,Hold - Customer,Still a ways out on the wall - Customer may want to have us install on a different wall and then move this once thew wall is ready,Survey needed,2024-09-17,2024-11-05,,2024-11-11,,,,SIGN HOUSE,16357,RECEIVED,WK,WK,False,6347.7,0.0,0.0,629.0,,J26318 Thrive Restaurant Group_Interior Sign.pdf,Hold,True,,,,,,
J28103,/ COHLMIA MARKETING - Kanssa Spine & Specialty Hospital,DW,Wichita,WK,Survey Sign to make sure push thru graphics can be removed without breaking to repaint sign face. Check sign to determine lighting properly. If not LED illuminated get survey information to convert to LED.,,Hold - Customer,"survey to sign per order, scan notes and pics to Dan (order is in Mike's office)",Survey needed,2024-11-08,2024-12-27,,2025-01-02,,,,,,,WK,WK,False,,0.0,0.0,577.0,,,Hold,True,,,,,,
J33422,MIDWAY MOTORS SUPERCENTER,DP,Hutchinson,WK,"8' x 20' vinyl wrap Furnish and install (1) 8' x 20' vinyl wrap (9' x 21' with bleed) as part of a new 36 month contract. (C) #37187 South facing/lower board on Yoder Rd., 2.5 miles South of HWY 50.",,Hold - Customer,10/8 - waiting on artwork,Survey needed,2025-09-16,2025-11-04,,2025-11-10,,,,INDEPENDENT'S,,,WK,WK,False,,0.0,0.0,265.0,,,Hold,True,,,,,,
J32650,SPEARVILLE USD #381,NH,Spearville,WK,"contour-cut digital prints/reg-cut black vinyl VINYL GRAPHICS AT AUX GYM: Furnish and install (2) sets of contour-cut digitally-printed vinyl logos, with regular-cut 7725-12 black vinyl copy, and (2) regular-cut 7725-12 black vinyl readings of ""AUXILIARY GYM"". Apply to the exterior metal panels, and the interior sheetrock wall, as shown.",,Hold - Customer,Nathan to install,Survey needed,2025-09-29,2025-11-17,2025-11-17,2025-11-23,,,,GREGORY,18719,RECEIVED,WK,WK,False,1413.44,,0.0,252.0,2025-11-02,J32650 SPEARVILLE USD 381.pdf,Hold,True,"Hutch,Outsourced",,,,,done
J34378,BRETZ INJURY LAW,DP,Hutchinson,WK,"8' x 20' wrap_Yoder_NF, Upper Board Furnish and install (1) 8' x 20' vinyl wrap for Yoder Rd. road sign lease (9' x 21' with bleed) as part of 36 mo contract. Agreement to go into effect on 10/25. Structure #1 - North facing/Upper board. Lease SC000056 Current wrap on board is a Bretz graphic - photo attached.",,Hold - Customer,,Survey needed,2025-10-29,2025-12-17,,2025-12-23,,,,,,,WK,WK,False,,0.0,0.0,222.0,,,Hold,True,,,,,,
J34377,BRETZ INJURY LAW,DP,Hutchinson,WK,"8' x 20' wrap_Yoder_NF, Lower board Furnish and install (1) 8' x 20' vinyl wrap for Yoder Rd. road sign lease (9' x 21' with bleed) as part of 36 mo contract. Agreement to go into effect on 10/25. Structure #1 - North facing/Lower board. Lease SC000055 Current wrap on board is a Bretz graphic - photo attached.",,Hold - Customer,,Survey needed,2025-10-29,2025-12-17,,2025-12-23,,,,,,,WK,WK,False,,0.0,0.0,222.0,,,Hold,True,,,,,,
J35420,HUTCHINSON COMMUNITY COLLEGE,AS,Wichita,WK,"T/M: Remove (2) N/I signs, reinstall at Newton campus TM: Remove existing non-illuminated signs from Wichita location (4939 S Lulu Ct. Suite 16). Front elevation (South) sign is 4' x 12' and the back elevation (North) is a 3' x 6' sign. Customer would like us to remove these and then install them at their Newton Campus the same day. (Location TBD before removal of current signs). Removal RED DATE is 1/22/26",RED DATE,Hold - Customer,,Survey needed,2026-01-07,2026-02-25,,2026-03-03,,,,,,,WK,WK,False,,0.0,0.0,152.0,,,Hold,True,,,,,,
J35583,HOMEWOOD SUITES - SALINA,DP,McPherson,WK,10' x 30' Homewood wrap Furnish and install (1) 10' x 30' vinyl wrap. This is part of a renewal contract for 36.00 month. Contract #31956 This board is south facing and is on the right side of the road. Agreement to go into effect on 1/2026,,Hold - Customer,waiting on artwork,Survey needed,2026-01-14,2026-03-04,,2026-03-10,,,,,,,WK,WK,False,,0.0,0.0,145.0,,,Hold,True,,,,,,
J34288,USD #308 HUTCHINSON,DP,Hutchinson,WK,"Lil' Hawks Monument Sign - Option 2 Augur hole and set pole. Pour mow pad. Furnish and install (1) 4'h x 5' double-sided monument sign with digitally printed applied vinyl logo and ""CHILDCARE CENTER"" copy and ""2701"" copy on pole cover. Sign two have 2"" reveals and top crown molding. Sign permit cost to be added onto final invoice. Customer responsible for providing needed required electrical service.",,Hold - Customer,,Survey needed,2026-01-16,2026-03-06,2026-04-03,2026-03-12,,,,GREGORY,19424,RECEIVED,WK,WK,False,10713.59,,0.0,143.0,2026-03-19,J34288 USD 308 Hutchinson_Monument.pdf,Hold,True,"Hutch,Outsourced",,done,done,done,done
J36328,EMPRISE BANK,CC,Andover,WK,"Remove pylon and re-install after road work has completed at Andover Branch Provide labor, materials, and equipment to remove the existing pylon sign. Leave pole in place. Transport sign back to Lumineo Signs Hutchinson office for temporary storage while road expansion work is being done. Upon completion of the road work, set new pole in new concrete footing, and re-install pylon sign in new location on property. Proposal also includes removing and disposing of the ATM canopy in front of bank.",,Hold - Customer,,Survey needed,2026-03-04,2026-04-22,,2026-04-28,,,,,,,WK,WK,False,13491.13,0.0,0.0,96.0,,Pylon and ATM Canopy.jpg,Hold,True,,,,,,
J36794,Southwest KS Storm Football,NH,Dodge City,WK,"exterior banners Per sponsorship trade, furnish and install (2) 19' 8""h x 14'w exterior banner with perimeter grommets, installed on the existing frame/spring system at the main entrance (south end of the arena). Carefully roll up the existing 'cowboy' banners & store at the LN shop. *Leave the order open; Includes re-installing UWA's original banner following the football season -end of June).... *See attached diagram for grommet placement.",,Hold - Customer,,Survey needed,2026-03-20,2026-05-08,,2026-05-14,,,,INDEPENDENT'S,19822,SHIPPING,WK,WK,False,,0.0,0.0,80.0,,"J36794 SOUTHWEST KS STORM FOOTBALL_BANNERS.pdf, UWA banner grommet spacin.pdf",Hold,True,,,,,,
J37082,HUTCHINSON COMMUNITY COLLEGE,AS,Hutchinson,WK,"N/C samples N/C : 2 sample ADA signs on clear, 3X2-101 (Matte/Clear) and 3XX-101 (Clear) Use 3X1-506 Sapphire for the Blue",,Hold - Customer,,Survey needed,2026-04-02,2026-05-21,,2026-05-27,,,,bg automation,19955,RECEIVED,WK,WK,False,,0.0,0.0,67.0,,J36798 Hutchinson Community College - Shears Tech Center.pdf,Hold,True,,,,,,
J37110,KANSAS WESLEYAN UNIVERSITY,DP,Moundridge,WK,"12 x 30 Road sign (C) #404 Furnish and install (1) 12 x 30 road sign wrap as part of new three year contract. Contract to begin on 4/1/26 Board is Bottom board, North facing, Righthand read, south structure. *Board is currently advertising Kansas Wesleyan.",,Hold - Customer,waiting on artfile,Survey needed,2026-04-02,2026-05-21,,2026-05-27,,,,,,,WK,WK,False,,0.0,0.0,67.0,,,Hold,True,,,,,,
J36233,First Security Bank,DW,Conway Springs,WK,Conway Springs ATM Pylon Cabinet SURVEY NEEDED! Remove and discard existing TOP CABINET ONLY. Fabricate and install new LED illuminated plex face cabinet with digitally printed vinyl graphics.,,Hold - Customer,,Survey needed,2026-04-06,2026-05-25,,2026-05-31,,,,,,,WK,WK,False,9610.18,,0.0,63.0,,J36233 First Security Bank_Pylon Cabinet.pdf,Hold,True,Outsourced,,in_progress,in_progress,in_progress,
J36976,Benjamin F. Edwards Investments,DP,Abilene,WK,Recover Existing Awnings (3) Remove existing non-illuminated (3) awnings from side elevation of business and bring back to shop. Recover awnings (no graphics & no hanging valance). Awning color: Ferrari Precontraint 502-2161 blue,,Hold - Customer,Need to let Adam know when planning on removing to deliver to Endura,Survey needed,2026-04-14,2026-06-02,,2026-06-08,,,,,,,WK,WK,False,4104.34,0.0,0.0,55.0,,J36976 Benjamin F Edwards Investments_Awnings.pdf,Hold,True,,,,,,
J37576,Kansas State University at Salina,DP,Salina,WK,"Furnish and install (1) set of internally illuminated channel letters with trim cap faces that will install on a wire way painted color to match wall - Power supplies to be inside wire way. Wall and raceway to be painted TBD (Color match has been provided to fab). Returns and trim cap to be Purple (PMS 268), faces to be white acrylic. Copy to be Myriad Pro.",,Hold - Customer,"Waiting on artwork, sketch request",Survey needed,2026-05-11,2026-06-29,,2026-07-05,,,,SIGN HOUSE,,,WK,WK,False,19131.0,0.0,0.0,28.0,,,Hold,True,,,,,,
J37211,Five Below,AS,Hutchinson,WK,Trip 4 - Final Removal *4 weeks after opening-Remove temporary banner from front elevation Take at least 5 completion photos including distance and close up. Due Date 10/16/2026,,Hold - Customer,,,2026-06-01,2026-07-20,,2026-07-26,,,,,,,WK,WK,False,236.8,0.0,0.0,7.0,,,Added,True,,,,,,
J37209,Five Below,AS,Hutchinson,WK,"Trip 2 – Main Sign Install Install 48” channel letters on front elevation, center sign per placement on sheet 2. Connect the sign to primary power, take illumination photos and distance photos. -Install temporary banner to storefront windows per sheet 8 of the provided drawings. -Install under canopy sign centered above the entrance doors with a minimum 8’-6” clearance from grade -Install Five Below tenant panel vinyl on both sides of the pylon per placement on sheet 5 of the drawing -Install Five Below tenant panel on both sides of the pylon per placement on sheet 6 of the drawing -Install Five Below tenant panel on both sides of the pylon per placement on sheet 7 of the drawing Take at least 15 completion photos, including secondary wiring, illumination, & distance. Please No install trucks in completion photos.",,Hold - Customer,,,2026-06-01,2026-07-20,,2026-07-26,,,,,,,WK,WK,False,3491.25,0.0,0.0,7.0,,,Added,True,,,,,,
J37210,Five Below,AS,Hutchinson,WK,Trip 3 - Now Open (scheduled the afternoon before the Grand Opening) - Firm Date-Flip temporary banner to Now Open side Take at least 5 completion photos including distance and close up. Due Date 9/17/2026,,Hold - Customer,,,2026-06-01,2026-07-20,,2026-07-26,,,,,,,WK,WK,False,236.8,0.0,0.0,7.0,,,Added,True,,,,,,
J38031,EQUITY BANK,DW,"Kirksville, MO",WK,Kirksville Main Debrand,,New Order this week,,,2026-06-04,2026-07-23,,2026-07-29,,,,,,,WK,WK,False,2680.25,0.0,0.0,4.0,,,Upcoming,True,,,,,,
J37521,EQUITY BANK,DW,Liberal,WK,Liberal Sign relocate to Neodesha,,New Order this week,,,2026-06-04,2026-07-23,,2026-07-29,,,,,,,WK,WK,False,2337.5,0.0,0.0,4.0,,,Upcoming,True,,,,,,
J38081,Modern Market,DW,"Boston, MA",WK,Modern Market No charge letter repair,,New Order this week,,,2026-06-04,2026-07-23,,2026-07-29,,,,,,,WK,WK,False,,0.0,0.0,4.0,,,Upcoming,True,,,,,,
J37405,Sunflower Stores LLC c/o Wesley Goforth,DP,Concordia,WK,"Furnish and install (1) 12' x 24' vinyl wrap (13' x 25' with bleed) as part of a new 3-year contract. Board is located on US 81, South Facing, Lefthand, Top Board",,New Order this week,,,2026-06-04,2026-07-23,,2026-07-29,,,,INDEPENDENT'S,20361,ORDERED,WK,WK,False,,0.0,0.0,4.0,,,Upcoming,True,,,,,,
J37825,LEGACY RESTAURANT GROUP,VB,Lawrence,NEK,Wendy's #120 W 23rd Lawrence install raceway-mounted channel letters,,New Order this week,,,2026-06-04,2026-07-23,,2026-07-29,,,,,,,NEK,NEK,False,,0.0,0.0,4.0,,,Upcoming,True,,,,,,
J37624,FEDERAL HEATH SIGN COMPANY,VB,Topeka,NEK,Kwik Shop #796 add Krispy Krunchy Chicken,,New Order this week,,,2026-06-04,2026-07-23,,2026-07-29,,,,,,,NEK,NEK,False,3100.0,0.0,0.0,4.0,,,Upcoming,True,,,,,,
J34185,MERITRUST CREDIT UNION,CC,Louisville,WK,"Remove current directional sign and post and dispose of offsite. Furnish and install one, non-illuminated, single faced aluminum post and panel sign with vinyl copy applied. Reference design CC-J34185. Subject to city approval. Permit fee to be invoiced as a separate line item on final invoice statement.",,New Order this week,,,2026-06-05,2026-07-24,,2026-07-30,,,,,,,WK,WK,False,3387.03,0.0,0.0,3.0,,J34185 Meritrust Credit Union_Louisville Post and panel.pdf,Upcoming,True,,,,,,
J34183,MERITRUST CREDIT UNION,CC,Louisville,WK,"Remove and dispose of the three existing exterior wall signs and seal exposed mounting and electrical pass through holes. Replace with new Meritrust letters on the north, south, and west elevations. Letters to be internally illuminated, channel letters with trim capped faces. Drivers to install remotely behind the wall. Subject to city approval. Permit to be secured and invoiced as a separate line item on final statement. Reference design CC-J34183.",,New Order this week,,,2026-06-05,2026-07-24,,2026-07-30,,,,,,,WK,WK,False,33257.46,0.0,0.0,3.0,,CC-J34183 Wall Signs Louisville.pdf,Upcoming,True,,,,,,
J35552,JACAM CATALYST,DD,Sterling,WK,"3 ACM panels with digitally printed vinyl graphics installed on interior walls per customer, install with black truss head screws 4' 11 ½ "" x 10'0'' Laboratory - West wall above the water station 4ft x 14ft Inside the lab office between the bathrooms 4’X14’ Inside of Building 8",,New Order this week,,,2026-06-05,2026-07-24,,2026-07-30,,,,,,,WK,WK,False,4594.67,0.0,0.0,3.0,,,Upcoming,True,,,,,,
J38080,B33 WEST RIDGE PLAZA LLC,VB,Topeka,NEK,"At West Ridge Plaza: 1) at 21st Street exit next to Target’s building, provide one breakaway post with standard stop sign 2) install on exit median for left-turning traffic near the missing sign's cut bolts 3) at the Wanamaker Road entrance, the panel that directs traffic to the right is upside down, straighten and reinstall it 4) take completion photos",,New Order this week,,,2026-06-05,2026-07-24,,2026-07-30,,,,,,,NEK,NEK,False,,0.0,0.0,3.0,,,Upcoming,True,,,,,,
J35477,"KBS CONSTRUCTORS, INC.",VB,Topeka,NEK,"At White Lakes Business Park: 1) dig, set and pour a new double-pole foundation at an undetermined new flat site on the property, including a concrete mow pad 2) provide & install a new 14’ x 12’ double-faced pylon sign for White Lakes Business Park to an overall height of 26’, including a routed aluminum logo section backed with white acrylic for its name, lighting as white letters only at night, a multitenant logo section with fully lit flat white acrylic faces, separated by metal dividers which allows for easier future tenant changes, the top tenant panels for a single tenant, six additional smaller flat white acrylic tenant panels for future tenants, internal white LED illumination, cabinet and pole covers painted to match Sherwin-Williams 7039 Virtual Taupe 3) take completion photos Drawing VB-35477 NEW (without graphics) NOTES: New primary electrical by others. Above includes $310 engineering fee, but it normally takes 30 days to receive it and the foundation cost may need to be adjusted. EXCLUSIONS: Excludes demolition & removal of existing sign and its foundation. Excludes bollards which may be needed to keep traffic from hitting it, and could also be installed by Lumineo Signs. Excludes cost of tenants’ vinyl graphics.",,New Order this week,,,2026-06-05,2026-07-24,,2026-07-30,,,,,,,NEK,NEK,False,83446.0,0.0,0.0,3.0,,J35477 Permit KBS Constructors_White Lakes Pylon.pdf,Upcoming,True,,,,,,
J37747,COREFIRST BANK & TRUST,VB,Topeka,NEK,CoreFirst Bank North Plaza new graphics for office suites,,New Order this week,,,2026-06-05,2026-07-24,,2026-07-30,,,,,,,NEK,NEK,False,1575.0,0.0,0.0,3.0,,,Upcoming,True,,,,,,
J37746,CAPITOL FEDERAL,VB,Lawrence,NEK,Capitol Federal 740 New Hampshire replace missing freestanding parking sign,,New Order this week,,,2026-06-05,2026-07-24,,2026-07-30,,,,,,,NEK,NEK,False,1155.0,0.0,0.0,3.0,,,Upcoming,True,,,,,,
J38030,EQUITY BANK,DW,"Kirksville, MO",NEK,"Debrand location. Bring back to Equity Corporate for storage pylon, routed building sign, and interior pan sign. Leave pylon pole structure in place. Apply black out vinyl to all logos on freestanding ATM. Remove all vinyl logos from door glass and drive thru window.",,New Order this week,,,2026-06-05,2026-07-24,,2026-07-30,,,,,,,NEK,NEK,False,7302.3,0.0,0.0,3.0,,,Upcoming,True,,,,,,
J30841,BRETZ INJURY LAW,DP,Hutchinson,WK,"Furnish and install (1) 11' x 24' vinyl wrap on board structure at 2nd & Poplar (south face) for road sign lease contract renewal. Dispose of previous wrap. Theme is ""Bretz Injury Law - A 34-Yeaar Tradition of Excellence!"".",,New Order this week,,,2026-06-05,2026-07-24,,2026-07-30,,,,,,,WK,WK,False,,0.0,0.0,3.0,,J30841 Bretz Injury law_Vinyl wrap.pdf,Upcoming,True,,,,,,
J37952,HUTCHINSON COMMUNITY COLLEGE,AS,Hutchinson,WK,Furnish and install (1) new wrap measuring 13' x 31' Overall (VO 12’ x 30’) for new contract on MP7N,,New Order this week,,,2026-06-05,2026-07-24,,2026-07-30,,,,,,,WK,WK,False,,0.0,0.0,3.0,,J37952 Hutchinson Community College _ 12x30 wrap.pdf,Upcoming,True,,,,,,
J28214,/ DAIRY QUEEN #11314,VB,Topeka,NEK,"At Dairy Queen North Topeka: 1) check in/out with Matt Pettit or manager on duty 2) the NW corner red LEDs are out, he says they sometimes have to reset the GFI 3) take completion photos",,Service or Contract Order,,Survey needed,2024-11-15,2025-01-03,,2025-01-09,,,,,,,NEK,NEK,False,,0.0,0.0,570.0,,,Service,True,,,,,,
J28500,/ GOLDEN PLAINS CREDIT UNION,NH,Garden City,WK,Customer reports that the north half of their reverse-channel letter set is out. (east fascia). Check and repair as needed.,,Service or Contract Order,,Survey needed,2024-12-06,2025-01-24,,2025-01-30,,,,,,,WK,WK,False,,0.0,0.0,549.0,,,Service,True,,,,,,
J29320,BARREL HOUSE LIQUOR,VB,Topeka,NEK,"At Barrel House Liquor, two neon-lit channel letters are out. There are concerns it's not wired correctly, so the sign should be turned off. 1) check in/out with Brian Walker 2) determine whether it can be repaired easily or if the entire set of letters needs wiring redone Call Scott Walker to discuss 845-7268 3) take photos",,Service or Contract Order,,Survey needed,2025-01-31,2025-03-21,,2025-03-27,,,,,,,NEK,NEK,False,,0.0,0.0,493.0,,,Service,True,,,,,,
J29913,"HAAG OIL COMPANY, LLC",VB,Auburn,NEK,"At Max's BP Auburn: 1) check in/out with manager on duty 2) the pole sign's diesel price changer is not working 3) take completion photos If questions, call JP 383-6716",,Service or Contract Order,,Survey needed,2025-03-05,2025-04-23,,2025-04-29,,,,,,,NEK,NEK,False,,0.0,0.0,460.0,,,Service,True,,,,,,
J30240,"HAAG OIL COMPANY, LLC",VB,Topeka,NEK,"At BP 29th & Wanamaker: 1) check in/out with manager on duty 2) price changer on 29th Street sign not working, the sign has been turned off 3) take completion photos",,Service or Contract Order,,Survey needed,2025-03-24,2025-05-12,,2025-05-18,,,,,,,NEK,NEK,False,,0.0,0.0,441.0,,,Service,True,,,,,,
J32086,LEGACY RESTAURANT GROUP - Wendy's #214,VB,KCMO,NEK,Wendy's #214 pattern & replace pole sign cameo faces,,Service or Contract Order,,Survey needed,2025-06-27,2025-08-15,,2025-08-21,,,,,,,NEK,NEK,False,,0.0,0.0,346.0,,,Service,True,,,,,,
J32302,SCOTCH DRY CLEANERS,VB,Topeka,NEK,"Scotch 29th & California repair pole sign At Scotch's California Ave location: 1) check in/out with manager on duty 2) the pole sign's marquee is partly out, repair it and remainder of the pole sign 3) take completion photos and of any other work needed",,Service or Contract Order,,Survey needed,2025-07-10,2025-08-28,,2025-09-03,,,,,,,NEK,NEK,False,,0.0,0.0,333.0,,,Service,True,,,,,,
J32476,MCDONALD'S,NH,Dodge City,WK,"lot light service Manager reports a lot light flickering along the south side of the property, directly outside the drive-up pay window. Check and repair as needed.",,Service or Contract Order,,Survey needed,2025-07-21,2025-09-08,,2025-09-14,,,,,,,WK,WK,False,,0.0,0.0,322.0,,,Service,True,,,,,,
J32703,"SPANGLES, INC",VB,Topeka,NEK,"Spangles #24 repair east blue border neon At Spangles #24, 29th & Topeka Blvd: 1) check in/out with manager on duty 2) east border neon is reported out 3) while there, check all other signs & lighting, excluding parking lot lights, if goosenecks are needed, use customer's stock 4) take completion photos",,Service or Contract Order,,Survey needed,2025-08-04,2025-09-22,,2025-09-28,,,,,,,NEK,NEK,False,,0.0,0.0,308.0,,,Service,True,,,,,,
J33513,DOBSKI & ASSOCIATES - McDonald's #7244,VB,Topeka,NEK,McDonald's #7244 29th & California SE pole sign face coming apart At McDonald's #7244 29th & California: 1) check in with manager on duty 2) the pole sign's SE faces red section is coming apart 3) put the panels back in place 4) verify other faces are in place 5) take completion photos,,Service or Contract Order,,Survey needed,2025-09-22,2025-11-10,,2025-11-16,,,,,,,NEK,NEK,False,,0.0,0.0,259.0,,,Service,True,,,,,,
J33986,THE BIG BISCUIT,VB,KCMO,NEK,"Big Biscuit Barry Road service At The Big Biscuit on Barry Road: 1) check in/out with manager on duty 2) the biscuit baker logo on the front is out 3) while there, check both signs 4) also survey front wall entrance's sign band to possibly install a new nonilluminated awning, measurements of all five sides, including the interior measurements of the darker background below the channel letters, if we need to move the sign/raceways up, verify whether we can move them and still have access to power 5) take completion photos",,Service or Contract Order,,Survey needed,2025-10-10,2025-11-28,,2025-12-04,,,,,,,NEK,NEK,False,,0.0,0.0,241.0,,,Service,True,,,,,,
J34022,LUMINOUS NEON LLC,VB,Topeka,NEK,repair sod damage from McDonald's #7244 pole sign repairs Contract with Dobski & Associates' landscaping company to repair two ruts from truck getting stuck while leaving after repairs to McDonald's #7244 pole sign.,,Service or Contract Order,,Survey needed,2025-10-15,2025-12-03,,2025-12-09,,,,,,,NEK,NEK,False,,0.0,0.0,236.0,,,Service,True,,,,,,
J34073,"SPANGLES, INC",VB,Topeka,NEK,"Spangles #23 border neon out on south side At Spangles #23 Hwy 24: 1) check in/out with manager on duty 2) two pieces of blue border neon are reported out 3) while there, check other signs & lighting, except for parking lot lights, if gooseneck lamps are needed, use customer's stock 4) take completion photos",,Service or Contract Order,,Survey needed,2025-10-16,2025-12-04,,2025-12-10,,,,,,,NEK,NEK,False,,0.0,0.0,235.0,,,Service,True,,,,,,
J34107,Gibson Mall (Chaffin Family Trust),NH,Dodge City,WK,"gooseneck light svc, lot lights On the building, the gooseneck lights aren't coming on. Check with maintenance man, Tim Heitkamp, 701-238-3190, for the timeclock/breakers. Reset timer (for DST)/replace bulbs as needed. . . Also check the parking lot lights, and make repairs as needed. . . Also, remove and dispose of the plywood banding (with tenant vinyl copy) across the front of the Mall, filling holes with caulk. If there is significant damage/discoloration underneath, get photos so NH can advise the customer that a painter needs to get involved. (GIBSON MALL letters remain as is).",,Service or Contract Order,,Survey needed,2025-10-16,2025-12-04,,2025-12-10,,,,,,,WK,WK,False,,0.0,0.0,235.0,,,Service,True,,,,,,
J34475,KS STATEBANK,VB,Manhattan,NEK,"KS StateBank Hwy 24 Manhattan update time & temp At KS StateBank 8003 US Hwy 24 in Manhattan: 1) check in/out with manager on duty 2) update time & temp to correct time 3) LEDs are reported out in time & temp, repair if possible 4) if time & temp can't be repaired, get manufacturer's information and measurements for possible replacement 5) take completion photos",,Service or Contract Order,,Survey needed,2025-11-03,2025-12-22,,2025-12-28,,,,,,,NEK,NEK,False,,0.0,0.0,217.0,,,Service,True,,,,,,
J34500,MILLIGAN ENTERPRISES,NH,Garden City,WK,"multiple outages (GC east) Channel letters sets are completely out on the east & west elevations, along with an arch logo on the west elevation. The channel letters on the west PlayPlace elevation are half out. Both directionals are out. Also check the yellow awnings, which have horizontal bands that wash light onto the awnings, and the lighting on the rooftop french fries. Repair as needed.",,Service or Contract Order,,Survey needed,2025-11-03,2025-12-22,,2025-12-28,,,,,,,WK,WK,False,,0.0,0.0,217.0,,,Service,True,,,,,,
J34499,MILLIGAN ENTERPRISES,NH,Garden City,WK,"multiple outages (GC west) The north pylon has outages in the arch & red base cabinet. The channel letters on the south elevation have dim spots. The ENTER directional isn't lit. Also check the yellow awnings, which have horizontal bands that wash light onto the awnings, and the lighting on the rooftop french fries. Repair as needed.",,Service or Contract Order,,Survey needed,2025-11-03,2025-12-22,,2025-12-28,,,,,,,WK,WK,False,,0.0,0.0,217.0,,,Service,True,,,,,,
J34589,"Cherry Hills Properties, LLC",LNI,Lawrence,NEK,Service to The Malls pylon 23rd The Malls on 23rd st. Lawrence KS has outages on both sides east and west on the pylon sign on 23rd st.,,Service or Contract Order,,Survey needed,2025-11-07,2025-12-26,,2026-01-01,,,,,,,NEK,NEK,False,,0.0,0.0,213.0,,,Service,True,,,,,,
J34591,Chiropractic Health Center,LNI,Lawrence,NEK,Service to front monument sign Front monument sign not lighting correctly.,,Service or Contract Order,,Survey needed,2025-11-07,2025-12-26,,2026-01-01,,,,,,,NEK,NEK,False,,0.0,0.0,213.0,,,Service,True,,,,,,
J34605,HARRIS AUTO REPAIR,LNI,Lawrence,NEK,Service Harris auto pylon Service to pylon sign not lighting correctly.,,Service or Contract Order,,Survey needed,2025-11-10,2025-12-29,,2026-01-04,,,,,,,NEK,NEK,False,,0.0,0.0,210.0,,,Service,True,,,,,,
J34784,CENTRAL NATIONAL BANK,VB,Manhattan,NEK,"Central National Bank Manhattan repair time & temp At Central National Bank, College Ave, Manhattan: 1) check in/out with Doug Haverkamp or another manager 2) the time & temp is out again, see if it can be reset 3) take photos",,Service or Contract Order,,Survey needed,2025-11-18,2026-01-06,,2026-01-12,,,,,,,NEK,NEK,False,,0.0,0.0,202.0,,,Service,True,,,,,,
J34986,SUCCESS VISION EXPRESS,VB,Manhattan,NEK,"SuccessVision Manhattan service pole sign At SuccessVision's Manhattan location: 1) check in/out with manager on duty 2) the pole sign logo cabinet is partly out in the middle 3) verify the entire pole sign, channel letters and awnings are lighting properly 4) take completion photos NOTE: This was converted to LEDs by another company, past that warranty.",,Service or Contract Order,,Survey needed,2025-12-02,2026-01-20,,2026-01-26,,,,,,,NEK,NEK,False,,0.0,0.0,188.0,,,Service,True,,,,,,
J35004,BURLINGAME FEDERATED CHURCH,VB,Burlingame,NEK,"Burlingame Federated Church service message center At Burlingame Federated Church, the message center is not working properly and has been turned off 1) coordinate in advance with Gary Masters, cell 633-0454. 2) see emailed info on how to determine what's needed from manufacturer, if questions, contact Vernon at Stewart, 800-237-3928 3) determine what's needed before ordering parts 4) take completion photos",,Service or Contract Order,,Survey needed,2025-12-05,2026-01-23,,2026-01-29,,,,,,,NEK,NEK,False,,0.0,0.0,185.0,,,Service,True,,,,,,
J35047,DOBSKI & ASSOCIATES - McDonald's #317,VB,Topeka,NEK,"McDonald's #317 SW Topeka Blvd repair parking lot lights At McDonald's #317 SW Topeka Blvd: 1) check in/out with manager on duty 2) one LED parking lot light is reported out, need information on fixture and whether the others are the same for replacement 3) replace old with new LED parking lot light fixture when in hand 4) take completion photos",,Service or Contract Order,,Survey needed,2025-12-05,2026-01-23,,2026-01-29,,,,,,,NEK,NEK,False,,0.0,0.0,185.0,,,Service,True,,,,,,
J35183,FLINTHILLS MALL,VB,Emporia,NEK,Flinthills Mall service message center,,Service or Contract Order,,Survey needed,2025-12-16,2026-02-03,,2026-02-09,,,,,,,NEK,NEK,False,,0.0,0.0,174.0,,,Service,True,,,,,,
J35451,FOLEY EQUIPMENT,QT,KCMO,NEK,"Foley-KCMO Rental sign on the pole outage The rental sign on the Pole sign is only half illuminated. There was a similar issue reported in September/October. Please let Quintin know if this is warranty or something unrelated. ( Appears that there was a wire problem in the main ID sign cabinet (north side, bottom left and that the ""service sign"" and the entrance monument on the far east sign. )Please include the IVR instructions with the work order.",,Service or Contract Order,,Survey needed,2026-01-07,2026-02-25,,2026-03-03,,,,,,,NEK,NEK,False,,0.0,0.0,152.0,,,Service,True,,,,,,
J35666,THE BIG BISCUIT,VB,"Raymore, MO",NEK,"Big Biscuit Raymore repair rear sign At The Big Biscuit in Raymore: 1) check in/out with manager on duty 2) ""Bisc"" is out on rear channel letters 3) make sure both sets of letters are working properly while there 4) take completion photos",,Service or Contract Order,,Survey needed,2026-01-19,2026-03-09,,2026-03-15,,,,,,,NEK,NEK,False,,0.0,0.0,140.0,,,Service,True,,,,,,
J35682,TB OF AMERICA,VB,Holton,NEK,"Taco Bell Holton repair pole sign storm damage At Taco Bell #20719 Holton, a windstorm damage has blown out one pole sign logo face and damaged the other: 1) travel to site and tie in other face before it also blows out 2) take photos After new faces have been produced, 3) receive & inspect new customer faces from Everbrite 4) remove old faces 5) verify sign is lighting properly 6) reinstall the new faces 7) take completion photos, including entire cabinet from the bucket for insurance purposes NOTE: Requested store to call if the other face blows out before we can get there",,Service or Contract Order,,Survey needed,2026-01-19,2026-03-09,,2026-03-15,,,,,,,NEK,NEK,False,,0.0,0.0,140.0,,,Service,True,,,,,,
J35668,LEGACY RESTAURANT GROUP - Wendy's #218,VB,KCMO,NEK,"Wendy's #218 North Oak repair parking lot light At Wendy's North Oak: 1) check in/out with manager on duty 2) one parking lot light is reported out by entrance between Wendy's and a bank 3) while there, check all other signs & lighting 4) take completion photos If needed, call Bill Fleming with questions, 816-659-4589",,Service or Contract Order,,Survey needed,2026-01-19,2026-03-09,,2026-03-15,,,,,,,NEK,NEK,False,,0.0,0.0,140.0,,,Service,True,,,,,,
J35788,"SPANGLES, INC",VB,Topeka,NEK,Spangles #23 Hwy 24 repair monument sign At Spangles #23 Hwy 24: 1) check in/out with manager on duty 2) the monument sign appears to be flickering inside 3) the red neon border may not be working properly 4) take completion photos,,Service or Contract Order,,Survey needed,2026-01-28,2026-03-18,,2026-03-24,,,,,,,NEK,NEK,False,,0.0,0.0,131.0,,,Service,True,,,,,,
J35995,LEGACY RESTAURANT GROUP,VB,Lawrence,NEK,"Wendy's #121 delivery truck has hit a corner of the building again At Wendy's #120, W 23rd St, Lawrence, a delivery truck has hit the corner of the building again: 1) check in/out with manager on duty 2) repair corner as well as possible 3) take completion photos",,Service or Contract Order,,Survey needed,2026-02-06,2026-03-27,,2026-04-02,,,,,,,NEK,NEK,False,,0.0,0.0,122.0,,,Service,True,,,,,,
J36071,CITY OF LAWRENCE PARKS & REC.,JL,Lawrence,NEK,Amtrak - Service Neon Signage Service call to repair neon sign. Customer says multiple pieces are out on Southeast and West elevations. Note: Photos provided are not current and additional outages may be present. Sign to be tested prior to ordering replacement parts.,,Service or Contract Order,,Survey needed,2026-02-11,2026-04-01,,2026-04-07,,,,,,,NEK,NEK,False,,0.0,0.0,117.0,,,Service,True,,,,,,
J36195,LARRY'S EXPRESS MART,VB,Topeka,NEK,"Larry's Express Mart check nonworking message center At Larry's Express Mart: 1) check in with Zafar Ansari 2) for existing nonworking message center, contact NEXT LED service at 888-263-6530 to walk through testing the components to see what's needed and if those parts are available 3) survey pole sign for cabinet sizes, overall height and electrical information 4) take photos NTE two men two hours or one man three hours, plus tax",,Service or Contract Order,,Survey needed,2026-02-18,2026-04-08,,2026-04-14,,,,,,,NEK,NEK,False,,0.0,0.0,110.0,,,Service,True,,,,,,
J36199,DOBSKI & ASSOCIATES - McDonald's,VB,Lawrence,NEK,"McDonald's W 23rd Street pole sign has intermittent outages At McDonald's W 23rd Street, Lawrence: 1) check in/out with manager on duty 2) the pole sign has intermittent outages in the arches and the red section 3) take completion photos",,Service or Contract Order,,Survey needed,2026-02-18,2026-04-08,,2026-04-14,,,,,,,NEK,NEK,False,,0.0,0.0,110.0,,,Service,True,,,,,,
J36493,U-HAUL,SP,"Independence, MO",NEK,"POLE SIGN CABINET OUTAGES (( T&M SERVICE )) POLE SIGN CABINET OUTAGES - Carlos Gallardo in Facilities with U-Haul advises that their pole sign has several outages. In the upper individual letter cabinets it has an outage in the ""A"" cabinet on both sides, then in the middle ""STORAGE ROOMS"" cabinet it isn't lighting at all, and the lower changeable copy display is partially out. SEE CUSTOMERS PROVIDED PHOTO. Any questions at site, call Carlos Gallardo at 913.948.3908.",,Service or Contract Order,,Survey needed,2026-03-03,2026-04-21,,2026-04-27,,,,,,,NEK,NEK,False,,0.0,0.0,97.0,,,Service,True,,,,,,
J36553,"VAN BINSBERGEN & ASSOCIATES, INC.",VB,Topeka,NEK,"Madison Street Apartments repair four-headed parking lot light At Madison Street Apartments: 1) the four-headed light fixture in the south parking lot has been out for over a year 2) determine if it's a power issue and get voltage 3) if not a power issue, get fixture information for replacement parts or complete replacement and take close-up photos, how they are attached and measurements 5) take completion photos",,Service or Contract Order,,Survey needed,2026-03-06,2026-04-24,,2026-04-30,,,,,,,NEK,NEK,False,,0.0,0.0,94.0,,,Service,True,,,,,,
J36586,Family Dentistry McAllister,QT,KCKS,NEK,"Family Dentistry State Ave monument outage Krista with McAllister Dentistry on State Ave called and said their monument sign is not lighting again, same side we fixed when we were there last. Please diagnose and repair. Appears when we were there in November we replaced 1 lamp-FYI",,Service or Contract Order,,Survey needed,2026-03-06,2026-04-24,,2026-04-30,,,,,,,NEK,NEK,False,,0.0,0.0,94.0,,,Service,True,,,,,,
J36636,DOBSKI & ASSOCIATES - McDonald's #4164,VB,Lawrence,NEK,"McDonald's #4164 W 6th Lawrence service pole sign At McDonald's #4164 6th Street: 1) check in/out with manager on duty 2) the arches appear to be dim at the top, determine cause and take photos inside and out 3) take completion photos",,Service or Contract Order,,Survey needed,2026-03-10,2026-04-28,,2026-05-04,,,,,,,NEK,NEK,False,,0.0,0.0,90.0,,,Service,True,,,,,,
J36688,SAINT LUKE'S HEALTH SYSTEM,QT,"Smithville, MO",NEK,St. Luke's Smithville N/C survey N/C survey for Saint Lukes Smithville 1. Survey the existing monument sign. The EMC is dead and beyond repair and Saint Luke's wants two option to cover the EMC with pans and another option to remove the EMC completely and retrofit the existing monument pole cover for a new static signage cabinet. Need survey info on the structure for holding the EMC and what it will look like and possibilities for removing it 2. Survey the main building illuminated wall signage. Photos and measurements,,Service or Contract Order,,Survey needed,2026-03-11,2026-04-29,,2026-05-05,,,,,,,NEK,NEK,False,,0.0,0.0,89.0,,,Service,True,,,,,,
J36755,SAINT LUKE'S HEALTH SYSTEM,QT,"Blue Springs, MO",NEK,"St. Lukes Multispecialty Shoal Creek survey N/C survey Survey one (1) illuminated campus sign, two (2) building signs, two (2) monument signs with vinyl cruciforms for possible replacement.",,Service or Contract Order,,Survey needed,2026-03-16,2026-05-04,,2026-05-10,,,,,,,NEK,NEK,False,,0.0,0.0,84.0,,,Service,True,,,,,,
J36756,SAINT LUKE'S HEALTH SYSTEM,QT,"Blue Springs, MO",NEK,St. Lukes Convenient Care Blue Springs survey N/C Survey Survey one (1) building sign for possible replacement. Per notes on inventory from customer it does not need new framework.,,Service or Contract Order,,Survey needed,2026-03-16,2026-05-04,,2026-05-10,,,,,,,NEK,NEK,False,,0.0,0.0,84.0,,,Service,True,,,,,,
J36783,"TYREE AG, INC",NH,Kinsley,WK,"trim back trees Trim back trees along the creek back, west of the roadsign, per the details attached. Haul off any limbs we remove.",,Service or Contract Order,,Survey needed,2026-03-16,2026-05-04,,2026-05-10,,,,,,,WK,WK,False,,0.0,0.0,84.0,,,Service,True,,,,,,
J36753,SAINT LUKE'S HEALTH SYSTEM,QT,KCMO,NEK,St. Luke's Corporate survey N/C survey Please survey 2 building signs for possible replacement.,,Service or Contract Order,,Survey needed,2026-03-16,2026-05-04,,2026-05-10,,,,,,,NEK,NEK,False,,0.0,0.0,84.0,,,Service,True,,,,,,
J36897,RJ PROPERTIES,VB,Holton,NEK,Tractor Supply Dollar General Bldg Holton repair parking lot lights At RJ Properties' Tractor Supply Dollar General Building in Holton: 1) check in/out with manager at Tractor Supply 2) repair parking lot lights--two double-headed lights are reported out 3) take completion photos NOTE: VB needs to let his rep know when we're going.,,Service or Contract Order,,Survey needed,2026-03-24,2026-05-12,,2026-05-18,,,,,,,NEK,NEK,False,,0.0,0.0,76.0,,,Service,True,,,,,,
J36916,PEOPLES BANK & TRUST,CC,Hutchinson,WK,Time and Temp Customer reported that their time & temp display is not displaying the correct time. Please service to get it working properly.,,Service or Contract Order,,Survey needed,2026-03-25,2026-05-13,,2026-05-19,,,,,,,WK,WK,False,,0.0,0.0,75.0,,,Service,True,,,,,,
J36944,CITY OF WICHITA,CC,Wichita,WK,"Repair lighting in the Central and McLean light columns See attached map. The columns with an ""X"" on them are light columns that are not lighting. Customer would like to have all the columns looked at and provided a cost to get them lighting as they want to have them lighting red and blue for the 250 Year Centennial this year. Contact if you need assistance from the city: Mike Armour: 316-268-4598 marmour@wichita.gov",,Service or Contract Order,,Survey needed,2026-03-25,2026-05-13,,2026-05-19,,,,,,,WK,WK,False,,0.0,0.0,75.0,,Central  McLean Neon Light Columns OUT.pdf,Service,True,,,,,,
J37069,COLLEGE CHURCH OF NAZARENE,SP,Olathe,NEK,"CHANNEL LETTERS NORTH WALL - OUTAGE IN WORD ""URCH"" OUT ** T&M SERVICE CALL ** NORTH WALL CHANNEL LETTERS OUTAGE - Customer (Barry Seifert, Facilities Bldg Mgr) reports the channel letters on north wall the ""URCH"" is out in word CHURCH. SEE PROVIDED PIC FROM CUSTOMER. Please visit site to troubleshoot and repair as needed. *** IF VISITING CHURCH ON WED 4/1 - CALL AHEAD TO BARRY SEIFERT TO ADVISE YOU ARE COMING ( Barry Cell 913.238.7174 ) ...OR IF GOING AFTER 4/1 - CALL AHEAD TO PHIL BURKHART AT 913.449.0221. ***",,Service or Contract Order,,Survey needed,2026-04-01,2026-05-20,,2026-05-26,,,,,,,NEK,NEK,False,,0.0,0.0,68.0,,,Service,True,,,,,,
J37070,"T-TOWN INVESTMENTS CO., LLC - Kohl's & Barnes & Noble",VB,Topeka,NEK,"Kohl's & Barnes & Noble pole sign service The Kohl's & Barnes & Noble pole sign is reported out: 1) verify power is available 2) if power is available, determine whether lamps can be replaced or if we also need ballasts 3) survey both cabinets for LED replacements, including depth of cabinets 4) take photos Depending upon the issues, we may repair or retrofit. Call Virginia to get customer's preference.",,Service or Contract Order,,Survey needed,2026-04-01,2026-05-20,,2026-05-26,,,,,,,NEK,NEK,False,,0.0,0.0,68.0,,,Service,True,,,,,,
J37140,BAKER UNIVERSITY,JL,Baldwin City,NEK,"NC - April Semi-Annual Maint NC - April Semi-Annual Maintenance on 9´4""x7´3"" DF, Monument Sign with Illuminated ID Cabinet, 12mm 72x144 Matrix 3´5"" x 6´3"" LED EMC. Test all cooling fans and replace any defective units.",,Service or Contract Order,,Survey needed,2026-04-06,2026-05-25,,2026-05-31,,,,,,,NEK,NEK,False,,0.0,0.0,63.0,,,Service,True,,,,,,
J37143,Baldwin State Bank,JL,Baldwin City,NEK,NC - April Semi-Annual Maint NC - April Semi-Annual Maintenance on (2) EMC´S. Test all cooling fans and replace any defective units.,,Service or Contract Order,,Survey needed,2026-04-06,2026-05-25,,2026-05-31,,,,,,,NEK,NEK,False,,0.0,0.0,63.0,,,Service,True,,,,,,
J37148,GUARANTY STATE BANK,DP,Smith Center,WK,"NC - April Semi-Annual Maint NC - SEMI-ANNUAL MAINTENANCE ON D/F 12"" CHARACTER LED M/C AND S/F INTERIOR M/C. Test all cooling fans and replace any defective units.",,Service or Contract Order,,Survey needed,2026-04-06,2026-05-25,,2026-05-31,,,,,,,WK,WK,False,,0.0,0.0,63.0,,,Service,True,,,,,,
J37139,"JEFFERSON COUNTY HEALTH DEPT, HOME HLTH & HOSPICE",JL,Oskaloosa,NEK,"NC - April Semi-Annual Maint. NC - April semi-annual maintenance on 3´5"" x 7´3"", 19mm 48 x 112 matrix full color EMC. Test all cooling fans and replace any defective units.",,Service or Contract Order,,Survey needed,2026-04-06,2026-05-25,,2026-05-31,,,,,,,NEK,NEK,False,,0.0,0.0,63.0,,,Service,True,,,,,,
J37142,Baldwin State Bank,JL,Baldwin City,NEK,NC - April Semi-annual maintenance April Semi-Annual Maintenance on EMC. Test all cooling fans and replace any defective units.,,Service or Contract Order,,Survey needed,2026-04-06,2026-05-25,,2026-05-31,,,,,,,NEK,NEK,False,,0.0,0.0,63.0,,,Service,True,,,,,,
J37184,NKC Health,QT,NKCMO,NEK,NKC Article 1 sign corrections-no charge N/C time and materials to make corrections as requested,,Service or Contract Order,,Survey needed,2026-04-08,2026-05-27,,2026-06-02,,,,,,,NEK,NEK,False,,0.0,0.0,61.0,,,Service,True,,,,,,
J37170,STORMONT VAIL HEALTH,VB,Topeka,NEK,"Stormont-Vail Emergency sign has ""GE"" out At Stormont-Vail: 1) the EMERGENCY letters on the west canopy have ""GE"" out, repair as needed 2) take completion photos 3) let Kevin Hesseltine know when you're finished, 354-6348",,Service or Contract Order,,Survey needed,2026-04-08,2026-05-27,,2026-06-02,,,,,,,NEK,NEK,False,,0.0,0.0,61.0,,,Service,True,,,,,,
J37185,Speeks Technology,QT,Overland Park,NEK,Paymore OPKS vinyl peeling Aaron is needing to go by PayMore Overland Park to resecure some vinyl graphics that have started peeling away. He is to try to fix it or see if we need to replace.,,Service or Contract Order,,Survey needed,2026-04-10,2026-05-29,,2026-06-04,,,,,,,NEK,NEK,False,,0.0,0.0,59.0,,,Service,True,,,,,,
J37283,RESIDENCE INN,VB,Topeka,NEK,"Residence Inn repairs At the Residence Inn: 1) check in/out with Ed Passmore or a manager on duty 2) the west channel letter ""R"" is broken, pattern for replacement face, whether acrylic or polycarbonate, get color and thickness of face and trim cap color and size 3) the monument sign is missing an access panel, Ed has not found it, if you can't find and reattach measure for size to replace 4) one parking lot light at the front has intermittent lighting problems, says it's one we've had problems with 5) take completion photos Ed's cell 785-430-1178",,Service or Contract Order,,Survey needed,2026-04-16,2026-06-04,,2026-06-10,,,,,,,NEK,NEK,False,,0.0,0.0,53.0,,DSCN5079.JPG,Service,True,,,,,,
J37285,THEATRE LAWRENCE,LNI,Lawrence,NEK,Parking lot lights service Two parking lot lights out check for warranty see map lot light 3 and 4 just south of the dumpsters. Parking lot light out 3 and 4. See map call Bob Newton before arriving and after job complete,,Service or Contract Order,,Survey needed,2026-04-16,2026-06-04,,2026-06-10,,,,,,,NEK,NEK,False,,0.0,0.0,53.0,,,Service,True,,,,,,
J37332,LEGACY RESTAURANT GROUP - Wendy's #214,VB,KCMO,NEK,"Wendy's #214 Main Street emergency pole sign service EARLY MONDAY, 4/20 At Wendy's #214, 3118 Main St, KCMO, the pole sign is coming apart at the top 1) check in/out with store manager 2) reattach pieces, determine if anything needs to be replaced, if so, get photos and measurements 3) take completion photos",,Service or Contract Order,,Survey needed,2026-04-17,2026-06-05,,2026-06-11,,,,,,,NEK,NEK,False,,0.0,0.0,52.0,,,Service,True,,,,,,
J37334,DOBSKI & ASSOCIATES - McDonald's,VB,Lawrence,NEK,"McDonald's Lawrence Turnpike service pole signs For the McDonald’s Lawrence Turnpike restaurant: 1) the west side of the west pole sign is missing a formed plastic “D” and the customer has looked for it on the ground 2) the customer provided two sizes of the “D” from older signs 3) install one of the faces 4) if neither fits, measure the opening carefully and take photos 5) while there, the owner wants to check the lighting in both pole signs and clean the faces 6) take completion photos",,Service or Contract Order,,Survey needed,2026-04-17,2026-06-05,,2026-06-11,,,,,,,NEK,NEK,False,,0.0,0.0,52.0,,,Service,True,,,,,,
J37357,LEGACY RESTAURANT GROUP - Wendy's #103,VB,Topeka,NEK,"Wendy's #103 repair parking lot light At Wendy's #103, SW Topeka Blvd: 1) check in/out with manager on duty 2) one parking lot light is reported out 3) while there, check & repair any other lighting needs 4) take completion photos",,Service or Contract Order,,Survey needed,2026-04-21,2026-06-09,,2026-06-15,,,,,,,NEK,NEK,False,,0.0,0.0,48.0,,,Service,True,,,,,,
J37386,Community Financial,CC,Wichita,WK,"Repair outages on three oval wall signs border neon Repair border tube neon on three oval wall signs. While on site, get a survey, pattern for the oval wall sign face that looks bad so I can get a proposal to them to replace with new face under a separate order. Check in and out by calling 516-500-7776. Follow prompts: PIN# 338224. WO# 341668448.",,Service or Contract Order,05.01.26 Found 7 bad units. Took to Wholesale Neon for repair RK,Survey needed,2026-04-21,2026-06-09,,2026-06-15,,,,,20104,,WK,WK,False,,0.0,0.0,48.0,,"image003 (1).jpg, image002 (1).jpg",Service,True,,,,,,
J37394,EQUITY BANK,DW,Park City,WK,Ironstone Site Sign Removal Remove site sign and take back to Wichita Lumineo shop.,,Service or Contract Order,,Survey needed,2026-04-22,2026-06-10,,2026-06-16,,,,,,,WK,WK,False,,0.0,0.0,47.0,,,Service,True,,,,,,
J37415,BRAUM'S,NH,"Guymon, OK",WK,"B neon out, exerior (Guymon) Customer reports that the 'B' in 'BRAUM's is out on the building exterior. Check and repair as needed. *ACCOUNTING: ONCE WE HAVE THE FINAL TALLY, EMAIL NATHAN, SO HE CAN CALL THE HELP DESK TO GET APPROVAL FOR EXCEEDING $500. (PO #04230076)",,Service or Contract Order,,Survey needed,2026-04-23,2026-06-11,,2026-06-17,,,,,,,WK,WK,False,,0.0,0.0,46.0,,,Service,True,,,,,,
J37406,Benchmark Real Estate Group,CC,Derby,WK,Repair outages in multi tenant pylon sign Customer is reporting that the multi tenant sign is partially out. Repair lighting as needed.,,Service or Contract Order,STR 04.30 0718,Survey needed,2026-04-23,2026-06-11,,2026-06-17,,,,,,,WK,WK,False,,0.0,0.0,46.0,,,Service,True,,,,,,
J37382,Koi Ramen,AS,Hutchinson,WK,"T/m: customer reports neon is not working, diagnose and repair neon",,Service or Contract Order,,Survey needed,2026-04-24,2026-06-12,,2026-06-18,,,,,,,WK,WK,False,,0.0,0.0,45.0,,,Service,True,,,,,,
J31942,KANSAS STATE BANK,LNI,Ottawa,NEK,"Kansas State Bank Service Per Customer: "" the back light that illuminates the Kansas State Bank white lettering on our South Ottawa Branch does not seem to be working"" Contact is Eric 785-242-3600",,Service or Contract Order,,Survey needed,2026-04-28,2026-06-16,,2026-06-22,,,,,,,NEK,NEK,False,,0.0,0.0,41.0,,,Service,True,,,,,,
J37477,EVERGREEN MOTEL & RV PARK,NH,Pratt,WK,"neon border out (top) Customer reports that the green border neon at the top side reveal is out. (Bottom reveal neon is okay, along with all internal lighting). Check and repair as needed. (Leased pylon cabinet).",,Service or Contract Order,,Survey needed,2026-04-28,2026-06-16,,2026-06-22,,,,,,,WK,WK,False,,0.0,0.0,41.0,,,Service,True,,,,,,
J37502,City of Derby,DW,Wichita,WK,Decarsky Park Sign Service Light column on still not lighting properly.,,Service or Contract Order,"STR 04.30 0710 05.18.26 Follow up email sent to DW,KH. HA 05.11.26 Found that the Bitro LED individual modules are starting to fail. Inconsistent colors in the same stand & across individual stands and the controller cant control the output colors of the RGB. Controller goes into fault mode and & pauses the sequence. Customer wants just green LED's wants quote to replace to green only LED's",Survey needed,2026-04-29,2026-06-17,,2026-06-23,,,,,,,WK,WK,False,,0.0,0.0,40.0,,"IMG_3619.jpeg, IMG_3618.jpeg, IMG_5875.jpeg",Service,True,,,,,,
J37508,AZ US STORE MAINTENANCE (AUTOZONE PARTS INC),VB,Salina,WK,"AutoZone #1615 Salina repair damage to building neon At AutoZone #1615 in Salina: TAKE BEFORE & AFTER PHOTOS 1) check in/out with store manager 2) there is broken neon hanging over the entrance door, remove unit for replacement 3) while there, verify there is no damage to other neon or signage 4) upon return, check in/out with manager and complete repairs",,Service or Contract Order,05.14.26 found 12 units of neon broken. JS 05.14.26 sent in 12 units for repair. HA,Survey needed,2026-04-29,2026-06-17,,2026-06-23,,,,,,,WK,WK,False,,0.0,0.0,40.0,,,Service,True,,,,,,
J37520,EQUITY BANK,DW,"Kirksville, MO",NEK,Kirksville Medical Center ATM Repair Remove entire topper from ATM and bring back to Hutchinson shop to access damages and make repairs.,,Service or Contract Order,,Survey needed,2026-04-29,2026-06-17,,2026-06-23,,,,,,,NEK,NEK,False,,0.0,0.0,40.0,,,Service,True,,,,,,
J37524,GOPPERT STATE SERVICE BANK,SP,Ottawa,NEK,"N/C SERVICE CALL TO CHANGE WATCHFIRE T&T CLOCK SETTING TO STD TIME (NOT MILITARY) N/C SERVICE CALL TO CHANGE WF T&T CLOCK ( Visit approved by Justin F at Lumineo ) - Visit Ottawa bank location and change the time setting on the Watchfire T&T to make it read as standard time, not military time like it is presently set at. Bank has reset it themselves and the last time couldn't get it to switch to standard time. SEE PROVIDED PIC UPLOADED IN BC. ** Please pop into the bank when arriving and let Zach know you are onsite to reset the clock. Please let Zach know when you are done and if you were able to get it changed. Also please update Shelly after your visit to know if it got resolved or not. **",,Service or Contract Order,,Survey needed,2026-04-30,2026-06-18,,2026-06-24,,,,,,,NEK,NEK,False,,0.0,0.0,39.0,,,Service,True,,,,,,
J37540,Chiropractic Wellness Center,DP,Salina,WK,Survey EMC for Damage Customer is reporting modules out on multiple panels due to storm damage. Visit and diagnose and determine broken louvers and/or LEDs.,,Service or Contract Order,05.05.26 found hail damage to louvers (50 of 50) photos emailed to watchfire. watchfire also found 3 bad modules. quote requested and waiting approval. JS,Survey needed,2026-04-30,2026-06-18,,2026-06-24,,,,,,,WK,WK,False,,0.0,0.0,39.0,,,Service,True,,,,,,
J37563,AZ US STORE MAINTENANCE (AUTOZONE PARTS INC),CC,Newton,WK,Repair neon at the Newton AutoZone,,Service or Contract Order,printed,Survey needed,2026-05-01,2026-06-19,,2026-06-25,,,,,,,WK,WK,False,,0.0,0.0,38.0,,,Service,True,,,,,,
J37558,Community National Bank and Trust,CC,El Dorado,WK,"Repair outages in neon tube at the top of pylon sign, west side of sign, along with the outage in the CNB logo on ID cabinet.",,Service or Contract Order,printed,Survey needed,2026-05-01,2026-06-19,,2026-06-25,,,,,,,WK,WK,False,,0.0,0.0,38.0,,,Service,True,,,,,,
J37480,FIDELITY BANK,CC,Wichita,WK,Repair damage to bottom secion of pylon FB E Harry,,Service or Contract Order,,Survey needed,2026-05-01,2026-06-19,,2026-06-25,,,,,,,WK,WK,False,,0.0,0.0,38.0,,"1000009380.jpg, 1000009379.jpg",In Process,True,,,,,,
J37555,"SPANGLES, INC",VB,Topeka,NEK,"At Spangles #21, Wanamaker: 1) check in/out with manager on duty 2) blue border neon is out on the NW corner 3) blue border neon at the top of the building is out on the north side 4) while there, check all signs & lighting (except parking lot lights), if goosenecks are needed, use customer's stock 5) take completion photos",,Service or Contract Order,,Survey needed,2026-05-01,2026-06-19,,2026-06-25,,,,,,,NEK,NEK,False,,0.0,0.0,38.0,,,Service,True,,,,,,
J37570,"AGI ARCHITECTURAL GRAPHICS, INC",DP,Salina,WK,"NTE $600.00. Customer reports that ""STOP"" part of wall sign is out. Visit and repair. If repair will exceed NTE, contact Shalomar Aimes @ (865) 394-2822 for approval. Sign-off form must be signed/approved/stamped by the store manager on duty upon completion of project. Completion photos required.",,Service or Contract Order,printed / cancel,Survey needed,2026-05-04,2026-06-22,,2026-06-28,,,,,,,WK,WK,False,,0.0,0.0,35.0,,,Service,True,,,,,,
J37594,THE OTHER PLACE,QT,Olathe,NEK,"The west facing sign has some outages, see attached photo. Please check and repair.",,Service or Contract Order,,Survey needed,2026-05-05,2026-06-23,,2026-06-29,,,,,,,NEK,NEK,False,,0.0,0.0,34.0,,,Service,True,,,,,,
J37596,Community National Bank and Trust,CC,Benton,WK,"Repair the border neon tube at the top of the pylon sign that wraps around the top ornament, as well as the CNB trim capped logo that isn't lighting on the pylon ID cabinet.",,Service or Contract Order,printed,Survey needed,2026-05-05,2026-06-23,,2026-06-29,,,,,,,WK,WK,False,,0.0,0.0,34.0,,,Service,True,,,,,,
J37592,Community Choice Financial,CC,Salina,WK,Repair damage to lighting and signs due to hail storm,,Service or Contract Order,printed 05.14.26 found 4 units of neon bad sent in for repairs. HA Other signs are in bad shape. JS,Survey needed,2026-05-05,2026-06-23,,2026-06-29,,,,,,,WK,WK,False,,0.0,0.0,34.0,,,Service,True,,,,,,
J37612,CHILI'S Salina,DP,Salina,WK,Customer reports hail damage to wall sign. Visit and repair as needed. Provide completion photos.,,Service or Contract Order,,Survey needed,2026-05-06,2026-06-24,,2026-06-30,,,,,,,WK,WK,False,,0.0,0.0,33.0,,,Service,True,,,,,,
J37610,Nex-Tech Wireless,DP,Salina,WK,Customer reports hail damage to wall sign. Visit and repair as needed. Provide completion photos.,,Service or Contract Order,,Survey needed,2026-05-06,2026-06-24,,2026-06-30,,,,,,,WK,WK,False,,0.0,0.0,33.0,,,Service,True,,,,,,
J37660,Andrade Auto Exchange,NH,Liberal,WK,"Neon channel letters are partially out on the east face of the pylon. Check and repair as needed. Also, they have approximately (15) lot light fixtures out. They've been updating these to LED corn cobs as bulbs burn out. Customer will have these on site, and while we have a bucket truck on site, would like us to swap out as needed.",,Service or Contract Order,,Survey needed,2026-05-08,2026-06-26,,2026-07-02,,,,,,,WK,WK,False,,0.0,0.0,31.0,,,Service,True,,,,,,
J37641,FIRST PRESBYTERIAN CHURCH,VB,Topeka,NEK,First Presbyterian Church repair north side of message center,,Service or Contract Order,,Survey needed,2026-05-08,2026-06-26,,2026-07-02,,,,,,,NEK,NEK,False,,0.0,0.0,31.0,,,Service,True,,,,,,
J37651,Phi Kappa Tau - Lawrence,LNI,Lawrence,NEK,Survey site for truck access to install new halo lit channel letters / logo.,,Service or Contract Order,,Survey needed,2026-05-08,2026-06-26,,2026-07-02,,,,,,,NEK,NEK,False,,0.0,0.0,31.0,,,Service,True,,,,,,
J37669,HEARTLAND CREDIT UNION,CC,Hutchinson,WK,Diagnose and repair issues with Watchfire display,,Service or Contract Order,,Survey needed,2026-05-11,2026-06-29,,2026-07-05,,,,,,,WK,WK,False,,0.0,0.0,28.0,,,Service,True,,,,,,
J37536,CITY OF SALINA PARKS & RECREATION DEPT.,DP,Salina,WK,Customer reports 16mm modules outage in 9' x 16' EMC signage. Watchfire reports 4 modules needing replaced. Visit and repair as needed. Contact Watchfire when on site for calibration.,,Service or Contract Order,,Survey needed,2026-05-12,2026-06-30,,2026-07-06,,,,,,,WK,WK,False,,0.0,0.0,27.0,,,Service,True,,,,,,
J37687,LEGACY RESTAURANT GROUP (Wendy's #412),VB,Kansas City,NEK,"Wendy's #142 State Ave, KCK service lighting",,Service or Contract Order,,Survey needed,2026-05-12,2026-06-30,,2026-07-06,,,,,,,NEK,NEK,False,,0.0,0.0,27.0,,,Service,True,,,,,,
J37773,Holly School District,NH,"Holly, CO",WK,"Per discussion with Cindy, (2) new modules are being shipped to our DC shop. Upon receipt, schedule a trip to the site to change out, and follow other instructions attached.",,Service or Contract Order,,Survey needed,2026-05-14,2026-07-02,,2026-07-08,,,,,,,WK,WK,False,,0.0,0.0,25.0,,,Service,True,,,,,,
J37754,CENTRAL BANK OF THE MIDWEST,JA,Lawrence,NEK,The shared monument sign on the corner of 31st and Iowa has routed aluminum cut out faces with acrylic mounted to the back. Aspen Dental the tenant on lower section of this sign has the faces coming off the back. South facing side has fallen off and is resting in the sign. The north side is coming off and hasn’t completely fallen off yet.,,Service or Contract Order,,Survey needed,2026-05-14,2026-07-02,,2026-07-08,,,,,,,NEK,NEK,False,700.0,0.0,0.0,25.0,,,Service,True,,,,,,
J37763,ZIEGLER FUNERAL CHAPEL,NH,Dodge City,WK,The module in the bottom-right corner of the south EMC face is showing up noticeably brighter than the others. The louver & position seem to be fine. Check and repair as needed. (Perhaps we can run a color-calibration test?).,,Service or Contract Order,,Survey needed,2026-05-14,2026-07-02,,2026-07-08,,,,,,,WK,WK,False,,0.0,0.0,25.0,,,Service,True,,,,,,
J37743,LEISZLER OIL COMPANY (Short Stop #1),VB,Clay Center,NEK,Short Stop #1 Clay Center gold package repairs to message center,,Service or Contract Order,,Survey needed,2026-05-14,2026-07-02,,2026-07-08,,,,,,,NEK,NEK,False,,0.0,0.0,25.0,,,Service,True,,,,,,
J37761,SAINT LUKE'S HEALTH SYSTEM,QT,Kansas City,NEK,St Luke's Plaza survey's for new signage,,Service or Contract Order,,Survey needed,2026-05-14,2026-07-02,,2026-07-08,,,,,,,NEK,NEK,False,,0.0,0.0,25.0,,,Service,True,,,,,,
J37770,Tapestry Collection,QT,Kansas City,NEK,The customer reports that the bottom part of the sign is illuminated but the neon portion at the top is no longer working. Please check and repair. Donald Davis is the director of facilities and can be reached on his cell at 816-663-2903,,Service or Contract Order,,Survey needed,2026-05-15,2026-07-03,,2026-07-09,,,,,,,NEK,NEK,False,,0.0,0.0,24.0,,,Service,True,,,,,,
J37809,COMANCHE BEVERAGE OUTLET,NH,Dodge City,WK,Customer reports the bottom points of the pylon's neon arrow out (both sides). Check and repair as needed. *MAINT CONTRACT.,,Service or Contract Order,,,2026-05-18,2026-07-06,,2026-07-12,,,,,,,WK,WK,False,,0.0,0.0,21.0,,,Service,True,,,,,,
J37823,LEGACY RESTAURANT GROUP (Wendy's),VB,Salina,WK,Wendy's #171 Riffel Rd Salina repair parking lot light,,Service or Contract Order,,,2026-05-20,2026-07-08,,2026-07-14,,,,,,,WK,WK,False,,0.0,0.0,19.0,,,Service,True,,,,,,
J37822,LEGACY RESTAURANT GROUP (Wendy's),VB,Salina,WK,Wendy's #170 Ohio St Salina service,,Service or Contract Order,,,2026-05-20,2026-07-08,,2026-07-14,,,,,,,WK,WK,False,,0.0,0.0,19.0,,,Service,True,,,,,,
J37829,FEDERAL HEATH SIGN,NH,Garden City,WK,"Metal soffit is separating/drooping under the storefront overhang. (TRACKING #350557904). The customer is okay with us simply running some screws into it, to re-secure as needed. (They understand that this won't be pretty, but they can't have it falling down, and birds getting inside). **FOLLOW HIGHLIGHTED INSTRUCTIONS FOR CHECKING INTO THEIR IVR SYSTEM UPON ARRIVAL, AND GET THE MANAGER SIGNATURE/STAMP ON THAT PAGE UPON COMPLETION. *GET COMPLETION PHOTOS TO NATHAN.",,Service or Contract Order,,,2026-05-19,2026-07-07,,2026-07-13,,,,,,,WK,WK,False,,0.0,0.0,20.0,,,Service,True,,,,,,
J37814,AZ US STORE MAINTENANCE (AUTOZONE PARTS INC),CC,Wichita,WK,"Repair broken unit of neon in the ""Z"" on front of building",,Service or Contract Order,,,2026-05-19,2026-07-07,,2026-07-13,,,,,,,WK,WK,False,,0.0,0.0,20.0,,,Service,True,,,,,,
J37849,"ROTTINGHAUS COMPANY, INC",DP,Russell,WK,"Customer reports that there are lighting outages with awning and cabinet on the pole sign. Visit and repair as needed. Pole sign electrical box has damage and may need electrician to repair, test lighting and report back if customer needs to contact electrician.",,Service or Contract Order,,,2026-05-20,2026-07-08,,2026-07-14,,,,,,,WK,WK,False,,0.0,0.0,19.0,,,Service,True,,,,,,
J37869,CITIZENS STATE BANK,NH,Hugoton,WK,A module/partial row have gone out on the west face of the EMC. Check and repair as needed. (EMC is no longer under warranty. The bank sponsor has agreed to cover repair costs for the school).,,Service or Contract Order,,,2026-05-21,2026-07-09,,2026-07-15,,,,,,,WK,WK,False,,0.0,0.0,18.0,,,Service,True,,,,,,
J37859,WESLEY MEDICAL CENTER,DW,Wichita,WK,Southeast facing board has outage.,,Service or Contract Order,,,2026-05-21,2026-07-09,,2026-07-15,,,,,,,WK,WK,False,,0.0,0.0,18.0,,,Service,True,,,,,,
J37847,MRV SERVICES,,,NEK,MRV Wanamaker (21st & Wanamaker) service pole sign,,Service or Contract Order,,,2026-05-21,2026-07-09,,2026-07-15,,,,,,,NEK,NEK,False,,0.0,0.0,18.0,,,Service,True,,,,,,
J37881,Hutton Salina,DP,Bushton,WK,N/C for Straightening Letters,,Service or Contract Order,,Survey needed,2026-05-22,2026-07-10,,2026-07-16,,,,,,,WK,WK,False,,0.0,0.0,17.0,,,Service,True,,,,,,
J37880,Vargas Restaurant,NH,Liberal,WK,pylon + raceway svc.,,Service or Contract Order,,Survey needed,2026-05-22,2026-07-10,,2026-07-16,,,,,,,WK,WK,False,,0.0,0.0,17.0,,,Service,True,,,,,,
J37858,FIRST NATIONAL BANK OF LOUISBURG,SP,Louisburg,NEK,WF EMC SERVICE (BOTH SIDES),,Service or Contract Order,,Survey needed,2026-05-22,2026-07-10,,2026-07-16,,,,,,,NEK,NEK,False,,0.0,0.0,17.0,,,Service,True,,,,,,
J37918,AZ US STORE MAINTENANCE (AUTOZONE PARTS INC),CC,Wichita,WK,Repair broken neon on front of building,,Service or Contract Order,,Survey needed,2026-05-26,2026-07-14,,2026-07-20,,,,,,,WK,WK,False,,0.0,0.0,13.0,,,Service,True,,,,,,
J37916,EMPRISE BANK,CC,ElDorado,WK,Repair outage in letter M over entrance on west side,,Service or Contract Order,,Survey needed,2026-05-26,2026-07-14,,2026-07-20,,,,,,,WK,WK,False,,0.0,0.0,13.0,,,Service,True,,,,,,
J37900,AZ US STORE MAINTENANCE (AUTOZONE PARTS INC),CC,Wichita,WK,Repair broken neon on west side of building,,Service or Contract Order,,Survey needed,2026-05-26,2026-07-14,,2026-07-20,,,,,,,WK,WK,False,,0.0,0.0,13.0,,,Service,True,,,,,,
J37896,Pestinger Heating & Air,DP,Salina,WK,Storm damage,,Service or Contract Order,,Survey needed,2026-05-26,2026-07-14,,2026-07-20,,,,,,,WK,WK,False,,0.0,0.0,13.0,,,Service,True,,,,,,
J37744,"SAYLOR INSURANCE SERVICE, INC.",VB,Sabetha,NEK,Saylor Insurance Sabetha gold package service to message center,,Service or Contract Order,,Survey needed,2026-05-26,2026-07-14,,2026-07-20,,,,,,,NEK,NEK,False,,0.0,0.0,13.0,,,Service,True,,,,,,
J37875,KD FAMILY MANAGEMENT,VB,Topeka,NEK,McDonald's #17628 29th & Wanamaker top of pole sign arch is out,,Service or Contract Order,,Survey needed,2026-05-26,2026-07-14,,2026-07-20,,,,,,,NEK,NEK,False,,0.0,0.0,13.0,,,Service,True,,,,,,
J37876,COREFIRST BANK & TRUST,VB,Topeka,NEK,CoreFirst Bank North Plaza repair message center,,Service or Contract Order,,Survey needed,2026-05-26,2026-07-14,,2026-07-20,,,,,,,NEK,NEK,False,,0.0,0.0,13.0,,,Service,True,,,,,,
J37955,HUTCHINSON COMMUNITY COLLEGE,AS,Hutchinson,WK,"N/C: customer reports pc has gone bad, Watchfire is sending pc under and warranty and return old pc",,Service or Contract Order,,Survey needed,2026-05-27,2026-07-15,,2026-07-21,,,,,,,WK,WK,False,,0.0,0.0,12.0,,,Service,True,,,,,,
J37930,Farm Bureau Financial Services,NH,Greensburg,WK,monument svc,,Service or Contract Order,,Survey needed,2026-05-27,2026-07-15,,2026-07-21,,,,,,,WK,WK,False,,0.0,0.0,12.0,,,Service,True,,,,,,
J37969,Universal Signs,NH,Dodge City,WK,night photos (by NH),,Service or Contract Order,,,2026-05-28,2026-07-16,,2026-07-22,,,,,,,WK,WK,False,,0.0,0.0,11.0,,,Service,True,,,,,,
J37968,Universal Signs,NH,Dodge City,WK,J trimcap face repair,,Service or Contract Order,,,2026-05-28,2026-07-16,,2026-07-22,,,,,,,WK,WK,False,,0.0,0.0,11.0,,,Service,True,,,,,,
J37985,Red Rock Canyon,CC,Wichita,WK,Repair outages in neon sign above entrance,,Service or Contract Order,,,2026-05-29,2026-07-17,,2026-07-23,,,,,,,WK,WK,False,,0.0,0.0,10.0,,,Service,True,,,,,,
J38025,HUTCHINSON ART CENTER,AS,Hutchinson,WK,"Service on or after 6/8/26: Customer reports letters on ""CENTER"" on the East (Washington St) elevation is having some illumination issues. I am not 100% sure if it is the front illumination or the rear RGB illumination that is not working correctly. Please diagnose and fix issue.",,Service or Contract Order,,,2026-06-01,2026-07-20,,2026-07-26,,,,,,,WK,WK,False,,0.0,0.0,7.0,,,Service,True,,,,,,
J38000,Newport Grill,CC,Wichita,WK,Repair outages in STEAKS reading on building,,Service or Contract Order,,,2026-06-01,2026-07-20,,2026-07-26,,,,,,,WK,WK,False,,0.0,0.0,7.0,,,Service,True,,,,,,
J37998,PEOPLES BANK & TRUST,CC,Great Bend,WK,Repair outages in the Watchfire display in Great Bend PBT,,Service or Contract Order,,,2026-06-01,2026-07-20,,2026-07-26,,,,,,,WK,WK,False,,0.0,0.0,7.0,,,Service,True,,,,,,
J38044,Identiti Resources,NH,Dodge City,WK,"Customer reports that the interior storefront sign is out. Check in per the IVR/Identiti requirements on the highlighted PO. Make repairs as needed. *IF REPAIRS WILL EXCEED $400, CALL ROBIN WILLIAMS @ 847-238-8412 FOR APPROVAL. Get completion photos, and complete the attached Sign-off sheet.",,Service or Contract Order,,,2026-06-02,2026-07-21,,2026-07-27,,,,,,,WK,WK,False,,0.0,0.0,6.0,,,Service,True,,,,,,
J38028,B33 WEST RIDGE PLAZA LLC,VB,Topeka,NEK,B33 West Ridge Plaza lift DL Smith for parking lot light repair,,Service or Contract Order,,,2026-06-02,2026-07-21,,2026-07-27,,,,,,,NEK,NEK,False,,0.0,0.0,6.0,,,Service,True,,,,,,
J37996,"SPANGLES, INC",VB,Topeka,NEK,Spangles #23 repair monument sign,,Service or Contract Order,,,2026-06-02,2026-07-21,,2026-07-27,,,,,,,NEK,NEK,False,,0.0,0.0,6.0,,,Service,True,,,,,,
J38024,ROCK CREEK MARINA AND RESORT,VB,Ozawkie,NEK,Rock Creek Marina replace faux LED parts so that the sign dims properly,,Service or Contract Order,,,2026-06-02,2026-07-21,,2026-07-27,,,,,,,NEK,NEK,False,,0.0,0.0,6.0,,,Service,True,,,,,,
J38034,WICHITA BASEBALL LLC,CC,Wichita,WK,"Repair outage in the letter ""U"" at the top of scoreboard",,Service or Contract Order,,,2026-06-02,2026-07-21,,2026-07-27,,,,,,,WK,WK,False,,0.0,0.0,6.0,,,Service,True,,,,,,
J38064,McCallson Tax & Accounting,DP,Salina,WK,NC: On newly installed round projecting sign. Faces appear to not look level in sign. On next trip to Salina the customer would like to see if we could straighten the faces in the cabinet - both sides.,,Service or Contract Order,,,2026-06-03,2026-07-22,,2026-07-28,,,,,,,WK,WK,False,,0.0,0.0,5.0,,"1000025832.jpg, 1000025833.jpg",Service,True,,,,,,
J38054,SAINT LUKE'S HEALTH SYSTEM,QT,Overland Park,NEK,"The letters ""osp"" are out in hospital on the west side of the MOB building. Please check and repair.",,Service or Contract Order,,,2026-06-03,2026-07-22,,2026-07-28,,,,,,,NEK,NEK,False,,0.0,0.0,5.0,,,Service,True,,,,,,
J38076,Ken's Pizza,AS,Hutchinson,WK,"T/M: Service: Customer reports some neon is out on pizza sign on front of building, please diagnose and fix",,Service or Contract Order,,,2026-06-04,2026-07-23,,2026-07-29,,,,,,,WK,WK,False,,0.0,0.0,4.0,,,Service,True,,,,,,
J38070,NKC Health,QT,North Kansas City,NEK,NKC punchlist items,,Service or Contract Order,,,2026-06-04,2026-07-23,,2026-07-29,,,,,,,NEK,NEK,False,,0.0,0.0,4.0,,,Service,True,,,,,,
J38067,Dollar Tree #3374,VB,Topeka,NEK,Dollar Tree #3374 service channel letters,,Service or Contract Order,,,2026-06-05,2026-07-24,,2026-07-30,,,,,,,NEK,NEK,False,,0.0,0.0,3.0,,,Service,True,,,,,,
J38085,TB OF AMERICA,VB,Topeka,NEK,Taco Bell #4120 Wanamaker repair clearance bar,,Service or Contract Order,,,2026-06-05,2026-07-24,,2026-07-30,,,,,,,NEK,NEK,False,,0.0,0.0,3.0,,,Service,True,,,,,,
J28498,/ Boulevard Theatres,DW,Wichita,WK,Boulevard Theatre recently acquired the old town Warren property and trying to get digital signs operational. They called Watchfire and were told they needed a fiber router box and the ticket number is 869478. Please order part and schedule service call once part arrives.,,Service - Hold,"part is here, sent with Ray/more parts needed, working with customer/Watchfire",Survey needed,2024-12-06,2025-01-24,,2025-01-30,,,,,,,WK,WK,False,,0.0,0.0,549.0,,,Service Hold,True,,,,,,
J28861,A & M Management - Deano's,DW,Wichita,WK,Deano's Tenant Face Damage Bring back tenant panel to shop and access damage.,,Service - Hold,trip made/order in Dustin's office,Survey needed,2025-01-02,2025-02-20,,2025-02-26,,,,,,,WK,WK,False,,0.0,0.0,522.0,,,Service Hold,True,,,,,,
J28271,/ MORTON BUILDINGS,DW,"Spencer, IA",WK,"Survey large logo to create refurb quote. Get all info for repainting, new graphics, and lighting components.",,Morton - National,,Survey needed,2024-11-19,2025-01-07,,2025-01-13,,,,,,,Sub,Sub-Installer,False,,0.0,0.0,566.0,,,National In Process,True,,,,,,
J28523,/ MORTON BUILDINGS,DW,"Wooster, OH",WK,"Wooster, OH NC Survey Survey Site.",,Morton - National,,Survey needed,2024-12-09,2025-01-27,,2025-02-02,,,,,,,Sub,Sub-Installer,False,,0.0,0.0,546.0,,,National In Process,True,,,,,,
J28747,/ MORTON BUILDINGS,DW,Winfield,WK,"Winfield, KS NC Survey Survey site. Survey pylon sign and get lighting info, cut sizes, VO, retainer size, depth of cabinet, Overall size of cabinet, pole info, and any plate mount details. Measure front door glass VO. Take straight on photo of pylon sign and front door glass. This is a pan face cabinet so we will most likely furnish a new flex face cabinet for this location.",,Morton - National,scanned details to Kevin. (Mike),Survey needed,2024-12-20,2025-02-07,,2025-02-13,,,,,,,Sub,Sub-Installer,False,,0.0,0.0,535.0,,,National In Process,True,,,,,,
J28946,MORTON BUILDINGS,DW,"Scottsbluff, NE",WK,Scottsbluff NE NC Survey Survey Site,,Morton - National,,Survey needed,2025-01-08,2025-02-26,,2025-03-04,,,,,,,Sub,Sub-Installer,False,,0.0,0.0,516.0,,,National In Process,True,,,,,,
J28944,MORTON BUILDINGS,DW,"Meadville, PA",WK,Meadville PA NC Survey Survey Site.,,Morton- Hold,,Survey needed,2025-01-08,2025-02-26,,2025-03-04,,,2025-03-20,,,,Sub,Sub-Installer,False,,0.0,0.0,516.0,,,Completed,False,,,,,,
J28941,MORTON BUILDINGS,DW,"Caldwell, OH",WK,Caldwell OH NC Survey Survey Site.,,Morton- Hold,,Survey needed,2025-01-08,2025-02-26,,2025-03-04,,,2025-04-03,,,,Sub,Sub-Installer,False,,0.0,0.0,516.0,,,Completed,False,,,,,,
J28943,MORTON BUILDINGS,DW,"Grafton, ND",WK,Grafton ND NC Survey Survey Site.,,Morton- Hold,,Survey needed,2025-01-08,2025-02-26,,2025-03-04,,,2025-03-20,,,,Sub,Sub-Installer,False,,0.0,0.0,516.0,,,Completed,False,,,,,,
J28942,MORTON BUILDINGS,DW,"Kalkaska, MI",WK,Kalkaska MI NC Survey Survey Site.,,Morton- Hold,,Survey needed,2025-01-08,2025-02-26,,2025-03-04,,,2025-02-12,,,,Sub,Sub-Installer,False,,0.0,0.0,516.0,,,Completed,False,,,,,,
J30193,MORTON BUILDINGS,DW,"Morgan, MN",WK,Minnesota Farmfest NC Survey,,Morton- Hold,,Survey needed,2025-03-19,2025-05-07,,2025-05-13,,,2025-04-01,,,,Sub,Sub-Installer,False,,0.0,0.0,446.0,,,Completed,False,,,,,,
J30300,MORTON BUILDINGS,DW,"Mt. Pleasant, PA",WK,Survey Pylon Sign.,,Morton- Hold,,Survey needed,2025-03-26,2025-05-14,,2025-05-20,,,2025-05-08,,,,Sub,Sub-Installer,False,,0.0,0.0,439.0,,,Completed,False,,,,,,
J27956,/ LUMINOUS NEON LLC,LNI,Hutchinson,WK,Labor and materials for removal and application of fleet truck vinyl at all locations.,,LNI House Order,need lines in order,Survey needed,2024-11-08,2024-12-27,,2025-01-02,,,,,,,HOUSE,HOUSE,False,,0.0,0.0,577.0,,,LNI House,True,,,,,,
J28886,LUMINOUS NEON LLC,LNI,Hutchinson,WK,"Move racks, materials and truck equipment Move racks, materials and truck equipment from warehouse 2 to warehouse 3.",,LNI House Order,https://docs.google.com/spreadsheets/d/1-o_YxY9mPsGBClExI8tXujx3jy4DMRIwfzxbTKEEkfw/edit?gid=541966195#gid=541966195,Survey needed,2025-01-03,2025-02-21,,2025-02-27,,,,,,,HOUSE,HOUSE,False,,0.0,0.0,521.0,,,LNI House,True,,,,,,
J34187,MERITRUST CREDIT UNION,CC,"Louisville, CO",WK,"New vinyl applications Louisville branch Furnish and install a new set of door hours and drive thru vinyl applications, along with an ""M"" wall graphic inside building. Reference design CC-J34187. Ship product to: DaVinci Sign Systems 4496 Bents Drive, Unit A Windsor, CO 80550",,Subcontracted,No door vinyl,Survey needed,2025-11-26,2026-01-14,,2026-01-20,,,,GREGORY,19214,RECEIVED,WK,Sub-Installer,False,2691.05,0.0,0.0,194.0,,J34187 Meritrust Credit Union_Vinyl readings and logo.pdf,Sub In Process,True,,,,,,
J34186,MERITRUST CREDIT UNION,CC,"Louisville, CO",WK,"Interior Logo for Louisville Branch Furnish and install new set of 1/4"" thick routed aluminum letters with a black anodized finish for back of teller line in main lobby area. Letters to stud mount to wall in place of the existing sign. Proposal is based on existing sign being removed by others and wall repaired and painted prior to install of the new set of letters. Reference design CC-J34186. Product to Ship to: DaVinci Sign Systems 4496 Bents Drive, Unit A Windsor, CO 80550",,Subcontracted,DaVinci Received 12/16/25,Survey needed,2025-11-26,2026-01-14,,2026-01-20,,,,GEMINI,19078,RECEIVED,WK,Sub-Installer,False,3383.89,0.0,0.0,194.0,,J34186 Meritrust Credit Union_Louisville Int FCO.pdf,Sub In Process,True,,,,,,
J34094,MERITRUST CREDIT UNION,CC,"Westminster, CO",WK,"Various Vinyl Applications Westminster 120th Remove existing door hours vinyl. Furnish and install a new set of door hour vinyl and two interior vinyl ""M"" wall graphics per design CC-J34094. Ship product to: DaVinci Sign Systems 4496 Bents Dr - Unit A Windsor, CO 80550",,Subcontracted,No door vinyl,Survey needed,2025-12-03,2026-01-21,,2026-01-27,,,,GREGORY,19214,RECEIVED,WK,Sub-Installer,False,3631.41,0.0,0.0,187.0,,J34094 Meritrust Credit Union_Vinyl graphics.pdf,Sub In Process,True,,,,,,
J34090,MERITRUST CREDIT UNION,CC,"Westminster, CO",WK,"New illum letters for ATM machine Westminster 120th Furnish and install one set of 8"" (H), internally illuminated letters reading ATM that will be placed over the exterior ATM machine. Letters to have white trim less acrylic faces, and black returns. Driver will need to be mounted remotely behind the wall. 120V service to the driver will need to be provided by licensed electrician. Reference design CC-J34090. Ship product to: DaVinci Sign Systems 4496 Bents Dr - Unit A Windsor, CO 80550",,Subcontracted,Delivered 1/16 shipping to DaVinci Signs / https://www.ups.com/track?tracknum=1Z3V76E70320692517&loc=en_US&requester=ST/trackdetails,Survey needed,2025-12-03,2026-01-21,,2026-01-27,,,,GEMINI,19171,RECEIVED,WK,Sub-Installer,False,4910.37,0.0,0.0,187.0,,J34090 Meritrust Credit Union_ATM Trimless.pdf,Sub In Process,True,,,,,,
J34089,MERITRUST CREDIT UNION,CC,"Westminster, CO",WK,"New channel letters on wireways for Westminster 120th Remove the existing letter sets from the front and rear elevations, and replace with two new, internally illuminated channel letter sets mounted on wireways. Once existing wireways are down, seal any exposed mounting holes. Reference design CC-J34089. Wireways to be painted to match wall surface. Proposal subject to city approval. Permit fees to be invoiced as a separate line item on final billing.",,Subcontracted,Delivering to DaVinci,Survey needed,2025-12-03,2026-01-21,,2026-01-27,,,,AI Innovations,19329,SHIPPING,WK,Sub-Installer,False,20241.49,0.0,0.0,187.0,,J34089 Meritrust Credit Union_New letters on wireways Westminster.pdf,Sub In Process,True,,,,,,
J34399,MERITRUST CREDIT UNION,CC,"Erie, CO",WK,"Interior FCO logo for Erie branch Furnish and install a new set of 1/4"" thick, routed aluminum letters for interior wall. Letters to stud mount to wall, and will have a black anodized finish. Reference design CC-J34399. Proposal is based on the existing letters being removed by others, and wall repaired prior to install of the new letters. Have product shipped to: DaVinci Sign Systems 4496 Bents Drive, Unit A Windsor, CO 80550",,Subcontracted,DaVinci Received 1/7/26,Survey needed,2025-12-09,2026-01-27,,2026-02-02,,,,GEMINI,19174,RECEIVED,WK,Sub-Installer,False,3616.17,0.0,0.0,181.0,,J34399 Meritrust Credit Union_Int FCO logo.pdf,Sub In Process,True,,,,,,
J34401,MERITRUST CREDIT UNION,CC,"Erie, CO",WK,"Vinyl applications for Erie branch Furnish and install two large vinyl ""M"" logo graphic applications on interior walls per design CC-J34401. NOTE: The hours door vinyl shown on the sketch is not apart of this proposal and is to be supplied and installed by others. Ship to: DaVinci Sign Systems 4496 Bents Drive, Unit A Windsor, CO 80550 Mark package for job location",,Subcontracted,,Survey needed,2025-12-09,2026-01-27,,2026-02-02,,,,GREGORY,19214,RECEIVED,WK,Sub-Installer,False,2867.48,0.0,0.0,181.0,,J34401 Meritrust Credit Union_Multiple vinyl applications.pdf,Sub In Process,True,,,,,,
J34398,MERITRUST CREDIT UNION,CC,"Erie, CO",WK,"Two sets of internally illuminated letter sets Erie Co Remove the two existing sets of building signs, disposed of off site, and seal exposed mounting holes. Furnish and install two sets of internally illuminated logo and letter sets per design CC-J34398. NOTE: The SM will be eliminated. Letters to be internally illuminated with trim capped faces decorated with translucent vinyl.. Drivers will install behind wall on each elevation. Proposal subject to local authority approval and securing permit. Have product shipped to: DaVinci Sign Systems 4496 Bents Drive, Unit A Windsor, CO Have shipper label for job site location",,Subcontracted,off hold 4/14/26 / delivered to DaVinci 5/7/26,Survey needed,2025-12-09,2026-01-27,,2026-02-02,,,,AI Innovations,20002,RECEIVED,WK,Sub-Installer,False,23135.85,0.0,0.0,181.0,,J34398 Meritrust Credit Union_2 Sets of IL channel letters.pdf,Sub In Process,True,,,,,,
J34400,MERITRUST CREDIT UNION,CC,"Erie, CO",WK,"New Alum Overlay onto existing P/P sign Erie branch Furnish and install a 2' (H) x 2' 4"" (W), painted flat aluminum overlay panel onto existing single faced post and panel directional sign. New overlay panel to be decorated with vinyl graphics, per design CC-J34400. Ship to: DaVinci Sign Systems 4496 Bents Drive, Unit A Windsor, CO 80550 *Mark package for job location",,Subcontracted,,Survey needed,2025-12-09,2026-01-27,,2026-02-02,,,,,,,WK,Sub-Installer,False,1302.27,,0.0,181.0,,J34400 Meritrust Credit Union_New Alum Overlay.pdf,Sub In Process,True,Hutch,,,,,done
J34106,MERITRUST CREDIT UNION,CC,"Centennial, CO",WK,"Interior FCO logo for Centennial Branch Furnish and install a new set of 1/4"" machine routed logo and letters for the interior teller wall. Reference design CC-J34106. Letters to stud mount flush to wall surface. Proposal is based on having the existing letters removed, and wall repairs done, prior to install of new letters. Label for job location and ship product to: DaVinci Sign Systems 4496 Bents Drive - Unit A Windsor, CO 80550",,Subcontracted,shipping to DaVinci Signs / https://www.ups.com/track?tracknum=1ZW3761R0320637603&loc=en_US&requester=ST/trackdetails,Survey needed,2025-12-16,2026-02-03,,2026-02-09,,,,GEMINI,19226,RECEIVED,WK,Sub-Installer,False,3675.45,0.0,0.0,174.0,,J34106 Meritrust Credit Union_Interior FCO.pdf,Sub In Process,True,,,,,,
J34934,MERITRUST CREDIT UNION,CC,"Centennial, CO",WK,"Furnish two sets of internally illuminated channel letters for Centennial CO branch Remove the two existing sign cabinets from the exterior of the building and dispose of off-site. Fabricate and install two new sets of individually mounted, internally illuminated, channel letters with trim capped faces to replace existing cabinets. Drivers to install behind the walls. Permit to be secured and invoiced as a separate line item on final billing. Reference design CC-J34934. Label for job location and ship product to: DaVinci Sign Systems 4496 Bents Drive - Unit A Windsor, CO 80550",,Subcontracted,released 3/9/26 customer permit waiver,Survey needed,2025-12-16,2026-02-03,,2026-02-09,,,,AI Innovations,19721,RECEIVED,WK,Sub-Installer,False,20763.82,0.0,0.0,174.0,,J34934 Meritrust Credit Union_Channel letter sets 2.pdf,Sub In Process,True,,,,,,
J34108,MERITRUST CREDIT UNION,CC,"Centennial, CO",WK,"New monument sign cabinet for Centennial branch Remove and dispose of the existing monument sign cabinet from brick base, and dispose of off site. Furnish and install one internally illuminated, double faced monument sign cabinet per design CC-J34108. Cabinet to be fabricated from all aluminum materials. Cabinet painted to match PMS 1797C red. Copy will be 1/2"" clear matte acrylic that will ""push-thru"" routed openings in faces, with a second surface diffuser film applied. Cabinet will install on top of a 2"" high reveal, that will be painted to match PMS 1C Gray. Permit to be secured and invoiced as a separate line item on final billing. Label for job location and ship product to: DaVinci Sign Systems 4496 Bents Drive - Unit A Windsor, CO 80550",,Subcontracted,released 3/9/26 customer permit waiver,Survey needed,2025-12-16,2026-02-03,2026-04-14,2026-02-09,,,,,,,WK,Sub-Installer,False,19810.96,,0.0,174.0,2026-03-30,J34108 Meritrust Credit Union_New Monument sign cabinet for Centennial.pdf,Sub In Process,True,,Routing Complete,done,done,done,
J34406,MERITRUST CREDIT UNION,CC,"Boulder, CO",WK,"Various vinyl applications Gunbarrel Boulder branch Furnish and install a new interior logo vinyl wall graphic and new vinyl copy on the exterior ATM header panel. Reference design CC-J34406. NOTE: Proposal doesn't include the door hours, as that is being handled by separate vendor. Label for job location and ship product to: DaVinci Sign Systems 4496 Bents Drive - Unit A Windsor, CO 80550",,Subcontracted,,Survey needed,2025-12-16,2026-02-03,,2026-02-09,,,,GREGORY,19214,RECEIVED,WK,Sub-Installer,False,2223.76,,0.0,174.0,,J34406 Meritrust Credit Union_Multiple vinyl applications.pdf,Sub In Process,True,"Hutch,Outsourced",,,,,done
J34114,MERITRUST CREDIT UNION,CC,"Centennial, CO",WK,"New ATM cabinet for Centennial branch Remove and dispose of the existing ATM sign cabinet from the end of the drive thru canopy. Furnish and install a new internally illuminated sign cabinet with white acrylic faces, decorated with translucent vinyl. Cabinet to be painted to match PMS 1797C red. Reference design CC-J34114. Permit, if required, will be secured and permitted on final invoice. Label for job location and ship product to: DaVinci Sign Systems 4496 Bents Drive - Unit A Windsor, CO 80550",,Subcontracted,released 3/9/26 customer permit waiver,Survey needed,2025-12-16,2026-02-03,2026-04-14,2026-02-09,,,,,,,WK,Sub-Installer,True,4167.84,,0.0,174.0,2026-03-30,J34114 Meritrust Credit Union_ATM Cabinet (1).pdf,Sub In Process,True,Hutch,,done,done,done,done
J34405,MERITRUST CREDIT UNION,CC,"Boulder, CO",WK,"Interior FCO logo for Gunbarrel Boulder branch Furnish and install a new set of 1/4"" thick routed aluminum logo and letters with a black anodized finish. Letters to stud mount to wall surface, per design CC-J34405. Proposal is based on the existing logo having been removed and wall repaired prior to the installation of new letters. Label for job location and ship product to: DaVinci Sign Systems 4496 Bents Drive - Unit A Windsor, CO 80550",,Subcontracted,shipping to DaVinci Signs / https://www.ups.com/track?tracknum=1ZW3761R0320637685&loc=en_US&requester=ST/trackdetails,Survey needed,2025-12-16,2026-02-03,,2026-02-09,,,,GEMINI,19227,RECEIVED,WK,Sub-Installer,False,3964.26,0.0,0.0,174.0,,CC-J34405 Interior Logo Gunbarrel Branch.pdf,Sub In Process,True,,,,,,
J34112,MERITRUST CREDIT UNION,CC,"Centennial, CO",WK,"Various vinyl graphics for Centennial branch Furnish and install one interior logo ""M"" digitally printed wall graphic, per design CC-J34112. NOTE: Proposal doesn't included the hours and suite vinyl graphics, as those items will be taken care of by another vendor. Proposal is based on the existing vinyl graphic, in the conference room is removed, and wall is repaired/painted, prior to install of new graphic. Label for job location and ship product to: DaVinci Sign Systems 4496 Bents Drive - Unit A Windsor, CO 80550",,Subcontracted,,Survey needed,2025-12-16,2026-02-03,,2026-02-09,,,,GREGORY,19214,RECEIVED,WK,Sub-Installer,False,1965.77,,0.0,174.0,,J34112 Meritrust Credit Union_Vinyl graphics.pdf,Sub In Process,True,,,,,,done
J34008,MERITRUST CREDIT UNION,CC,"Pueblo, CO",WK,"New Printed ACM panels to replace existing on monument and entrance Remove the existing ACM panels from the brick monument sign. Furnish and install two new 5' x 10' ACM panels, with the Meritrust logo printed direct to material. Proposal also includes replacing the existing parking signs with new sign panels. Reference design CC-J34008. Permit, as required, will be invoiced as a separate line item on final billing.",,Subcontracted,,Survey needed,2025-12-16,2026-02-03,,2026-02-09,,,,GREGORY,19271,RECEIVED,WK,Sub-Installer,False,4257.96,,0.0,174.0,,J34008 Meritrust credit Union_New printed ACM panels and parking signs.pdf,Sub In Process,True,,,,,done,done
J34636,"MERITRUST CREDIT UNION (Arapahoe, Ave)",CC,"Boulder, CO",WK,"Furnish an install one set of 1/4"" thick, machine routed aluminum letters (logo), with a black anodized finish for interior lobby wall. Reference design CC-J34636. Letters to stud mount to wall.",,Subcontracted,Delivered 1/27 /shipping to Davinci Signs https://www.ups.com/track?tracknum=1ZW3761R0320639709&loc=en_US&requester=ST/trackdetails,Survey needed,2025-12-26,2026-02-13,,2026-02-19,,,,GEMINI,19278,RECEIVED,WK,Sub-Installer,False,,0.0,0.0,164.0,,document - 2025-12-31T073050.470.pdf,Sub In Process,True,,,,,,
J34826,MERITRUST CREDIT UNION,CC,"Broomfield, CO",WK,"Furnish and install a new set of 1/4"" thick, machine routed aluminum letters for interior wall of corporate building. Letters to have a black anodized finish, and will stud mount to wall, per design CC-J34826. Proposal is based on the existing letters removed and wall repaired prior to new letters being installed.",,Subcontracted,Delivered 1/16 shipping to Davinci Signs https://www.ups.com/track?tracknum=1ZW3761R0320639012&loc=en_US&requester=ST/trackdetails,Survey needed,2025-12-26,2026-02-13,,2026-02-19,,,,GEMINI,19277,RECEIVED,WK,Sub-Installer,False,,0.0,0.0,164.0,,document - 2025-12-31T072253.531.pdf,Sub In Process,True,,,,,,
J34634,MERITRUST CREDIT UNION,CC,"Boulder, CO",WK,"Furnish and install one set of internally illuminated, trim less channel letters reading ATM. Faces will be white acrylic with black returns and installed above the exterior ATM. Drivers will need to install behind that wall, and accessible. 120V service to the drivers to be provided and hooked up by licensed electrician. Reference design CC-J34634.",,Subcontracted,off hold 4/14/26,Survey needed,2025-12-26,2026-02-13,,2026-02-19,,,,GEMINI,20078,RECEIVED,WK,Sub-Installer,False,,0.0,0.0,164.0,,document - 2025-12-31T073706.289.pdf,Sub In Process,True,,,,,,
J34725,MERITRUST CREDIT UNION,CC,"Boulder, CO",WK,"Interior Logo for 5360 Arapahoe branch Furnish and install one set of 1/4"" thick, machine routed aluminum letters and logo with a black anodized. Letters to install pin mounted on interior east wall of lobby. Reference design CC-J34725. Ship product to: DaVinci Sign Systems 4496 Bents Drive - Unit A Windsor, CO 80550",,Subcontracted,Delivering 1/29 / https://www.ups.com/track?tracknum=1ZV6X8310320290725&loc=en_US&requester=ST/trackdetails,Survey needed,2026-01-12,2026-03-02,,2026-03-08,,,,GEMINI,19366,RECEIVED,WK,Sub-Installer,False,3296.92,0.0,0.0,147.0,,J34725 Meritrust Credit Union_FCO letters.pdf,Sub In Process,True,,,,,,
J34821,MERITRUST CREDIT UNION,CC,"Westminster, CO",WK,"New interior Meritrust inteior FCO logo Westminster Federal Blvd Furnish and install one interior set of machine routed, 1/4"" thick aluminum letters with a black anodized finish. New letters to be stud mounted to wall per design CC-J34821. Proposal is based on the existing logo removed and wall repaired/painted prior to new set being installed. Ship product to: DaVinci Sign Systems 4496 Bents Drive - Unit A Windsor, CO 80550",,Subcontracted,Delivering 1/30 / https://www.ups.com/track?tracknum=1ZW3761R0320642866&loc=en_US&requester=ST/trackdetails,Survey needed,2026-01-12,2026-03-02,,2026-03-08,,,,GEMINI,19368,RECEIVED,WK,Sub-Installer,False,3412.75,0.0,0.0,147.0,,J34821 Meritrust Credit Union_FCO logo.pdf,Sub In Process,True,,,,,,
J34824,MERITRUST CREDIT UNION,CC,"Westminster, CO",WK,"New exterior signs for Westminster Federal Blvd Remove and dispose of the existing wall signs from the south and west elevations, and dispose of off site. Furnish and install two new sets of internally illuminated channel letter signs for the south and west elevations, per design CC-J34824. Returns and trim cap to match face color, which will be translucent vinyl matching PMS 1797C Red, applied to white acrylic faces. Drivers to be located behind the walls and above drop ceiling. Permit to be secured and invoiced as a separate line item on final invoice. Ship product to: DaVinci Sign Systems 4496 Bents Drive - Unit A Windsor, CO 80550",,Subcontracted,,Survey needed,2026-01-12,2026-03-02,,2026-03-08,,,,AI Innovations,19651,RECEIVED,WK,Sub-Installer,False,27645.98,0.0,0.0,147.0,,J34824 Meritrust Credit Union_2 channel letter sets.pdf,Sub In Process,True,,,,,,
J34058,MERITRUST CREDIT UNION,CC,"Aravada, CO",WK,"Furnish and install tenant face in Arvada 52nd Ave Pylon Furnish and install new tenant panel graphic on existing multi-tenant pylon sign. New graphics to be translucent with weeded copy. Reference design CC-J34058. Ship to: DaVinci Sign Systems 4496 Bents Dr - Unit A Windsor, CO 80550",,Subcontracted,,Survey needed,2026-01-28,2026-03-18,2026-03-20,2026-03-24,,,,,,,WK,Sub-Installer,False,1357.88,,0.0,131.0,2026-03-05,J34058 Meritrust Credit Union_Tenant face.pdf,Sub In Process,True,Hutch,,,,,done
J34059,MERITRUST CREDIT UNION,CC,"Aravada, CO",WK,"Furnish and install 1/4"" FCO interior logo for Arvada 52nd Ave branchlogo Furnish and install one set of 1/4"" thick, routed aluminum letters that will stud mount flush to interior wall surface. Letters will have a black anodized finish. Reference design CC-J34059. NOTE: The SM will be eliminated and not installed. Ship product to: DaVinci Sign Systems 4496 Bents Drive - Unit A Windsor, CO 80550",,Subcontracted,Delivering 2/9 / Shipping to DaVinci https://www.ups.com/track?tracknum=1ZW3761R0320645265&loc=en_US&requester=ST/trackdetails,Survey needed,2026-01-28,2026-03-18,,2026-03-24,,,,GEMINI,19474,RECEIVED,WK,Sub-Installer,False,3640.42,0.0,0.0,131.0,,J34059 Meritrust Credit Union_FCO reading.pdf,Sub In Process,True,,,,,,
J34081,MERITRUST CREDIT UNION,CC,"Aravada, CO",WK,"Furnish and install various vinyl applications at Arvada 52nd branch Furnish and install three (3), interior ""M"" logo vinyl wall graphics onto three office walls. Logos to be white. Reference design CC-J34081. Note: Proposal does not include door hours, as those will be taken care of by separate vendor. Product to ship to: DaVinci Signs Systems 4496 Bents Drive - Unit A Windsor, CO 80550",,Subcontracted,shipping to DaVinci Signs,Survey needed,2026-01-28,2026-03-18,,2026-03-24,,,,GREGORY,19496,RECEIVED,WK,Sub-Installer,False,2987.73,0.0,0.0,131.0,,J34081 Meritrust Credit Union_Various vinyl applications.pdf,Sub In Process,True,,,,,,
J35525,MERITRUST CREDIT UNION,CC,"Estes Park, CO",WK,"New Interior logo for Estes Park Meritrust Furnish and install a new set of 1/4"" thick, routed aluminum letters, with a black anodized finish, to be installed on wood slat wall in lobby area. Letters to stud mount to wall. Reference design CC-J35525. Have product shipped to: DaVinci Sign Systems 4496 Bents Drive - Unit A Windsor, CO 80550",,Subcontracted,,Survey needed,2026-02-03,2026-03-24,,2026-03-30,,,,GEMINI,19511,RECEIVED,WK,Sub-Installer,False,3726.41,0.0,0.0,125.0,,J35525 Meritrust Credit Union_New interior logo.pdf,Sub In Process,True,,,,,,
J35526,MERITRUST CREDIT UNION,CC,"Estes Park, CO",WK,"Furnish new tenant panels in two monument signs in Estes Park Produce and install a total of three tenant faces for the two existing multi-tenant sign cabinets on the property. New faces will be 3/16"" white acrylic, decorated with translucent vinyl to match development standards. Copy to be weeded to expose white acrylic. Reference design CC-J35526. Permit - if required, will be secured and invoiced as separate line item on final billing. Have product shipped to: DaVinci Sign Systems 4496 Bents Drive - Unit A Windsor, CO 80550",,Subcontracted,,Survey needed,2026-02-03,2026-03-24,2026-03-27,2026-03-30,,,,,,,WK,Sub-Installer,False,2955.76,,0.0,125.0,2026-03-12,J35526 Meritrust Credit Union_New tenant panels.pdf,Sub In Process,True,Hutch,,,,,done
J35308,MERITRUST CREDIT UNION,CC,"Firestone, CO",WK,"New Directional sign for Firestone CO branch Remove the existing directional panel and post. Dispose of off site. Fabricate and install a new, post and panel directional sign with vinyl copy applied, based on design CC-J35308. New sign to be installed in same position as existing. Ship to DaVinci Sign Systems: 4496 Bents Dr - Unit A Windsor, CO 80550",,Subcontracted,,Survey needed,2026-02-13,2026-04-03,,2026-04-09,,,,,,,WK,Sub-Installer,False,3577.18,,0.0,115.0,,J35308 Meritrust Credit Union_Firestone Post and panel (1).pdf,Sub In Process,True,,,done,,done,done
J36151,THRIVE RESTAURANT GROUP - Carlos O'Kelley's,DW,"Cedar Falls, IA",WK,"Cedar Falls Sign Install Pick up (2) existing illuminated cabinets from Cedar Rapids location, clean up cabinets and reinstall at Cedar Falls location Customer responsible for getting electrical service to sign location. CONTACT: Tom Garland NESPER SIGN ADVERTISING, INC. 4620 J. St. SW Cedar Rapids, IA 52404-4928 (319) 366 - 5312",,Subcontracted,,Survey needed,2026-02-25,2026-04-15,,2026-04-21,,,,,,,Sub,Sub-Installer,False,4655.0,0.0,0.0,103.0,,"cedar falls scale.png, cabinet pic 2.JPG, cabinet pic 1.JPG",Sub In Process,True,,,,,,
J35708,MERITRUST CREDIT UNION,CC,"Westminster, CO",WK,"New 1/4"" FCO logo for Meritrust Westminster 120 Interior Furnish and install a new set of 1/4"" machine routed logo and letters for the interior teller wall. Reference design CC-J35708. Letters to stud mount flush to wall surface. Letters to have a black anodized finish. Proposal is based on having the existing letters removed, and wall repairs done, prior to install of new letters.",,Subcontracted,Delivered 3/16,Survey needed,2026-03-02,2026-04-20,,2026-04-26,,,,GEMINI,19685,RECEIVED,WK,Sub-Installer,False,4066.32,0.0,0.0,98.0,,J35708 Meritrust Credit Union_New FCOs.pdf,Sub In Process,True,,,,,,
J34057,MERITRUST CREDIT UNION,CC,"Arvada, CO",WK,"Furnish and install two sets of internally illum channel letters for Arvada 52nd Ave Remove the existing set of letters from the front and rear elevations and dispose of off-site. Furnish and install two new sets of internally illuminated, trim less channel letters, fabricated at a depth of 3"". White acrylic faces decorated with translucent vinyl to match PMS 1797C red. Returns to be painted black. LED drivers to mount remotely behind each wall. Proposal includes after hours labor rate for installation, per LL policy. Reference design CC-J34057. Permit to be secured and invoiced as a separate line item on final billing. Label Product for site location and ship to: DaVinci Sign Systems 4496 Bents Dr - Unit A Windsor, CO 80550",,Subcontracted,,Survey needed,2026-03-09,2026-04-27,,2026-05-03,,,,AI Innovations,19800,RECEIVED,WK,Sub-Installer,False,28609.78,0.0,0.0,91.0,,CC-J34057 Channel Letters Arvada 52nd Ave.pdf,Sub In Process,True,,,,,,
J34061,MERITRUST CREDIT UNION,CC,"Arvada, CO",WK,"Furnish and install illum ATM letters above exterior ATM in wall at Arvada 52nd branch Furnish and install a set of internally illuminated, face-lit, edge lit, channel letters reading ATM that will be placed on black wall above the exterior ATM machine. Reference design J34061. Returns to be black, with white acrylic faces. Note: Letters to be fabricated with trim less faces, per LL standards. LED driver will need to install behind the wall. 120V service to the driver by others. Label product for job site location and have sent to: DaVinci Sign Systems 4494 Bents Dr. - Unit A Windsor, CO 80550",,Subcontracted,,Survey needed,2026-03-09,2026-04-27,,2026-05-03,,,,GEMINI,19798,RECEIVED,WK,Sub-Installer,False,4935.39,0.0,0.0,91.0,,J34061 Meritrust Credit Union_ATM Trimless.pdf,Sub In Process,True,,,,,,
J36775,MORTON BUILDINGS,DW,"Onawa, IA",WK,Onawa Storm Damage Survey Survey sign from wind damage to determine repairs needed.,,Subcontracted,,Survey needed,2026-03-16,2026-05-04,,2026-05-10,,,,,,,WK,Sub-Installer,False,,0.0,0.0,84.0,,,Sub In Process,True,,,,,,
J36956,MORTON BUILDINGS,DW,"Decatur, TX",WK,Decatur TX Debrand Remove existing single face non-illuminated pan sign and ship back to Morton Corporate. Shipping cost not included in proposal. Will be billed on final invoice.,,Subcontracted,,Survey needed,2026-04-01,2026-05-20,,2026-05-26,,,,,,,Sub,Sub-Installer,False,3009.0,0.0,0.0,68.0,,,Sub In Process,True,,,,,,
J37602,FIRST NATIONAL BANK,AS,"Westcliffe, CO",WK,"Furnish and install (1) 4x8 single sided aluminum temporary site sign install at future home of First National Bank in Westcliffe Co. Sign to install on 2 unpainted 4x4 wood posts. Customer to pay all local sales tax direct to proper taxing authorities. Permit cost, if required, to be added to final invoice",,Subcontracted,Give to Megan,,2026-05-21,2026-07-09,,2026-07-15,,,,BSC,20264,ORDERED,Sub,Sub-Installer,False,4988.26,0.0,0.0,18.0,,CO) - SITE SIGN.pdf,In Process,True,,,,,,
